[09:06:30] === run_benchmark start ===
[09:06:30] models=3 languages=7 samples=200 repeats=5 warmup=1 resume=True overwrite=False
[09:06:30] -- experiment A_fixed_tokens --
[09:06:30]   granite4:350m-h × eng_Latn (200 samples)
[09:06:30]     s0000 -> 0 saved, 5 skipped (resume)
[09:06:30]     s0001 -> 0 saved, 5 skipped (resume)
[09:06:30]     s0002 -> 0 saved, 5 skipped (resume)
[09:06:30]     s0003 -> 0 saved, 5 skipped (resume)
[09:06:30]     s0004 -> 0 saved, 5 skipped (resume)
[09:06:30]     s0005 -> 0 saved, 5 skipped (resume)
[09:06:30]     s0006 -> 0 saved, 5 skipped (resume)
[09:06:30]     s0007 -> 0 saved, 5 skipped (resume)
[09:06:30]     s0008 -> 0 saved, 5 skipped (resume)
[09:06:30]     s0009 -> 0 saved, 5 skipped (resume)
[09:06:30]     s0010 -> 0 saved, 5 skipped (resume)
[09:06:30]     s0011 -> 0 saved, 5 skipped (resume)
[09:06:30]     s0012 -> 0 saved, 5 skipped (resume)
[09:06:30]     s0013 -> 0 saved, 5 skipped (resume)
[09:06:30]     s0014 -> 0 saved, 5 skipped (resume)
[09:06:30]     s0015 -> 0 saved, 5 skipped (resume)
[09:06:30]     s0016 -> 0 saved, 5 skipped (resume)
[09:06:30]     s0017 -> 0 saved, 5 skipped (resume)
[09:06:30]     s0018 -> 0 saved, 5 skipped (resume)
[09:06:30]     s0019 -> 0 saved, 5 skipped (resume)
[09:06:30]     s0020 -> 0 saved, 5 skipped (resume)
[09:06:30]     s0021 -> 0 saved, 5 skipped (resume)
[09:06:30]     s0022 -> 0 saved, 5 skipped (resume)
[09:06:30]     s0023 -> 0 saved, 5 skipped (resume)
[09:06:30]     s0024 -> 0 saved, 5 skipped (resume)
[09:06:30]     s0025 -> 0 saved, 5 skipped (resume)
[09:06:30]     s0026 -> 0 saved, 5 skipped (resume)
[09:06:30]     s0027 -> 0 saved, 5 skipped (resume)
[09:06:30]     s0028 -> 0 saved, 5 skipped (resume)
[09:06:30]     s0029 -> 0 saved, 5 skipped (resume)
[09:06:30]     s0030 -> 0 saved, 5 skipped (resume)
[09:06:30]     s0031 -> 0 saved, 5 skipped (resume)
[09:06:30]     s0032 -> 0 saved, 5 skipped (resume)
[09:06:30]     s0033 -> 0 saved, 5 skipped (resume)
[09:06:30]     s0034 -> 0 saved, 5 skipped (resume)
[09:06:30]     s0035 -> 0 saved, 5 skipped (resume)
[09:06:30]     s0036 -> 0 saved, 5 skipped (resume)
[09:06:30]     s0037 -> 0 saved, 5 skipped (resume)
[09:06:30]     s0038 -> 0 saved, 5 skipped (resume)
[09:06:30]     s0039 -> 0 saved, 5 skipped (resume)
[09:06:30]     s0040 -> 0 saved, 5 skipped (resume)
[09:06:30]     s0041 -> 0 saved, 5 skipped (resume)
[09:06:30]     s0042 -> 0 saved, 5 skipped (resume)
[09:06:30]     s0043 -> 0 saved, 5 skipped (resume)
[09:06:30]     s0044 -> 0 saved, 5 skipped (resume)
[09:06:30]     s0045 -> 0 saved, 5 skipped (resume)
[09:06:30]     s0046 -> 0 saved, 5 skipped (resume)
[09:06:30]     s0047 -> 0 saved, 5 skipped (resume)
[09:06:30]     s0048 -> 0 saved, 5 skipped (resume)
[09:06:30]     s0049 -> 0 saved, 5 skipped (resume)
[09:06:30]     s0050 -> 0 saved, 5 skipped (resume)
[09:06:30]     s0051 -> 0 saved, 5 skipped (resume)
[09:06:30]     s0052 -> 0 saved, 5 skipped (resume)
[09:06:30]     s0053 -> 0 saved, 5 skipped (resume)
[09:06:30]     s0054 -> 0 saved, 5 skipped (resume)
[09:06:30]     s0055 -> 0 saved, 5 skipped (resume)
[09:06:30]     s0056 -> 0 saved, 5 skipped (resume)
[09:06:30]     s0057 -> 0 saved, 5 skipped (resume)
[09:06:30]     s0058 -> 0 saved, 5 skipped (resume)
[09:06:30]     s0059 -> 0 saved, 5 skipped (resume)
[09:06:30]     s0060 -> 0 saved, 5 skipped (resume)
[09:06:30]     s0061 -> 0 saved, 5 skipped (resume)
[09:06:30]     s0062 -> 0 saved, 5 skipped (resume)
[09:06:30]     s0063 -> 0 saved, 5 skipped (resume)
[09:06:30]     s0064 -> 0 saved, 5 skipped (resume)
[09:06:30]     s0065 -> 0 saved, 5 skipped (resume)
[09:06:30]     s0066 -> 0 saved, 5 skipped (resume)
[09:06:30]     s0067 -> 0 saved, 5 skipped (resume)
[09:06:30]     s0068 -> 0 saved, 5 skipped (resume)
[09:06:30]     s0069 -> 0 saved, 5 skipped (resume)
[09:06:30]     s0070 -> 0 saved, 5 skipped (resume)
[09:06:30]     s0071 -> 0 saved, 5 skipped (resume)
[09:06:30]     s0072 -> 0 saved, 5 skipped (resume)
[09:06:30]     s0073 -> 0 saved, 5 skipped (resume)
[09:06:30]     s0074 -> 0 saved, 5 skipped (resume)
[09:06:30]     s0075 -> 0 saved, 5 skipped (resume)
[09:06:30]     s0076 -> 0 saved, 5 skipped (resume)
[09:06:30]     s0077 -> 0 saved, 5 skipped (resume)
[09:06:30]     s0078 -> 0 saved, 5 skipped (resume)
[09:06:30]     s0079 -> 0 saved, 5 skipped (resume)
[09:06:30]     s0080 -> 0 saved, 5 skipped (resume)
[09:06:30]     s0081 -> 0 saved, 5 skipped (resume)
[09:06:30]     s0082 -> 0 saved, 5 skipped (resume)
[09:06:30]     s0083 -> 0 saved, 5 skipped (resume)
[09:06:30]     s0084 -> 0 saved, 5 skipped (resume)
[09:06:30]     s0085 -> 0 saved, 5 skipped (resume)
[09:06:30]     s0086 -> 0 saved, 5 skipped (resume)
[09:06:30]     s0087 -> 0 saved, 5 skipped (resume)
[09:06:30]     s0088 -> 0 saved, 5 skipped (resume)
[09:06:30]     s0089 -> 0 saved, 5 skipped (resume)
[09:06:30]     s0090 -> 0 saved, 5 skipped (resume)
[09:06:30]     s0091 -> 0 saved, 5 skipped (resume)
[09:06:30]     s0092 -> 0 saved, 5 skipped (resume)
[09:06:30]     s0093 -> 0 saved, 5 skipped (resume)
[09:06:30]     s0094 -> 0 saved, 5 skipped (resume)
[09:06:30]     s0095 -> 0 saved, 5 skipped (resume)
[09:06:30]     s0096 -> 0 saved, 5 skipped (resume)
[09:06:30]     s0097 -> 0 saved, 5 skipped (resume)
[09:06:30]     s0098 -> 0 saved, 5 skipped (resume)
[09:06:30]     s0099 -> 0 saved, 5 skipped (resume)
[09:06:30]     s0100 -> 0 saved, 5 skipped (resume)
[09:06:30]     s0101 -> 0 saved, 5 skipped (resume)
[09:06:30]     s0102 -> 0 saved, 5 skipped (resume)
[09:06:30]     s0103 -> 0 saved, 5 skipped (resume)
[09:06:30]     s0104 -> 0 saved, 5 skipped (resume)
[09:06:30]     s0105 -> 0 saved, 5 skipped (resume)
[09:06:30]     s0106 -> 0 saved, 5 skipped (resume)
[09:06:30]     s0107 -> 0 saved, 5 skipped (resume)
[09:06:30]     s0108 -> 0 saved, 5 skipped (resume)
[09:06:30]     s0109 -> 0 saved, 5 skipped (resume)
[09:06:30]     s0110 -> 0 saved, 5 skipped (resume)
[09:06:30]     s0111 -> 0 saved, 5 skipped (resume)
[09:06:30]     s0112 -> 0 saved, 5 skipped (resume)
[09:06:30]     s0113 -> 0 saved, 5 skipped (resume)
[09:06:30]     s0114 -> 0 saved, 5 skipped (resume)
[09:06:30]     s0115 -> 0 saved, 5 skipped (resume)
[09:06:30]     s0116 -> 0 saved, 5 skipped (resume)
[09:06:30]     s0117 -> 0 saved, 5 skipped (resume)
[09:06:30]     s0118 -> 0 saved, 5 skipped (resume)
[09:06:30]     s0119 -> 0 saved, 5 skipped (resume)
[09:06:30]     s0120 -> 0 saved, 5 skipped (resume)
[09:06:30]     s0121 -> 0 saved, 5 skipped (resume)
[09:06:30]     s0122 -> 0 saved, 5 skipped (resume)
[09:06:30]     s0123 -> 0 saved, 5 skipped (resume)
[09:06:30]     s0124 -> 0 saved, 5 skipped (resume)
[09:06:30]     s0125 -> 0 saved, 5 skipped (resume)
[09:06:30]     s0126 -> 0 saved, 5 skipped (resume)
[09:06:30]     s0127 -> 0 saved, 5 skipped (resume)
[09:06:30]     s0128 -> 0 saved, 5 skipped (resume)
[09:06:30]     s0129 -> 0 saved, 5 skipped (resume)
[09:06:30]     s0130 -> 0 saved, 5 skipped (resume)
[09:06:30]     s0131 -> 0 saved, 5 skipped (resume)
[09:06:30]     s0132 -> 0 saved, 5 skipped (resume)
[09:06:30]     s0133 -> 0 saved, 5 skipped (resume)
[09:06:30]     s0134 -> 0 saved, 5 skipped (resume)
[09:06:30]     s0135 -> 0 saved, 5 skipped (resume)
[09:06:30]     s0136 -> 0 saved, 5 skipped (resume)
[09:06:30]     s0137 -> 0 saved, 5 skipped (resume)
[09:06:30]     s0138 -> 0 saved, 5 skipped (resume)
[09:06:30]     s0139 -> 0 saved, 5 skipped (resume)
[09:06:30]     s0140 -> 0 saved, 5 skipped (resume)
[09:06:30]     s0141 -> 0 saved, 5 skipped (resume)
[09:06:30]     s0142 -> 0 saved, 5 skipped (resume)
[09:06:30]     s0143 -> 0 saved, 5 skipped (resume)
[09:06:30]     s0144 -> 0 saved, 5 skipped (resume)
[09:06:30]     s0145 -> 0 saved, 5 skipped (resume)
[09:06:30]     s0146 -> 0 saved, 5 skipped (resume)
[09:06:30]     s0147 -> 0 saved, 5 skipped (resume)
[09:06:30]     s0148 -> 0 saved, 5 skipped (resume)
[09:06:30]     s0149 -> 0 saved, 5 skipped (resume)
[09:06:30]     s0150 -> 0 saved, 5 skipped (resume)
[09:06:30]     s0151 -> 0 saved, 5 skipped (resume)
[09:06:30]     s0152 -> 0 saved, 5 skipped (resume)
[09:06:30]     s0153 -> 0 saved, 5 skipped (resume)
[09:06:30]     s0154 -> 0 saved, 5 skipped (resume)
[09:06:30]     s0155 -> 0 saved, 5 skipped (resume)
[09:06:30]     s0156 -> 0 saved, 5 skipped (resume)
[09:06:30]     s0157 -> 0 saved, 5 skipped (resume)
[09:06:30]     s0158 -> 0 saved, 5 skipped (resume)
[09:06:30]     s0159 -> 0 saved, 5 skipped (resume)
[09:06:30]     s0160 -> 0 saved, 5 skipped (resume)
[09:06:30]     s0161 -> 0 saved, 5 skipped (resume)
[09:06:30]     s0162 -> 0 saved, 5 skipped (resume)
[09:06:30]     s0163 -> 0 saved, 5 skipped (resume)
[09:06:30]     s0164 -> 0 saved, 5 skipped (resume)
[09:06:30]     s0165 -> 0 saved, 5 skipped (resume)
[09:06:30]     s0166 -> 0 saved, 5 skipped (resume)
[09:06:30]     s0167 -> 0 saved, 5 skipped (resume)
[09:06:30]     s0168 -> 0 saved, 5 skipped (resume)
[09:06:30]     s0169 -> 0 saved, 5 skipped (resume)
[09:06:30]     s0170 -> 0 saved, 5 skipped (resume)
[09:06:30]     s0171 -> 0 saved, 5 skipped (resume)
[09:06:30]     s0172 -> 0 saved, 5 skipped (resume)
[09:06:30]     s0173 -> 0 saved, 5 skipped (resume)
[09:06:30]     s0174 -> 0 saved, 5 skipped (resume)
[09:06:30]     s0175 -> 0 saved, 5 skipped (resume)
[09:06:30]     s0176 -> 0 saved, 5 skipped (resume)
[09:06:30]     s0177 -> 0 saved, 5 skipped (resume)
[09:06:30]     s0178 -> 0 saved, 5 skipped (resume)
[09:06:30]     s0179 -> 0 saved, 5 skipped (resume)
[09:06:30]     s0180 -> 0 saved, 5 skipped (resume)
[09:06:30]     s0181 -> 0 saved, 5 skipped (resume)
[09:06:30]     s0182 -> 0 saved, 5 skipped (resume)
[09:06:30]     s0183 -> 0 saved, 5 skipped (resume)
[09:06:30]     s0184 -> 0 saved, 5 skipped (resume)
[09:06:30]     s0185 -> 0 saved, 5 skipped (resume)
[09:06:30]     s0186 -> 0 saved, 5 skipped (resume)
[09:06:30]     s0187 -> 0 saved, 5 skipped (resume)
[09:06:30]     s0188 -> 0 saved, 5 skipped (resume)
[09:06:30]     s0189 -> 0 saved, 5 skipped (resume)
[09:06:30]     s0190 -> 0 saved, 5 skipped (resume)
[09:06:30]     s0191 -> 0 saved, 5 skipped (resume)
[09:06:30]     s0192 -> 0 saved, 5 skipped (resume)
[09:06:30]     s0193 -> 0 saved, 5 skipped (resume)
[09:06:30]     s0194 -> 0 saved, 5 skipped (resume)
[09:06:30]     s0195 -> 0 saved, 5 skipped (resume)
[09:06:30]     s0196 -> 0 saved, 5 skipped (resume)
[09:06:30]     s0197 -> 0 saved, 5 skipped (resume)
[09:06:30]     s0198 -> 0 saved, 5 skipped (resume)
[09:06:30]     s0199 -> 0 saved, 5 skipped (resume)
[09:06:30]   granite4:350m-h × zho_Hans (200 samples)
[09:06:30]     s0000 -> 0 saved, 5 skipped (resume)
[09:06:30]     s0001 -> 0 saved, 5 skipped (resume)
[09:06:30]     s0002 -> 0 saved, 5 skipped (resume)
[09:06:30]     s0003 -> 0 saved, 5 skipped (resume)
[09:06:30]     s0004 -> 0 saved, 5 skipped (resume)
[09:06:30]     s0005 -> 0 saved, 5 skipped (resume)
[09:06:30]     s0006 -> 0 saved, 5 skipped (resume)
[09:06:30]     s0007 -> 0 saved, 5 skipped (resume)
[09:06:30]     s0008 -> 0 saved, 5 skipped (resume)
[09:06:30]     s0009 -> 0 saved, 5 skipped (resume)
[09:06:30]     s0010 -> 0 saved, 5 skipped (resume)
[09:06:30]     s0011 -> 0 saved, 5 skipped (resume)
[09:06:30]     s0012 -> 0 saved, 5 skipped (resume)
[09:06:30]     s0013 -> 0 saved, 5 skipped (resume)
[09:06:30]     s0014 -> 0 saved, 5 skipped (resume)
[09:06:30]     s0015 -> 0 saved, 5 skipped (resume)
[09:06:30]     s0016 -> 0 saved, 5 skipped (resume)
[09:06:30]     s0017 -> 0 saved, 5 skipped (resume)
[09:06:30]     s0018 -> 0 saved, 5 skipped (resume)
[09:06:30]     s0019 -> 0 saved, 5 skipped (resume)
[09:06:30]     s0020 -> 0 saved, 5 skipped (resume)
[09:06:30]     s0021 -> 0 saved, 5 skipped (resume)
[09:06:30]     s0022 -> 0 saved, 5 skipped (resume)
[09:06:30]     s0023 -> 0 saved, 5 skipped (resume)
[09:06:30]     s0024 -> 0 saved, 5 skipped (resume)
[09:06:30]     s0025 -> 0 saved, 5 skipped (resume)
[09:06:30]     s0026 -> 0 saved, 5 skipped (resume)
[09:06:30]     s0027 -> 0 saved, 5 skipped (resume)
[09:06:30]     s0028 -> 0 saved, 5 skipped (resume)
[09:06:30]     s0029 -> 0 saved, 5 skipped (resume)
[09:06:30]     s0030 -> 0 saved, 5 skipped (resume)
[09:06:30]     s0031 -> 0 saved, 5 skipped (resume)
[09:06:30]     s0032 -> 0 saved, 5 skipped (resume)
[09:06:30]     s0033 -> 0 saved, 5 skipped (resume)
[09:06:30]     s0034 -> 0 saved, 5 skipped (resume)
[09:06:30]     s0035 -> 0 saved, 5 skipped (resume)
[09:06:30]     s0036 -> 0 saved, 5 skipped (resume)
[09:06:30]     s0037 -> 0 saved, 5 skipped (resume)
[09:06:30]     s0038 -> 0 saved, 5 skipped (resume)
[09:06:30]     s0039 -> 0 saved, 5 skipped (resume)
[09:06:30]     s0040 -> 0 saved, 5 skipped (resume)
[09:06:30]     s0041 -> 0 saved, 5 skipped (resume)
[09:06:30]     s0042 -> 0 saved, 5 skipped (resume)
[09:06:30]     s0043 -> 0 saved, 5 skipped (resume)
[09:06:30]     s0044 -> 0 saved, 5 skipped (resume)
[09:06:30]     s0045 -> 0 saved, 5 skipped (resume)
[09:06:30]     s0046 -> 0 saved, 5 skipped (resume)
[09:06:30]     s0047 -> 0 saved, 5 skipped (resume)
[09:06:30]     s0048 -> 0 saved, 5 skipped (resume)
[09:06:30]     s0049 -> 0 saved, 5 skipped (resume)
[09:06:30]     s0050 -> 0 saved, 5 skipped (resume)
[09:06:30]     s0051 -> 0 saved, 5 skipped (resume)
[09:06:30]     s0052 -> 0 saved, 5 skipped (resume)
[09:06:30]     s0053 -> 0 saved, 5 skipped (resume)
[09:06:30]     s0054 -> 0 saved, 5 skipped (resume)
[09:06:30]     s0055 -> 0 saved, 5 skipped (resume)
[09:06:30]     s0056 -> 0 saved, 5 skipped (resume)
[09:06:30]     s0057 -> 0 saved, 5 skipped (resume)
[09:06:30]     s0058 -> 0 saved, 5 skipped (resume)
[09:06:30]     s0059 -> 0 saved, 5 skipped (resume)
[09:06:30]     s0060 -> 0 saved, 5 skipped (resume)
[09:06:30]     s0061 -> 0 saved, 5 skipped (resume)
[09:06:30]     s0062 -> 0 saved, 5 skipped (resume)
[09:06:30]     s0063 -> 0 saved, 5 skipped (resume)
[09:06:30]     s0064 -> 0 saved, 5 skipped (resume)
[09:06:30]     s0065 -> 0 saved, 5 skipped (resume)
[09:06:30]     s0066 -> 0 saved, 5 skipped (resume)
[09:06:30]     s0067 -> 0 saved, 5 skipped (resume)
[09:06:30]     s0068 -> 0 saved, 5 skipped (resume)
[09:06:30]     s0069 -> 0 saved, 5 skipped (resume)
[09:06:30]     s0070 -> 0 saved, 5 skipped (resume)
[09:06:30]     s0071 -> 0 saved, 5 skipped (resume)
[09:06:30]     s0072 -> 0 saved, 5 skipped (resume)
[09:06:30]     s0073 -> 0 saved, 5 skipped (resume)
[09:06:30]     s0074 -> 0 saved, 5 skipped (resume)
[09:06:30]     s0075 -> 0 saved, 5 skipped (resume)
[09:06:30]     s0076 -> 0 saved, 5 skipped (resume)
[09:06:30]     s0077 -> 0 saved, 5 skipped (resume)
[09:06:30]     s0078 -> 0 saved, 5 skipped (resume)
[09:06:30]     s0079 -> 0 saved, 5 skipped (resume)
[09:06:30]     s0080 -> 0 saved, 5 skipped (resume)
[09:06:30]     s0081 -> 0 saved, 5 skipped (resume)
[09:06:30]     s0082 -> 0 saved, 5 skipped (resume)
[09:06:30]     s0083 -> 0 saved, 5 skipped (resume)
[09:06:30]     s0084 -> 0 saved, 5 skipped (resume)
[09:06:30]     s0085 -> 0 saved, 5 skipped (resume)
[09:06:30]     s0086 -> 0 saved, 5 skipped (resume)
[09:06:30]     s0087 -> 0 saved, 5 skipped (resume)
[09:06:30]     s0088 -> 0 saved, 5 skipped (resume)
[09:06:30]     s0089 -> 0 saved, 5 skipped (resume)
[09:06:30]     s0090 -> 0 saved, 5 skipped (resume)
[09:06:30]     s0091 -> 0 saved, 5 skipped (resume)
[09:06:30]     s0092 -> 0 saved, 5 skipped (resume)
[09:06:30]     s0093 -> 0 saved, 5 skipped (resume)
[09:06:30]     s0094 -> 0 saved, 5 skipped (resume)
[09:06:30]     s0095 -> 0 saved, 5 skipped (resume)
[09:06:30]     s0096 -> 0 saved, 5 skipped (resume)
[09:06:30]     s0097 -> 0 saved, 5 skipped (resume)
[09:06:30]     s0098 -> 0 saved, 5 skipped (resume)
[09:06:30]     s0099 -> 0 saved, 5 skipped (resume)
[09:06:30]     s0100 -> 0 saved, 5 skipped (resume)
[09:06:30]     s0101 -> 0 saved, 5 skipped (resume)
[09:06:30]     s0102 -> 0 saved, 5 skipped (resume)
[09:06:30]     s0103 -> 0 saved, 5 skipped (resume)
[09:06:30]     s0104 -> 0 saved, 5 skipped (resume)
[09:06:30]     s0105 -> 0 saved, 5 skipped (resume)
[09:06:30]     s0106 -> 0 saved, 5 skipped (resume)
[09:06:30]     s0107 -> 0 saved, 5 skipped (resume)
[09:06:30]     s0108 -> 0 saved, 5 skipped (resume)
[09:06:30]     s0109 -> 0 saved, 5 skipped (resume)
[09:06:30]     s0110 -> 0 saved, 5 skipped (resume)
[09:06:30]     s0111 -> 0 saved, 5 skipped (resume)
[09:06:30]     s0112 -> 0 saved, 5 skipped (resume)
[09:06:30]     s0113 -> 0 saved, 5 skipped (resume)
[09:06:30]     s0114 -> 0 saved, 5 skipped (resume)
[09:06:30]     s0115 -> 0 saved, 5 skipped (resume)
[09:06:30]     s0116 -> 0 saved, 5 skipped (resume)
[09:06:30]     s0117 -> 0 saved, 5 skipped (resume)
[09:06:30]     s0118 -> 0 saved, 5 skipped (resume)
[09:06:30]     s0119 -> 0 saved, 5 skipped (resume)
[09:06:30]     s0120 -> 0 saved, 5 skipped (resume)
[09:06:30]     s0121 -> 0 saved, 5 skipped (resume)
[09:06:30]     s0122 -> 0 saved, 5 skipped (resume)
[09:06:30]     s0123 -> 0 saved, 5 skipped (resume)
[09:06:30]     s0124 -> 0 saved, 5 skipped (resume)
[09:06:30]     s0125 -> 0 saved, 5 skipped (resume)
[09:06:30]     s0126 -> 0 saved, 5 skipped (resume)
[09:06:30]     s0127 -> 0 saved, 5 skipped (resume)
[09:06:30]     s0128 -> 0 saved, 5 skipped (resume)
[09:06:30]     s0129 -> 0 saved, 5 skipped (resume)
[09:06:30]     s0130 -> 0 saved, 5 skipped (resume)
[09:06:30]     s0131 -> 0 saved, 5 skipped (resume)
[09:06:30]     s0132 -> 0 saved, 5 skipped (resume)
[09:06:30]     s0133 -> 0 saved, 5 skipped (resume)
[09:06:30]     s0134 -> 0 saved, 5 skipped (resume)
[09:06:30]     s0135 -> 0 saved, 5 skipped (resume)
[09:06:30]     s0136 -> 0 saved, 5 skipped (resume)
[09:06:30]     s0137 -> 0 saved, 5 skipped (resume)
[09:06:30]     s0138 -> 0 saved, 5 skipped (resume)
[09:06:30]     s0139 -> 0 saved, 5 skipped (resume)
[09:06:30]     s0140 -> 0 saved, 5 skipped (resume)
[09:06:30]     s0141 -> 0 saved, 5 skipped (resume)
[09:06:30]     s0142 -> 0 saved, 5 skipped (resume)
[09:06:30]     s0143 -> 0 saved, 5 skipped (resume)
[09:06:30]     s0144 -> 0 saved, 5 skipped (resume)
[09:06:30]     s0145 -> 0 saved, 5 skipped (resume)
[09:06:30]     s0146 -> 0 saved, 5 skipped (resume)
[09:06:30]     s0147 -> 0 saved, 5 skipped (resume)
[09:06:30]     s0148 -> 0 saved, 5 skipped (resume)
[09:06:30]     s0149 -> 0 saved, 5 skipped (resume)
[09:06:30]     s0150 -> 0 saved, 5 skipped (resume)
[09:06:30]     s0151 -> 0 saved, 5 skipped (resume)
[09:06:30]     s0152 -> 0 saved, 5 skipped (resume)
[09:06:30]     s0153 -> 0 saved, 5 skipped (resume)
[09:06:30]     s0154 -> 0 saved, 5 skipped (resume)
[09:06:30]     s0155 -> 0 saved, 5 skipped (resume)
[09:06:30]     s0156 -> 0 saved, 5 skipped (resume)
[09:06:30]     s0157 -> 0 saved, 5 skipped (resume)
[09:06:30]     s0158 -> 0 saved, 5 skipped (resume)
[09:06:30]     s0159 -> 0 saved, 5 skipped (resume)
[09:06:30]     s0160 -> 0 saved, 5 skipped (resume)
[09:06:30]     s0161 -> 0 saved, 5 skipped (resume)
[09:06:30]     s0162 -> 0 saved, 5 skipped (resume)
[09:06:30]     s0163 -> 0 saved, 5 skipped (resume)
[09:06:30]     s0164 -> 0 saved, 5 skipped (resume)
[09:06:30]     s0165 -> 0 saved, 5 skipped (resume)
[09:06:30]     s0166 -> 0 saved, 5 skipped (resume)
[09:06:30]     s0167 -> 0 saved, 5 skipped (resume)
[09:06:30]     s0168 -> 0 saved, 5 skipped (resume)
[09:06:30]     s0169 -> 0 saved, 5 skipped (resume)
[09:06:30]     s0170 -> 0 saved, 5 skipped (resume)
[09:06:30]     s0171 -> 0 saved, 5 skipped (resume)
[09:06:30]     s0172 -> 0 saved, 5 skipped (resume)
[09:06:30]     s0173 -> 0 saved, 5 skipped (resume)
[09:06:30]     s0174 -> 0 saved, 5 skipped (resume)
[09:06:30]     s0175 -> 0 saved, 5 skipped (resume)
[09:06:30]     s0176 -> 0 saved, 5 skipped (resume)
[09:06:30]     s0177 -> 0 saved, 5 skipped (resume)
[09:06:30]     s0178 -> 0 saved, 5 skipped (resume)
[09:06:30]     s0179 -> 0 saved, 5 skipped (resume)
[09:06:30]     s0180 -> 0 saved, 5 skipped (resume)
[09:06:30]     s0181 -> 0 saved, 5 skipped (resume)
[09:06:30]     s0182 -> 0 saved, 5 skipped (resume)
[09:06:30]     s0183 -> 0 saved, 5 skipped (resume)
[09:06:30]     s0184 -> 0 saved, 5 skipped (resume)
[09:06:30]     s0185 -> 0 saved, 5 skipped (resume)
[09:06:30]     s0186 -> 0 saved, 5 skipped (resume)
[09:06:30]     s0187 -> 0 saved, 5 skipped (resume)
[09:06:30]     s0188 -> 0 saved, 5 skipped (resume)
[09:06:30]     s0189 -> 0 saved, 5 skipped (resume)
[09:06:30]     s0190 -> 0 saved, 5 skipped (resume)
[09:06:30]     s0191 -> 0 saved, 5 skipped (resume)
[09:06:30]     s0192 -> 0 saved, 5 skipped (resume)
[09:06:30]     s0193 -> 0 saved, 5 skipped (resume)
[09:06:30]     s0194 -> 0 saved, 5 skipped (resume)
[09:06:30]     s0195 -> 0 saved, 5 skipped (resume)
[09:06:30]     s0196 -> 0 saved, 5 skipped (resume)
[09:06:30]     s0197 -> 0 saved, 5 skipped (resume)
[09:06:30]     s0198 -> 0 saved, 5 skipped (resume)
[09:06:30]     s0199 -> 0 saved, 5 skipped (resume)
[09:06:30]   granite4:350m-h × jpn_Jpan (200 samples)
[09:06:30]     s0000 -> 0 saved, 5 skipped (resume)
[09:06:30]     s0001 -> 0 saved, 5 skipped (resume)
[09:06:30]     s0002 -> 0 saved, 5 skipped (resume)
[09:06:30]     s0003 -> 0 saved, 5 skipped (resume)
[09:06:30]     s0004 -> 0 saved, 5 skipped (resume)
[09:06:30]     s0005 -> 0 saved, 5 skipped (resume)
[09:06:30]     s0006 -> 0 saved, 5 skipped (resume)
[09:06:30]     s0007 -> 0 saved, 5 skipped (resume)
[09:06:30]     s0008 -> 0 saved, 5 skipped (resume)
[09:06:30]     s0009 -> 0 saved, 5 skipped (resume)
[09:06:30]     s0010 -> 0 saved, 5 skipped (resume)
[09:06:30]     s0011 -> 0 saved, 5 skipped (resume)
[09:06:30]     s0012 -> 0 saved, 5 skipped (resume)
[09:06:30]     s0013 -> 0 saved, 5 skipped (resume)
[09:06:30]     s0014 -> 0 saved, 5 skipped (resume)
[09:06:30]     s0015 -> 0 saved, 5 skipped (resume)
[09:06:30]     s0016 -> 0 saved, 5 skipped (resume)
[09:06:30]     s0017 -> 0 saved, 5 skipped (resume)
[09:06:30]     s0018 -> 0 saved, 5 skipped (resume)
[09:06:30]     s0019 -> 0 saved, 5 skipped (resume)
[09:06:30]     s0020 -> 0 saved, 5 skipped (resume)
[09:06:30]     s0021 -> 0 saved, 5 skipped (resume)
[09:06:30]     s0022 -> 0 saved, 5 skipped (resume)
[09:06:30]     s0023 -> 0 saved, 5 skipped (resume)
[09:06:30]     s0024 -> 0 saved, 5 skipped (resume)
[09:06:30]     s0025 -> 0 saved, 5 skipped (resume)
[09:06:30]     s0026 -> 0 saved, 5 skipped (resume)
[09:06:30]     s0027 -> 0 saved, 5 skipped (resume)
[09:06:30]     s0028 -> 0 saved, 5 skipped (resume)
[09:06:30]     s0029 -> 0 saved, 5 skipped (resume)
[09:06:30]     s0030 -> 0 saved, 5 skipped (resume)
[09:06:30]     s0031 -> 0 saved, 5 skipped (resume)
[09:06:30]     s0032 -> 0 saved, 5 skipped (resume)
[09:06:30]     s0033 -> 0 saved, 5 skipped (resume)
[09:06:30]     s0034 -> 0 saved, 5 skipped (resume)
[09:06:30]     s0035 -> 0 saved, 5 skipped (resume)
[09:06:30]     s0036 -> 0 saved, 5 skipped (resume)
[09:06:30]     s0037 -> 0 saved, 5 skipped (resume)
[09:06:30]     s0038 -> 0 saved, 5 skipped (resume)
[09:06:30]     s0039 -> 0 saved, 5 skipped (resume)
[09:06:30]     s0040 -> 0 saved, 5 skipped (resume)
[09:06:30]     s0041 -> 0 saved, 5 skipped (resume)
[09:06:30]     s0042 -> 0 saved, 5 skipped (resume)
[09:06:30]     s0043 -> 0 saved, 5 skipped (resume)
[09:06:30]     s0044 -> 0 saved, 5 skipped (resume)
[09:06:30]     s0045 -> 0 saved, 5 skipped (resume)
[09:06:30]     s0046 -> 0 saved, 5 skipped (resume)
[09:06:30]     s0047 -> 0 saved, 5 skipped (resume)
[09:06:30]     s0048 -> 0 saved, 5 skipped (resume)
[09:06:30]     s0049 -> 0 saved, 5 skipped (resume)
[09:06:30]     s0050 -> 0 saved, 5 skipped (resume)
[09:06:30]     s0051 -> 0 saved, 5 skipped (resume)
[09:06:30]     s0052 -> 0 saved, 5 skipped (resume)
[09:06:30]     s0053 -> 0 saved, 5 skipped (resume)
[09:06:30]     s0054 -> 0 saved, 5 skipped (resume)
[09:06:30]     s0055 -> 0 saved, 5 skipped (resume)
[09:06:30]     s0056 -> 0 saved, 5 skipped (resume)
[09:06:30]     s0057 -> 0 saved, 5 skipped (resume)
[09:06:30]     s0058 -> 0 saved, 5 skipped (resume)
[09:06:30]     s0059 -> 0 saved, 5 skipped (resume)
[09:06:30]     s0060 -> 0 saved, 5 skipped (resume)
[09:06:30]     s0061 -> 0 saved, 5 skipped (resume)
[09:06:30]     s0062 -> 0 saved, 5 skipped (resume)
[09:06:30]     s0063 -> 0 saved, 5 skipped (resume)
[09:06:30]     s0064 -> 0 saved, 5 skipped (resume)
[09:06:30]     s0065 -> 0 saved, 5 skipped (resume)
[09:06:30]     s0066 -> 0 saved, 5 skipped (resume)
[09:06:30]     s0067 -> 0 saved, 5 skipped (resume)
[09:06:30]     s0068 -> 0 saved, 5 skipped (resume)
[09:06:30]     s0069 -> 0 saved, 5 skipped (resume)
[09:06:30]     s0070 -> 0 saved, 5 skipped (resume)
[09:06:30]     s0071 -> 0 saved, 5 skipped (resume)
[09:06:30]     s0072 -> 0 saved, 5 skipped (resume)
[09:06:30]     s0073 -> 0 saved, 5 skipped (resume)
[09:06:30]     s0074 -> 0 saved, 5 skipped (resume)
[09:06:30]     s0075 -> 0 saved, 5 skipped (resume)
[09:06:30]     s0076 -> 0 saved, 5 skipped (resume)
[09:06:30]     s0077 -> 0 saved, 5 skipped (resume)
[09:06:30]     s0078 -> 0 saved, 5 skipped (resume)
[09:06:30]     s0079 -> 0 saved, 5 skipped (resume)
[09:06:30]     s0080 -> 0 saved, 5 skipped (resume)
[09:06:30]     s0081 -> 0 saved, 5 skipped (resume)
[09:06:30]     s0082 -> 0 saved, 5 skipped (resume)
[09:06:30]     s0083 -> 0 saved, 5 skipped (resume)
[09:06:30]     s0084 -> 0 saved, 5 skipped (resume)
[09:06:30]     s0085 -> 0 saved, 5 skipped (resume)
[09:06:30]     s0086 -> 0 saved, 5 skipped (resume)
[09:06:30]     s0087 -> 0 saved, 5 skipped (resume)
[09:06:30]     s0088 -> 0 saved, 5 skipped (resume)
[09:06:30]     s0089 -> 0 saved, 5 skipped (resume)
[09:06:30]     s0090 -> 0 saved, 5 skipped (resume)
[09:06:30]     s0091 -> 0 saved, 5 skipped (resume)
[09:06:30]     s0092 -> 0 saved, 5 skipped (resume)
[09:06:30]     s0093 -> 0 saved, 5 skipped (resume)
[09:06:30]     s0094 -> 0 saved, 5 skipped (resume)
[09:06:30]     s0095 -> 0 saved, 5 skipped (resume)
[09:06:30]     s0096 -> 0 saved, 5 skipped (resume)
[09:06:30]     s0097 -> 0 saved, 5 skipped (resume)
[09:06:30]     s0098 -> 0 saved, 5 skipped (resume)
[09:06:30]     s0099 -> 0 saved, 5 skipped (resume)
[09:06:30]     s0100 -> 0 saved, 5 skipped (resume)
[09:06:30]     s0101 -> 0 saved, 5 skipped (resume)
[09:06:30]     s0102 -> 0 saved, 5 skipped (resume)
[09:06:30]     s0103 -> 0 saved, 5 skipped (resume)
[09:06:30]     s0104 -> 0 saved, 5 skipped (resume)
[09:06:30]     s0105 -> 0 saved, 5 skipped (resume)
[09:06:30]     s0106 -> 0 saved, 5 skipped (resume)
[09:06:30]     s0107 -> 0 saved, 5 skipped (resume)
[09:06:30]     s0108 -> 0 saved, 5 skipped (resume)
[09:06:30]     s0109 -> 0 saved, 5 skipped (resume)
[09:06:30]     s0110 -> 0 saved, 5 skipped (resume)
[09:06:30]     s0111 -> 0 saved, 5 skipped (resume)
[09:06:30]     s0112 -> 0 saved, 5 skipped (resume)
[09:06:30]     s0113 -> 0 saved, 5 skipped (resume)
[09:06:30]     s0114 -> 0 saved, 5 skipped (resume)
[09:06:30]     s0115 -> 0 saved, 5 skipped (resume)
[09:06:30]     s0116 -> 0 saved, 5 skipped (resume)
[09:06:30]     s0117 -> 0 saved, 5 skipped (resume)
[09:06:30]     s0118 -> 0 saved, 5 skipped (resume)
[09:06:30]     s0119 -> 0 saved, 5 skipped (resume)
[09:06:30]     s0120 -> 0 saved, 5 skipped (resume)
[09:06:30]     s0121 -> 0 saved, 5 skipped (resume)
[09:06:30]     s0122 -> 0 saved, 5 skipped (resume)
[09:06:30]     s0123 -> 0 saved, 5 skipped (resume)
[09:06:30]     s0124 -> 0 saved, 5 skipped (resume)
[09:06:30]     s0125 -> 0 saved, 5 skipped (resume)
[09:06:30]     s0126 -> 0 saved, 5 skipped (resume)
[09:06:30]     s0127 -> 0 saved, 5 skipped (resume)
[09:06:30]     s0128 -> 0 saved, 5 skipped (resume)
[09:06:30]     s0129 -> 0 saved, 5 skipped (resume)
[09:06:30]     s0130 -> 0 saved, 5 skipped (resume)
[09:06:30]     s0131 -> 0 saved, 5 skipped (resume)
[09:06:30]     s0132 -> 0 saved, 5 skipped (resume)
[09:06:30]     s0133 -> 0 saved, 5 skipped (resume)
[09:06:30]     s0134 -> 0 saved, 5 skipped (resume)
[09:06:30]     s0135 -> 0 saved, 5 skipped (resume)
[09:06:30]     s0136 -> 0 saved, 5 skipped (resume)
[09:06:30]     s0137 -> 0 saved, 5 skipped (resume)
[09:06:30]     s0138 -> 0 saved, 5 skipped (resume)
[09:06:30]     s0139 -> 0 saved, 5 skipped (resume)
[09:06:30]     s0140 -> 0 saved, 5 skipped (resume)
[09:06:30]     s0141 -> 0 saved, 5 skipped (resume)
[09:06:30]     s0142 -> 0 saved, 5 skipped (resume)
[09:06:30]     s0143 -> 0 saved, 5 skipped (resume)
[09:06:30]     s0144 -> 0 saved, 5 skipped (resume)
[09:06:30]     s0145 -> 0 saved, 5 skipped (resume)
[09:06:30]     s0146 -> 0 saved, 5 skipped (resume)
[09:06:30]     s0147 -> 0 saved, 5 skipped (resume)
[09:06:30]     s0148 -> 0 saved, 5 skipped (resume)
[09:06:30]     s0149 -> 0 saved, 5 skipped (resume)
[09:06:30]     s0150 -> 0 saved, 5 skipped (resume)
[09:06:30]     s0151 -> 0 saved, 5 skipped (resume)
[09:06:30]     s0152 -> 0 saved, 5 skipped (resume)
[09:06:30]     s0153 -> 0 saved, 5 skipped (resume)
[09:06:30]     s0154 -> 0 saved, 5 skipped (resume)
[09:06:30]     s0155 -> 0 saved, 5 skipped (resume)
[09:06:30]     s0156 -> 0 saved, 5 skipped (resume)
[09:06:30]     s0157 -> 0 saved, 5 skipped (resume)
[09:06:30]     s0158 -> 0 saved, 5 skipped (resume)
[09:06:30]     s0159 -> 0 saved, 5 skipped (resume)
[09:06:30]     s0160 -> 0 saved, 5 skipped (resume)
[09:06:30]     s0161 -> 0 saved, 5 skipped (resume)
[09:06:30]     s0162 -> 0 saved, 5 skipped (resume)
[09:06:30]     s0163 -> 0 saved, 5 skipped (resume)
[09:06:30]     s0164 -> 0 saved, 5 skipped (resume)
[09:06:30]     s0165 -> 0 saved, 5 skipped (resume)
[09:06:30]     s0166 -> 0 saved, 5 skipped (resume)
[09:06:30]     s0167 -> 0 saved, 5 skipped (resume)
[09:06:30]     s0168 -> 0 saved, 5 skipped (resume)
[09:06:30]     s0169 -> 0 saved, 5 skipped (resume)
[09:06:30]     s0170 -> 0 saved, 5 skipped (resume)
[09:06:30]     s0171 -> 0 saved, 5 skipped (resume)
[09:06:30]     s0172 -> 0 saved, 5 skipped (resume)
[09:06:30]     s0173 -> 0 saved, 5 skipped (resume)
[09:06:30]     s0174 -> 0 saved, 5 skipped (resume)
[09:06:30]     s0175 -> 0 saved, 5 skipped (resume)
[09:06:30]     s0176 -> 0 saved, 5 skipped (resume)
[09:06:30]     s0177 -> 0 saved, 5 skipped (resume)
[09:06:30]     s0178 -> 0 saved, 5 skipped (resume)
[09:06:30]     s0179 -> 0 saved, 5 skipped (resume)
[09:06:30]     s0180 -> 0 saved, 5 skipped (resume)
[09:06:30]     s0181 -> 0 saved, 5 skipped (resume)
[09:06:30]     s0182 -> 0 saved, 5 skipped (resume)
[09:06:30]     s0183 -> 0 saved, 5 skipped (resume)
[09:06:30]     s0184 -> 0 saved, 5 skipped (resume)
[09:06:30]     s0185 -> 0 saved, 5 skipped (resume)
[09:06:30]     s0186 -> 0 saved, 5 skipped (resume)
[09:06:30]     s0187 -> 0 saved, 5 skipped (resume)
[09:06:30]     s0188 -> 0 saved, 5 skipped (resume)
[09:06:30]     s0189 -> 0 saved, 5 skipped (resume)
[09:06:30]     s0190 -> 0 saved, 5 skipped (resume)
[09:06:30]     s0191 -> 0 saved, 5 skipped (resume)
[09:06:30]     s0192 -> 0 saved, 5 skipped (resume)
[09:06:30]     s0193 -> 0 saved, 5 skipped (resume)
[09:06:30]     s0194 -> 0 saved, 5 skipped (resume)
[09:06:30]     s0195 -> 0 saved, 5 skipped (resume)
[09:06:30]     s0196 -> 0 saved, 5 skipped (resume)
[09:06:30]     s0197 -> 0 saved, 5 skipped (resume)
[09:06:30]     s0198 -> 0 saved, 5 skipped (resume)
[09:06:30]     s0199 -> 0 saved, 5 skipped (resume)
[09:06:30]   granite4:350m-h × kor_Hang (200 samples)
[09:06:30]     s0000 -> 0 saved, 5 skipped (resume)
[09:06:30]     s0001 -> 0 saved, 5 skipped (resume)
[09:06:30]     s0002 -> 0 saved, 5 skipped (resume)
[09:06:30]     s0003 -> 0 saved, 5 skipped (resume)
[09:06:30]     s0004 -> 0 saved, 5 skipped (resume)
[09:06:30]     s0005 -> 0 saved, 5 skipped (resume)
[09:06:30]     s0006 -> 0 saved, 5 skipped (resume)
[09:06:30]     s0007 -> 0 saved, 5 skipped (resume)
[09:06:30]     s0008 -> 0 saved, 5 skipped (resume)
[09:06:30]     s0009 -> 0 saved, 5 skipped (resume)
[09:06:30]     s0010 -> 0 saved, 5 skipped (resume)
[09:06:30]     s0011 -> 0 saved, 5 skipped (resume)
[09:06:30]     s0012 -> 0 saved, 5 skipped (resume)
[09:06:30]     s0013 -> 0 saved, 5 skipped (resume)
[09:06:30]     s0014 -> 0 saved, 5 skipped (resume)
[09:06:30]     s0015 -> 0 saved, 5 skipped (resume)
[09:06:30]     s0016 -> 0 saved, 5 skipped (resume)
[09:06:30]     s0017 -> 0 saved, 5 skipped (resume)
[09:06:30]     s0018 -> 0 saved, 5 skipped (resume)
[09:06:30]     s0019 -> 0 saved, 5 skipped (resume)
[09:06:30]     s0020 -> 0 saved, 5 skipped (resume)
[09:06:30]     s0021 -> 0 saved, 5 skipped (resume)
[09:06:30]     s0022 -> 0 saved, 5 skipped (resume)
[09:06:30]     s0023 -> 0 saved, 5 skipped (resume)
[09:06:30]     s0024 -> 0 saved, 5 skipped (resume)
[09:06:30]     s0025 -> 0 saved, 5 skipped (resume)
[09:06:30]     s0026 -> 0 saved, 5 skipped (resume)
[09:06:30]     s0027 -> 0 saved, 5 skipped (resume)
[09:06:30]     s0028 -> 0 saved, 5 skipped (resume)
[09:06:30]     s0029 -> 0 saved, 5 skipped (resume)
[09:06:30]     s0030 -> 0 saved, 5 skipped (resume)
[09:06:30]     s0031 -> 0 saved, 5 skipped (resume)
[09:06:30]     s0032 -> 0 saved, 5 skipped (resume)
[09:06:30]     s0033 -> 0 saved, 5 skipped (resume)
[09:06:30]     s0034 -> 0 saved, 5 skipped (resume)
[09:06:30]     s0035 -> 0 saved, 5 skipped (resume)
[09:06:30]     s0036 -> 0 saved, 5 skipped (resume)
[09:06:30]     s0037 -> 0 saved, 5 skipped (resume)
[09:06:30]     s0038 -> 0 saved, 5 skipped (resume)
[09:06:30]     s0039 -> 0 saved, 5 skipped (resume)
[09:06:30]     s0040 -> 0 saved, 5 skipped (resume)
[09:06:30]     s0041 -> 0 saved, 5 skipped (resume)
[09:06:30]     s0042 -> 0 saved, 5 skipped (resume)
[09:06:30]     s0043 -> 0 saved, 5 skipped (resume)
[09:06:30]     s0044 -> 0 saved, 5 skipped (resume)
[09:06:30]     s0045 -> 0 saved, 5 skipped (resume)
[09:06:30]     s0046 -> 0 saved, 5 skipped (resume)
[09:06:30]     s0047 -> 0 saved, 5 skipped (resume)
[09:06:30]     s0048 -> 0 saved, 5 skipped (resume)
[09:06:30]     s0049 -> 0 saved, 5 skipped (resume)
[09:06:30]     s0050 -> 0 saved, 5 skipped (resume)
[09:06:30]     s0051 -> 0 saved, 5 skipped (resume)
[09:06:30]     s0052 -> 0 saved, 5 skipped (resume)
[09:06:30]     s0053 -> 0 saved, 5 skipped (resume)
[09:06:30]     s0054 -> 0 saved, 5 skipped (resume)
[09:06:30]     s0055 -> 0 saved, 5 skipped (resume)
[09:06:30]     s0056 -> 0 saved, 5 skipped (resume)
[09:06:30]     s0057 -> 0 saved, 5 skipped (resume)
[09:06:30]     s0058 -> 0 saved, 5 skipped (resume)
[09:06:30]     s0059 -> 0 saved, 5 skipped (resume)
[09:06:30]     s0060 -> 0 saved, 5 skipped (resume)
[09:06:30]     s0061 -> 0 saved, 5 skipped (resume)
[09:06:30]     s0062 -> 0 saved, 5 skipped (resume)
[09:06:30]     s0063 -> 0 saved, 5 skipped (resume)
[09:06:30]     s0064 -> 0 saved, 5 skipped (resume)
[09:06:30]     s0065 -> 0 saved, 5 skipped (resume)
[09:06:30]     s0066 -> 0 saved, 5 skipped (resume)
[09:06:30]     s0067 -> 0 saved, 5 skipped (resume)
[09:06:30]     s0068 -> 0 saved, 5 skipped (resume)
[09:06:30]     s0069 -> 0 saved, 5 skipped (resume)
[09:06:30]     s0070 -> 0 saved, 5 skipped (resume)
[09:06:30]     s0071 -> 0 saved, 5 skipped (resume)
[09:06:30]     s0072 -> 0 saved, 5 skipped (resume)
[09:06:30]     s0073 -> 0 saved, 5 skipped (resume)
[09:06:30]     s0074 -> 0 saved, 5 skipped (resume)
[09:06:30]     s0075 -> 0 saved, 5 skipped (resume)
[09:06:30]     s0076 -> 0 saved, 5 skipped (resume)
[09:06:30]     s0077 -> 0 saved, 5 skipped (resume)
[09:06:30]     s0078 -> 0 saved, 5 skipped (resume)
[09:06:30]     s0079 -> 0 saved, 5 skipped (resume)
[09:06:30]     s0080 -> 0 saved, 5 skipped (resume)
[09:06:30]     s0081 -> 0 saved, 5 skipped (resume)
[09:06:30]     s0082 -> 0 saved, 5 skipped (resume)
[09:06:30]     s0083 -> 0 saved, 5 skipped (resume)
[09:06:30]     s0084 -> 0 saved, 5 skipped (resume)
[09:06:30]     s0085 -> 0 saved, 5 skipped (resume)
[09:06:30]     s0086 -> 0 saved, 5 skipped (resume)
[09:06:30]     s0087 -> 0 saved, 5 skipped (resume)
[09:06:30]     s0088 -> 0 saved, 5 skipped (resume)
[09:06:30]     s0089 -> 0 saved, 5 skipped (resume)
[09:06:30]     s0090 -> 0 saved, 5 skipped (resume)
[09:06:30]     s0091 -> 0 saved, 5 skipped (resume)
[09:06:30]     s0092 -> 0 saved, 5 skipped (resume)
[09:06:30]     s0093 -> 0 saved, 5 skipped (resume)
[09:06:30]     s0094 -> 0 saved, 5 skipped (resume)
[09:06:30]     s0095 -> 0 saved, 5 skipped (resume)
[09:06:30]     s0096 -> 0 saved, 5 skipped (resume)
[09:06:30]     s0097 -> 0 saved, 5 skipped (resume)
[09:06:30]     s0098 -> 0 saved, 5 skipped (resume)
[09:06:30]     s0099 -> 0 saved, 5 skipped (resume)
[09:06:30]     s0100 -> 0 saved, 5 skipped (resume)
[09:06:30]     s0101 -> 0 saved, 5 skipped (resume)
[09:06:30]     s0102 -> 0 saved, 5 skipped (resume)
[09:06:30]     s0103 -> 0 saved, 5 skipped (resume)
[09:06:30]     s0104 -> 0 saved, 5 skipped (resume)
[09:06:30]     s0105 -> 0 saved, 5 skipped (resume)
[09:06:30]     s0106 -> 0 saved, 5 skipped (resume)
[09:06:30]     s0107 -> 0 saved, 5 skipped (resume)
[09:06:30]     s0108 -> 0 saved, 5 skipped (resume)
[09:06:30]     s0109 -> 0 saved, 5 skipped (resume)
[09:06:30]     s0110 -> 0 saved, 5 skipped (resume)
[09:06:30]     s0111 -> 0 saved, 5 skipped (resume)
[09:06:30]     s0112 -> 0 saved, 5 skipped (resume)
[09:06:30]     s0113 -> 0 saved, 5 skipped (resume)
[09:06:30]     s0114 -> 0 saved, 5 skipped (resume)
[09:06:30]     s0115 -> 0 saved, 5 skipped (resume)
[09:06:30]     s0116 -> 0 saved, 5 skipped (resume)
[09:06:30]     s0117 -> 0 saved, 5 skipped (resume)
[09:06:30]     s0118 -> 0 saved, 5 skipped (resume)
[09:06:30]     s0119 -> 0 saved, 5 skipped (resume)
[09:06:30]     s0120 -> 0 saved, 5 skipped (resume)
[09:06:30]     s0121 -> 0 saved, 5 skipped (resume)
[09:06:30]     s0122 -> 0 saved, 5 skipped (resume)
[09:06:30]     s0123 -> 0 saved, 5 skipped (resume)
[09:06:30]     s0124 -> 0 saved, 5 skipped (resume)
[09:06:30]     s0125 -> 0 saved, 5 skipped (resume)
[09:06:30]     s0126 -> 0 saved, 5 skipped (resume)
[09:06:30]     s0127 -> 0 saved, 5 skipped (resume)
[09:06:30]     s0128 -> 0 saved, 5 skipped (resume)
[09:06:30]     s0129 -> 0 saved, 5 skipped (resume)
[09:06:30]     s0130 -> 0 saved, 5 skipped (resume)
[09:06:30]     s0131 -> 0 saved, 5 skipped (resume)
[09:06:30]     s0132 -> 0 saved, 5 skipped (resume)
[09:06:30]     s0133 -> 0 saved, 5 skipped (resume)
[09:06:30]     s0134 -> 0 saved, 5 skipped (resume)
[09:06:30]     s0135 -> 0 saved, 5 skipped (resume)
[09:06:30]     s0136 -> 0 saved, 5 skipped (resume)
[09:06:30]     s0137 -> 0 saved, 5 skipped (resume)
[09:06:30]     s0138 -> 0 saved, 5 skipped (resume)
[09:06:30]     s0139 -> 0 saved, 5 skipped (resume)
[09:06:30]     s0140 -> 0 saved, 5 skipped (resume)
[09:06:30]     s0141 -> 0 saved, 5 skipped (resume)
[09:06:30]     s0142 -> 0 saved, 5 skipped (resume)
[09:06:30]     s0143 -> 0 saved, 5 skipped (resume)
[09:06:30]     s0144 -> 0 saved, 5 skipped (resume)
[09:06:30]     s0145 -> 0 saved, 5 skipped (resume)
[09:06:30]     s0146 -> 0 saved, 5 skipped (resume)
[09:06:30]     s0147 -> 0 saved, 5 skipped (resume)
[09:06:30]     s0148 -> 0 saved, 5 skipped (resume)
[09:06:30]     s0149 -> 0 saved, 5 skipped (resume)
[09:06:30]     s0150 -> 0 saved, 5 skipped (resume)
[09:06:30]     s0151 -> 0 saved, 5 skipped (resume)
[09:06:30]     s0152 -> 0 saved, 5 skipped (resume)
[09:06:30]     s0153 -> 0 saved, 5 skipped (resume)
[09:06:30]     s0154 -> 0 saved, 5 skipped (resume)
[09:06:30]     s0155 -> 0 saved, 5 skipped (resume)
[09:06:30]     s0156 -> 0 saved, 5 skipped (resume)
[09:06:30]     s0157 -> 0 saved, 5 skipped (resume)
[09:06:30]     s0158 -> 0 saved, 5 skipped (resume)
[09:06:30]     s0159 -> 0 saved, 5 skipped (resume)
[09:06:30]     s0160 -> 0 saved, 5 skipped (resume)
[09:06:30]     s0161 -> 0 saved, 5 skipped (resume)
[09:06:30]     s0162 -> 0 saved, 5 skipped (resume)
[09:06:30]     s0163 -> 0 saved, 5 skipped (resume)
[09:06:30]     s0164 -> 0 saved, 5 skipped (resume)
[09:06:30]     s0165 -> 0 saved, 5 skipped (resume)
[09:06:30]     s0166 -> 0 saved, 5 skipped (resume)
[09:06:30]     s0167 -> 0 saved, 5 skipped (resume)
[09:06:30]     s0168 -> 0 saved, 5 skipped (resume)
[09:06:30]     s0169 -> 0 saved, 5 skipped (resume)
[09:06:30]     s0170 -> 0 saved, 5 skipped (resume)
[09:06:30]     s0171 -> 0 saved, 5 skipped (resume)
[09:06:30]     s0172 -> 0 saved, 5 skipped (resume)
[09:06:30]     s0173 -> 0 saved, 5 skipped (resume)
[09:06:30]     s0174 -> 0 saved, 5 skipped (resume)
[09:06:30]     s0175 -> 0 saved, 5 skipped (resume)
[09:06:30]     s0176 -> 0 saved, 5 skipped (resume)
[09:06:30]     s0177 -> 0 saved, 5 skipped (resume)
[09:06:30]     s0178 -> 0 saved, 5 skipped (resume)
[09:06:30]     s0179 -> 0 saved, 5 skipped (resume)
[09:06:30]     s0180 -> 0 saved, 5 skipped (resume)
[09:06:30]     s0181 -> 0 saved, 5 skipped (resume)
[09:06:30]     s0182 -> 0 saved, 5 skipped (resume)
[09:06:30]     s0183 -> 0 saved, 5 skipped (resume)
[09:06:30]     s0184 -> 0 saved, 5 skipped (resume)
[09:06:30]     s0185 -> 0 saved, 5 skipped (resume)
[09:06:30]     s0186 -> 0 saved, 5 skipped (resume)
[09:06:30]     s0187 -> 0 saved, 5 skipped (resume)
[09:06:30]     s0188 -> 0 saved, 5 skipped (resume)
[09:06:30]     s0189 -> 0 saved, 5 skipped (resume)
[09:06:30]     s0190 -> 0 saved, 5 skipped (resume)
[09:06:30]     s0191 -> 0 saved, 5 skipped (resume)
[09:06:30]     s0192 -> 0 saved, 5 skipped (resume)
[09:06:30]     s0193 -> 0 saved, 5 skipped (resume)
[09:06:30]     s0194 -> 0 saved, 5 skipped (resume)
[09:06:30]     s0195 -> 0 saved, 5 skipped (resume)
[09:06:30]     s0196 -> 0 saved, 5 skipped (resume)
[09:06:30]     s0197 -> 0 saved, 5 skipped (resume)
[09:06:30]     s0198 -> 0 saved, 5 skipped (resume)
[09:06:30]     s0199 -> 0 saved, 5 skipped (resume)
[09:06:30]   granite4:350m-h × spa_Latn (200 samples)
[09:06:30]     s0000 -> 0 saved, 5 skipped (resume)
[09:06:30]     s0001 -> 0 saved, 5 skipped (resume)
[09:06:30]     s0002 -> 0 saved, 5 skipped (resume)
[09:06:30]     s0003 -> 0 saved, 5 skipped (resume)
[09:06:30]     s0004 -> 0 saved, 5 skipped (resume)
[09:06:30]     s0005 -> 0 saved, 5 skipped (resume)
[09:06:30]     s0006 -> 0 saved, 5 skipped (resume)
[09:06:30]     s0007 -> 0 saved, 5 skipped (resume)
[09:06:30]     s0008 -> 0 saved, 5 skipped (resume)
[09:06:30]     s0009 -> 0 saved, 5 skipped (resume)
[09:06:30]     s0010 -> 0 saved, 5 skipped (resume)
[09:06:30]     s0011 -> 0 saved, 5 skipped (resume)
[09:06:30]     s0012 -> 0 saved, 5 skipped (resume)
[09:06:30]     s0013 -> 0 saved, 5 skipped (resume)
[09:06:30]     s0014 -> 0 saved, 5 skipped (resume)
[09:06:30]     s0015 -> 0 saved, 5 skipped (resume)
[09:06:30]     s0016 -> 0 saved, 5 skipped (resume)
[09:06:30]     s0017 -> 0 saved, 5 skipped (resume)
[09:06:30]     s0018 -> 0 saved, 5 skipped (resume)
[09:06:30]     s0019 -> 0 saved, 5 skipped (resume)
[09:06:30]     s0020 -> 0 saved, 5 skipped (resume)
[09:06:30]     s0021 -> 0 saved, 5 skipped (resume)
[09:06:30]     s0022 -> 0 saved, 5 skipped (resume)
[09:06:30]     s0023 -> 0 saved, 5 skipped (resume)
[09:06:30]     s0024 -> 0 saved, 5 skipped (resume)
[09:06:30]     s0025 -> 0 saved, 5 skipped (resume)
[09:06:30]     s0026 -> 0 saved, 5 skipped (resume)
[09:06:30]     s0027 -> 0 saved, 5 skipped (resume)
[09:06:30]     s0028 -> 0 saved, 5 skipped (resume)
[09:06:30]     s0029 -> 0 saved, 5 skipped (resume)
[09:06:30]     s0030 -> 0 saved, 5 skipped (resume)
[09:06:30]     s0031 -> 0 saved, 5 skipped (resume)
[09:06:30]     s0032 -> 0 saved, 5 skipped (resume)
[09:06:30]     s0033 -> 0 saved, 5 skipped (resume)
[09:06:30]     s0034 -> 0 saved, 5 skipped (resume)
[09:06:30]     s0035 -> 0 saved, 5 skipped (resume)
[09:06:30]     s0036 -> 0 saved, 5 skipped (resume)
[09:06:30]     s0037 -> 0 saved, 5 skipped (resume)
[09:06:30]     s0038 -> 0 saved, 5 skipped (resume)
[09:06:30]     s0039 -> 0 saved, 5 skipped (resume)
[09:06:30]     s0040 -> 0 saved, 5 skipped (resume)
[09:06:30]     s0041 -> 0 saved, 5 skipped (resume)
[09:06:30]     s0042 -> 0 saved, 5 skipped (resume)
[09:06:30]     s0043 -> 0 saved, 5 skipped (resume)
[09:06:30]     s0044 -> 0 saved, 5 skipped (resume)
[09:06:30]     s0045 -> 0 saved, 5 skipped (resume)
[09:06:30]     s0046 -> 0 saved, 5 skipped (resume)
[09:06:30]     s0047 -> 0 saved, 5 skipped (resume)
[09:06:30]     s0048 -> 0 saved, 5 skipped (resume)
[09:06:30]     s0049 -> 0 saved, 5 skipped (resume)
[09:06:30]     s0050 -> 0 saved, 5 skipped (resume)
[09:06:30]     s0051 -> 0 saved, 5 skipped (resume)
[09:06:30]     s0052 -> 0 saved, 5 skipped (resume)
[09:06:30]     s0053 -> 0 saved, 5 skipped (resume)
[09:06:30]     s0054 -> 0 saved, 5 skipped (resume)
[09:06:30]     s0055 -> 0 saved, 5 skipped (resume)
[09:06:30]     s0056 -> 0 saved, 5 skipped (resume)
[09:06:30]     s0057 -> 0 saved, 5 skipped (resume)
[09:06:30]     s0058 -> 0 saved, 5 skipped (resume)
[09:06:30]     s0059 -> 0 saved, 5 skipped (resume)
[09:06:30]     s0060 -> 0 saved, 5 skipped (resume)
[09:06:30]     s0061 -> 0 saved, 5 skipped (resume)
[09:06:30]     s0062 -> 0 saved, 5 skipped (resume)
[09:06:30]     s0063 -> 0 saved, 5 skipped (resume)
[09:06:30]     s0064 -> 0 saved, 5 skipped (resume)
[09:06:30]     s0065 -> 0 saved, 5 skipped (resume)
[09:06:30]     s0066 -> 0 saved, 5 skipped (resume)
[09:06:30]     s0067 -> 0 saved, 5 skipped (resume)
[09:06:30]     s0068 -> 0 saved, 5 skipped (resume)
[09:06:30]     s0069 -> 0 saved, 5 skipped (resume)
[09:06:30]     s0070 -> 0 saved, 5 skipped (resume)
[09:06:30]     s0071 -> 0 saved, 5 skipped (resume)
[09:06:30]     s0072 -> 0 saved, 5 skipped (resume)
[09:06:30]     s0073 -> 0 saved, 5 skipped (resume)
[09:06:30]     s0074 -> 0 saved, 5 skipped (resume)
[09:06:30]     s0075 -> 0 saved, 5 skipped (resume)
[09:06:30]     s0076 -> 0 saved, 5 skipped (resume)
[09:06:30]     s0077 -> 0 saved, 5 skipped (resume)
[09:06:30]     s0078 -> 0 saved, 5 skipped (resume)
[09:06:30]     s0079 -> 0 saved, 5 skipped (resume)
[09:06:30]     s0080 -> 0 saved, 5 skipped (resume)
[09:06:30]     s0081 -> 0 saved, 5 skipped (resume)
[09:06:30]     s0082 -> 0 saved, 5 skipped (resume)
[09:06:30]     s0083 -> 0 saved, 5 skipped (resume)
[09:06:30]     s0084 -> 0 saved, 5 skipped (resume)
[09:06:30]     s0085 -> 0 saved, 5 skipped (resume)
[09:06:30]     s0086 -> 0 saved, 5 skipped (resume)
[09:06:30]     s0087 -> 0 saved, 5 skipped (resume)
[09:06:30]     s0088 -> 0 saved, 5 skipped (resume)
[09:06:30]     s0089 -> 0 saved, 5 skipped (resume)
[09:06:30]     s0090 -> 0 saved, 5 skipped (resume)
[09:06:30]     s0091 -> 0 saved, 5 skipped (resume)
[09:06:30]     s0092 -> 0 saved, 5 skipped (resume)
[09:06:30]     s0093 -> 0 saved, 5 skipped (resume)
[09:06:30]     s0094 -> 0 saved, 5 skipped (resume)
[09:06:30]     s0095 -> 0 saved, 5 skipped (resume)
[09:06:30]     s0096 -> 0 saved, 5 skipped (resume)
[09:06:30]     s0097 -> 0 saved, 5 skipped (resume)
[09:06:30]     s0098 -> 0 saved, 5 skipped (resume)
[09:06:30]     s0099 -> 0 saved, 5 skipped (resume)
[09:06:30]     s0100 -> 0 saved, 5 skipped (resume)
[09:06:30]     s0101 -> 0 saved, 5 skipped (resume)
[09:06:30]     s0102 -> 0 saved, 5 skipped (resume)
[09:06:30]     s0103 -> 0 saved, 5 skipped (resume)
[09:06:30]     s0104 -> 0 saved, 5 skipped (resume)
[09:06:30]     s0105 -> 0 saved, 5 skipped (resume)
[09:06:30]     s0106 -> 0 saved, 5 skipped (resume)
[09:06:30]     s0107 -> 0 saved, 5 skipped (resume)
[09:06:30]     s0108 -> 0 saved, 5 skipped (resume)
[09:06:30]     s0109 -> 0 saved, 5 skipped (resume)
[09:06:30]     s0110 -> 0 saved, 5 skipped (resume)
[09:06:30]     s0111 -> 0 saved, 5 skipped (resume)
[09:06:30]     s0112 -> 0 saved, 5 skipped (resume)
[09:06:30]     s0113 -> 0 saved, 5 skipped (resume)
[09:06:30]     s0114 -> 0 saved, 5 skipped (resume)
[09:06:30]     s0115 -> 0 saved, 5 skipped (resume)
[09:06:30]     s0116 -> 0 saved, 5 skipped (resume)
[09:06:30]     s0117 -> 0 saved, 5 skipped (resume)
[09:06:30]     s0118 -> 0 saved, 5 skipped (resume)
[09:06:30]     s0119 -> 0 saved, 5 skipped (resume)
[09:06:30]     s0120 -> 0 saved, 5 skipped (resume)
[09:06:30]     s0121 -> 0 saved, 5 skipped (resume)
[09:06:30]     s0122 -> 0 saved, 5 skipped (resume)
[09:06:30]     s0123 -> 0 saved, 5 skipped (resume)
[09:06:30]     s0124 -> 0 saved, 5 skipped (resume)
[09:06:30]     s0125 -> 0 saved, 5 skipped (resume)
[09:06:30]     s0126 -> 0 saved, 5 skipped (resume)
[09:06:30]     s0127 -> 0 saved, 5 skipped (resume)
[09:06:30]     s0128 -> 0 saved, 5 skipped (resume)
[09:06:30]     s0129 -> 0 saved, 5 skipped (resume)
[09:06:30]     s0130 -> 0 saved, 5 skipped (resume)
[09:06:30]     s0131 -> 0 saved, 5 skipped (resume)
[09:06:30]     s0132 -> 0 saved, 5 skipped (resume)
[09:06:30]     s0133 -> 0 saved, 5 skipped (resume)
[09:06:30]     s0134 -> 0 saved, 5 skipped (resume)
[09:06:30]     s0135 -> 0 saved, 5 skipped (resume)
[09:06:30]     s0136 -> 0 saved, 5 skipped (resume)
[09:06:30]     s0137 -> 0 saved, 5 skipped (resume)
[09:06:30]     s0138 -> 0 saved, 5 skipped (resume)
[09:06:30]     s0139 -> 0 saved, 5 skipped (resume)
[09:06:30]     s0140 -> 0 saved, 5 skipped (resume)
[09:06:30]     s0141 -> 0 saved, 5 skipped (resume)
[09:06:30]     s0142 -> 0 saved, 5 skipped (resume)
[09:06:30]     s0143 -> 0 saved, 5 skipped (resume)
[09:06:30]     s0144 -> 0 saved, 5 skipped (resume)
[09:06:30]     s0145 -> 0 saved, 5 skipped (resume)
[09:06:30]     s0146 -> 0 saved, 5 skipped (resume)
[09:06:30]     s0147 -> 0 saved, 5 skipped (resume)
[09:06:30]     s0148 -> 0 saved, 5 skipped (resume)
[09:06:30]     s0149 -> 0 saved, 5 skipped (resume)
[09:06:30]     s0150 -> 0 saved, 5 skipped (resume)
[09:06:30]     s0151 -> 0 saved, 5 skipped (resume)
[09:06:30]     s0152 -> 0 saved, 5 skipped (resume)
[09:06:30]     s0153 -> 0 saved, 5 skipped (resume)
[09:06:30]     s0154 -> 0 saved, 5 skipped (resume)
[09:06:30]     s0155 -> 0 saved, 5 skipped (resume)
[09:06:30]     s0156 -> 0 saved, 5 skipped (resume)
[09:06:30]     s0157 -> 0 saved, 5 skipped (resume)
[09:06:30]     s0158 -> 0 saved, 5 skipped (resume)
[09:06:30]     s0159 -> 0 saved, 5 skipped (resume)
[09:06:30]     s0160 -> 0 saved, 5 skipped (resume)
[09:06:30]     s0161 -> 0 saved, 5 skipped (resume)
[09:06:30]     s0162 -> 0 saved, 5 skipped (resume)
[09:06:30]     s0163 -> 0 saved, 5 skipped (resume)
[09:06:30]     s0164 -> 0 saved, 5 skipped (resume)
[09:06:30]     s0165 -> 0 saved, 5 skipped (resume)
[09:06:30]     s0166 -> 0 saved, 5 skipped (resume)
[09:06:30]     s0167 -> 0 saved, 5 skipped (resume)
[09:06:30]     s0168 -> 0 saved, 5 skipped (resume)
[09:06:30]     s0169 -> 0 saved, 5 skipped (resume)
[09:06:30]     s0170 -> 0 saved, 5 skipped (resume)
[09:06:30]     s0171 -> 0 saved, 5 skipped (resume)
[09:06:30]     s0172 -> 0 saved, 5 skipped (resume)
[09:06:30]     s0173 -> 0 saved, 5 skipped (resume)
[09:06:30]     s0174 -> 0 saved, 5 skipped (resume)
[09:06:30]     s0175 -> 0 saved, 5 skipped (resume)
[09:06:30]     s0176 -> 0 saved, 5 skipped (resume)
[09:06:30]     s0177 -> 0 saved, 5 skipped (resume)
[09:06:30]     s0178 -> 0 saved, 5 skipped (resume)
[09:06:30]     s0179 -> 0 saved, 5 skipped (resume)
[09:06:30]     s0180 -> 0 saved, 5 skipped (resume)
[09:06:30]     s0181 -> 0 saved, 5 skipped (resume)
[09:06:30]     s0182 -> 0 saved, 5 skipped (resume)
[09:06:30]     s0183 -> 0 saved, 5 skipped (resume)
[09:06:30]     s0184 -> 0 saved, 5 skipped (resume)
[09:06:30]     s0185 -> 0 saved, 5 skipped (resume)
[09:06:30]     s0186 -> 0 saved, 5 skipped (resume)
[09:06:30]     s0187 -> 0 saved, 5 skipped (resume)
[09:06:30]     s0188 -> 0 saved, 5 skipped (resume)
[09:06:30]     s0189 -> 0 saved, 5 skipped (resume)
[09:06:30]     s0190 -> 0 saved, 5 skipped (resume)
[09:06:30]     s0191 -> 0 saved, 5 skipped (resume)
[09:06:30]     s0192 -> 0 saved, 5 skipped (resume)
[09:06:30]     s0193 -> 0 saved, 5 skipped (resume)
[09:06:30]     s0194 -> 0 saved, 5 skipped (resume)
[09:06:30]     s0195 -> 0 saved, 5 skipped (resume)
[09:06:30]     s0196 -> 0 saved, 5 skipped (resume)
[09:06:30]     s0197 -> 0 saved, 5 skipped (resume)
[09:06:30]     s0198 -> 0 saved, 5 skipped (resume)
[09:06:30]     s0199 -> 0 saved, 5 skipped (resume)
[09:06:30]   granite4:350m-h × fra_Latn (200 samples)
[09:06:30]     s0000 -> 0 saved, 5 skipped (resume)
[09:06:30]     s0001 -> 0 saved, 5 skipped (resume)
[09:06:30]     s0002 -> 0 saved, 5 skipped (resume)
[09:06:30]     s0003 -> 0 saved, 5 skipped (resume)
[09:06:30]     s0004 -> 0 saved, 5 skipped (resume)
[09:06:30]     s0005 -> 0 saved, 5 skipped (resume)
[09:06:30]     s0006 -> 0 saved, 5 skipped (resume)
[09:06:30]     s0007 -> 0 saved, 5 skipped (resume)
[09:06:30]     s0008 -> 0 saved, 5 skipped (resume)
[09:06:30]     s0009 -> 0 saved, 5 skipped (resume)
[09:06:30]     s0010 -> 0 saved, 5 skipped (resume)
[09:06:30]     s0011 -> 0 saved, 5 skipped (resume)
[09:06:30]     s0012 -> 0 saved, 5 skipped (resume)
[09:06:30]     s0013 -> 0 saved, 5 skipped (resume)
[09:06:30]     s0014 -> 0 saved, 5 skipped (resume)
[09:06:30]     s0015 -> 0 saved, 5 skipped (resume)
[09:06:30]     s0016 -> 0 saved, 5 skipped (resume)
[09:06:30]     s0017 -> 0 saved, 5 skipped (resume)
[09:06:30]     s0018 -> 0 saved, 5 skipped (resume)
[09:06:30]     s0019 -> 0 saved, 5 skipped (resume)
[09:06:30]     s0020 -> 0 saved, 5 skipped (resume)
[09:06:30]     s0021 -> 0 saved, 5 skipped (resume)
[09:06:30]     s0022 -> 0 saved, 5 skipped (resume)
[09:06:30]     s0023 -> 0 saved, 5 skipped (resume)
[09:06:30]     s0024 -> 0 saved, 5 skipped (resume)
[09:06:30]     s0025 -> 0 saved, 5 skipped (resume)
[09:06:30]     s0026 -> 0 saved, 5 skipped (resume)
[09:06:30]     s0027 -> 0 saved, 5 skipped (resume)
[09:06:30]     s0028 -> 0 saved, 5 skipped (resume)
[09:06:30]     s0029 -> 0 saved, 5 skipped (resume)
[09:06:30]     s0030 -> 0 saved, 5 skipped (resume)
[09:06:30]     s0031 -> 0 saved, 5 skipped (resume)
[09:06:30]     s0032 -> 0 saved, 5 skipped (resume)
[09:06:30]     s0033 -> 0 saved, 5 skipped (resume)
[09:06:30]     s0034 -> 0 saved, 5 skipped (resume)
[09:06:30]     s0035 -> 0 saved, 5 skipped (resume)
[09:06:30]     s0036 -> 0 saved, 5 skipped (resume)
[09:06:30]     s0037 -> 0 saved, 5 skipped (resume)
[09:06:30]     s0038 -> 0 saved, 5 skipped (resume)
[09:06:30]     s0039 -> 0 saved, 5 skipped (resume)
[09:06:30]     s0040 -> 0 saved, 5 skipped (resume)
[09:06:30]     s0041 -> 0 saved, 5 skipped (resume)
[09:06:30]     s0042 -> 0 saved, 5 skipped (resume)
[09:06:30]     s0043 -> 0 saved, 5 skipped (resume)
[09:06:30]     s0044 -> 0 saved, 5 skipped (resume)
[09:06:30]     s0045 -> 0 saved, 5 skipped (resume)
[09:06:30]     s0046 -> 0 saved, 5 skipped (resume)
[09:06:30]     s0047 -> 0 saved, 5 skipped (resume)
[09:06:30]     s0048 -> 0 saved, 5 skipped (resume)
[09:06:30]     s0049 -> 0 saved, 5 skipped (resume)
[09:06:30]     s0050 -> 0 saved, 5 skipped (resume)
[09:06:30]     s0051 -> 0 saved, 5 skipped (resume)
[09:06:30]     s0052 -> 0 saved, 5 skipped (resume)
[09:06:30]     s0053 -> 0 saved, 5 skipped (resume)
[09:06:30]     s0054 -> 0 saved, 5 skipped (resume)
[09:06:30]     s0055 -> 0 saved, 5 skipped (resume)
[09:06:30]     s0056 -> 0 saved, 5 skipped (resume)
[09:06:30]     s0057 -> 0 saved, 5 skipped (resume)
[09:06:30]     s0058 -> 0 saved, 5 skipped (resume)
[09:06:30]     s0059 -> 0 saved, 5 skipped (resume)
[09:06:30]     s0060 -> 0 saved, 5 skipped (resume)
[09:06:30]     s0061 -> 0 saved, 5 skipped (resume)
[09:06:30]     s0062 -> 0 saved, 5 skipped (resume)
[09:06:30]     s0063 -> 0 saved, 5 skipped (resume)
[09:06:30]     s0064 -> 0 saved, 5 skipped (resume)
[09:06:30]     s0065 -> 0 saved, 5 skipped (resume)
[09:06:30]     s0066 -> 0 saved, 5 skipped (resume)
[09:06:30]     s0067 -> 0 saved, 5 skipped (resume)
[09:06:30]     s0068 -> 0 saved, 5 skipped (resume)
[09:06:30]     s0069 -> 0 saved, 5 skipped (resume)
[09:06:30]     s0070 -> 0 saved, 5 skipped (resume)
[09:06:30]     s0071 -> 0 saved, 5 skipped (resume)
[09:06:30]     s0072 -> 0 saved, 5 skipped (resume)
[09:06:30]     s0073 -> 0 saved, 5 skipped (resume)
[09:06:30]     s0074 -> 0 saved, 5 skipped (resume)
[09:06:30]     s0075 -> 0 saved, 5 skipped (resume)
[09:06:30]     s0076 -> 0 saved, 5 skipped (resume)
[09:06:30]     s0077 -> 0 saved, 5 skipped (resume)
[09:06:30]     s0078 -> 0 saved, 5 skipped (resume)
[09:06:30]     s0079 -> 0 saved, 5 skipped (resume)
[09:06:30]     s0080 -> 0 saved, 5 skipped (resume)
[09:06:30]     s0081 -> 0 saved, 5 skipped (resume)
[09:06:30]     s0082 -> 0 saved, 5 skipped (resume)
[09:06:30]     s0083 -> 0 saved, 5 skipped (resume)
[09:06:30]     s0084 -> 0 saved, 5 skipped (resume)
[09:06:30]     s0085 -> 0 saved, 5 skipped (resume)
[09:06:30]     s0086 -> 0 saved, 5 skipped (resume)
[09:06:30]     s0087 -> 0 saved, 5 skipped (resume)
[09:06:30]     s0088 -> 0 saved, 5 skipped (resume)
[09:06:30]     s0089 -> 0 saved, 5 skipped (resume)
[09:06:30]     s0090 -> 0 saved, 5 skipped (resume)
[09:06:30]     s0091 -> 0 saved, 5 skipped (resume)
[09:06:30]     s0092 -> 0 saved, 5 skipped (resume)
[09:06:30]     s0093 -> 0 saved, 5 skipped (resume)
[09:06:30]     s0094 -> 0 saved, 5 skipped (resume)
[09:06:30]     s0095 -> 0 saved, 5 skipped (resume)
[09:06:30]     s0096 -> 0 saved, 5 skipped (resume)
[09:06:30]     s0097 -> 0 saved, 5 skipped (resume)
[09:06:30]     s0098 -> 0 saved, 5 skipped (resume)
[09:06:30]     s0099 -> 0 saved, 5 skipped (resume)
[09:06:30]     s0100 -> 0 saved, 5 skipped (resume)
[09:06:30]     s0101 -> 0 saved, 5 skipped (resume)
[09:06:30]     s0102 -> 0 saved, 5 skipped (resume)
[09:06:30]     s0103 -> 0 saved, 5 skipped (resume)
[09:06:30]     s0104 -> 0 saved, 5 skipped (resume)
[09:06:30]     s0105 -> 0 saved, 5 skipped (resume)
[09:06:30]     s0106 -> 0 saved, 5 skipped (resume)
[09:06:30]     s0107 -> 0 saved, 5 skipped (resume)
[09:06:30]     s0108 -> 0 saved, 5 skipped (resume)
[09:06:30]     s0109 -> 0 saved, 5 skipped (resume)
[09:06:30]     s0110 -> 0 saved, 5 skipped (resume)
[09:06:30]     s0111 -> 0 saved, 5 skipped (resume)
[09:06:30]     s0112 -> 0 saved, 5 skipped (resume)
[09:06:30]     s0113 -> 0 saved, 5 skipped (resume)
[09:06:30]     s0114 -> 0 saved, 5 skipped (resume)
[09:06:30]     s0115 -> 0 saved, 5 skipped (resume)
[09:06:30]     s0116 -> 0 saved, 5 skipped (resume)
[09:06:30]     s0117 -> 0 saved, 5 skipped (resume)
[09:06:30]     s0118 -> 0 saved, 5 skipped (resume)
[09:06:30]     s0119 -> 0 saved, 5 skipped (resume)
[09:06:30]     s0120 -> 0 saved, 5 skipped (resume)
[09:06:30]     s0121 -> 0 saved, 5 skipped (resume)
[09:06:30]     s0122 -> 0 saved, 5 skipped (resume)
[09:06:30]     s0123 -> 0 saved, 5 skipped (resume)
[09:06:30]     s0124 -> 0 saved, 5 skipped (resume)
[09:06:30]     s0125 -> 0 saved, 5 skipped (resume)
[09:06:30]     s0126 -> 0 saved, 5 skipped (resume)
[09:06:30]     s0127 -> 0 saved, 5 skipped (resume)
[09:06:30]     s0128 -> 0 saved, 5 skipped (resume)
[09:06:30]     s0129 -> 0 saved, 5 skipped (resume)
[09:06:30]     s0130 -> 0 saved, 5 skipped (resume)
[09:06:30]     s0131 -> 0 saved, 5 skipped (resume)
[09:06:30]     s0132 -> 0 saved, 5 skipped (resume)
[09:06:30]     s0133 -> 0 saved, 5 skipped (resume)
[09:06:30]     s0134 -> 0 saved, 5 skipped (resume)
[09:06:30]     s0135 -> 0 saved, 5 skipped (resume)
[09:06:30]     s0136 -> 0 saved, 5 skipped (resume)
[09:06:30]     s0137 -> 0 saved, 5 skipped (resume)
[09:06:30]     s0138 -> 0 saved, 5 skipped (resume)
[09:06:30]     s0139 -> 0 saved, 5 skipped (resume)
[09:06:30]     s0140 -> 0 saved, 5 skipped (resume)
[09:06:30]     s0141 -> 0 saved, 5 skipped (resume)
[09:06:30]     s0142 -> 0 saved, 5 skipped (resume)
[09:06:30]     s0143 -> 0 saved, 5 skipped (resume)
[09:06:30]     s0144 -> 0 saved, 5 skipped (resume)
[09:06:30]     s0145 -> 0 saved, 5 skipped (resume)
[09:06:30]     s0146 -> 0 saved, 5 skipped (resume)
[09:06:30]     s0147 -> 0 saved, 5 skipped (resume)
[09:06:30]     s0148 -> 0 saved, 5 skipped (resume)
[09:06:30]     s0149 -> 0 saved, 5 skipped (resume)
[09:06:30]     s0150 -> 0 saved, 5 skipped (resume)
[09:06:30]     s0151 -> 0 saved, 5 skipped (resume)
[09:06:30]     s0152 -> 0 saved, 5 skipped (resume)
[09:06:30]     s0153 -> 0 saved, 5 skipped (resume)
[09:06:30]     s0154 -> 0 saved, 5 skipped (resume)
[09:06:30]     s0155 -> 0 saved, 5 skipped (resume)
[09:06:30]     s0156 -> 0 saved, 5 skipped (resume)
[09:06:30]     s0157 -> 0 saved, 5 skipped (resume)
[09:06:30]     s0158 -> 0 saved, 5 skipped (resume)
[09:06:30]     s0159 -> 0 saved, 5 skipped (resume)
[09:06:30]     s0160 -> 0 saved, 5 skipped (resume)
[09:06:30]     s0161 -> 0 saved, 5 skipped (resume)
[09:06:30]     s0162 -> 0 saved, 5 skipped (resume)
[09:06:30]     s0163 -> 0 saved, 5 skipped (resume)
[09:06:30]     s0164 -> 0 saved, 5 skipped (resume)
[09:06:30]     s0165 -> 0 saved, 5 skipped (resume)
[09:06:30]     s0166 -> 0 saved, 5 skipped (resume)
[09:06:30]     s0167 -> 0 saved, 5 skipped (resume)
[09:06:30]     s0168 -> 0 saved, 5 skipped (resume)
[09:06:30]     s0169 -> 0 saved, 5 skipped (resume)
[09:06:30]     s0170 -> 0 saved, 5 skipped (resume)
[09:06:30]     s0171 -> 0 saved, 5 skipped (resume)
[09:06:30]     s0172 -> 0 saved, 5 skipped (resume)
[09:06:30]     s0173 -> 0 saved, 5 skipped (resume)
[09:06:30]     s0174 -> 0 saved, 5 skipped (resume)
[09:06:30]     s0175 -> 0 saved, 5 skipped (resume)
[09:06:30]     s0176 -> 0 saved, 5 skipped (resume)
[09:06:30]     s0177 -> 0 saved, 5 skipped (resume)
[09:06:30]     s0178 -> 0 saved, 5 skipped (resume)
[09:06:30]     s0179 -> 0 saved, 5 skipped (resume)
[09:06:30]     s0180 -> 0 saved, 5 skipped (resume)
[09:06:30]     s0181 -> 0 saved, 5 skipped (resume)
[09:06:30]     s0182 -> 0 saved, 5 skipped (resume)
[09:06:30]     s0183 -> 0 saved, 5 skipped (resume)
[09:06:30]     s0184 -> 0 saved, 5 skipped (resume)
[09:06:30]     s0185 -> 0 saved, 5 skipped (resume)
[09:06:30]     s0186 -> 0 saved, 5 skipped (resume)
[09:06:30]     s0187 -> 0 saved, 5 skipped (resume)
[09:06:30]     s0188 -> 0 saved, 5 skipped (resume)
[09:06:30]     s0189 -> 0 saved, 5 skipped (resume)
[09:06:30]     s0190 -> 0 saved, 5 skipped (resume)
[09:06:30]     s0191 -> 0 saved, 5 skipped (resume)
[09:06:30]     s0192 -> 0 saved, 5 skipped (resume)
[09:06:30]     s0193 -> 0 saved, 5 skipped (resume)
[09:06:30]     s0194 -> 0 saved, 5 skipped (resume)
[09:06:30]     s0195 -> 0 saved, 5 skipped (resume)
[09:06:30]     s0196 -> 0 saved, 5 skipped (resume)
[09:06:30]     s0197 -> 0 saved, 5 skipped (resume)
[09:06:30]     s0198 -> 0 saved, 5 skipped (resume)
[09:06:30]     s0199 -> 0 saved, 5 skipped (resume)
[09:06:30]   granite4:350m-h × deu_Latn (200 samples)
[09:06:30]     s0000 -> 0 saved, 5 skipped (resume)
[09:06:30]     s0001 -> 0 saved, 5 skipped (resume)
[09:06:30]     s0002 -> 0 saved, 5 skipped (resume)
[09:06:30]     s0003 -> 0 saved, 5 skipped (resume)
[09:06:30]     s0004 -> 0 saved, 5 skipped (resume)
[09:06:30]     s0005 -> 0 saved, 5 skipped (resume)
[09:06:30]     s0006 -> 0 saved, 5 skipped (resume)
[09:06:30]     s0007 -> 0 saved, 5 skipped (resume)
[09:06:30]     s0008 -> 0 saved, 5 skipped (resume)
[09:06:30]     s0009 -> 0 saved, 5 skipped (resume)
[09:06:30]     s0010 -> 0 saved, 5 skipped (resume)
[09:06:30]     s0011 -> 0 saved, 5 skipped (resume)
[09:06:30]     s0012 -> 0 saved, 5 skipped (resume)
[09:06:30]     s0013 -> 0 saved, 5 skipped (resume)
[09:06:30]     s0014 -> 0 saved, 5 skipped (resume)
[09:06:30]     s0015 -> 0 saved, 5 skipped (resume)
[09:06:30]     s0016 -> 0 saved, 5 skipped (resume)
[09:06:30]     s0017 -> 0 saved, 5 skipped (resume)
[09:06:30]     s0018 -> 0 saved, 5 skipped (resume)
[09:06:30]     s0019 -> 0 saved, 5 skipped (resume)
[09:06:30]     s0020 -> 0 saved, 5 skipped (resume)
[09:06:30]     s0021 -> 0 saved, 5 skipped (resume)
[09:06:30]     s0022 -> 0 saved, 5 skipped (resume)
[09:06:30]     s0023 -> 0 saved, 5 skipped (resume)
[09:06:30]     s0024 -> 0 saved, 5 skipped (resume)
[09:06:30]     s0025 -> 0 saved, 5 skipped (resume)
[09:06:30]     s0026 -> 0 saved, 5 skipped (resume)
[09:06:30]     s0027 -> 0 saved, 5 skipped (resume)
[09:06:30]     s0028 -> 0 saved, 5 skipped (resume)
[09:06:30]     s0029 -> 0 saved, 5 skipped (resume)
[09:06:30]     s0030 -> 0 saved, 5 skipped (resume)
[09:06:30]     s0031 -> 0 saved, 5 skipped (resume)
[09:06:30]     s0032 -> 0 saved, 5 skipped (resume)
[09:06:30]     s0033 -> 0 saved, 5 skipped (resume)
[09:06:30]     s0034 -> 0 saved, 5 skipped (resume)
[09:06:30]     s0035 -> 0 saved, 5 skipped (resume)
[09:06:30]     s0036 -> 0 saved, 5 skipped (resume)
[09:06:30]     s0037 -> 0 saved, 5 skipped (resume)
[09:06:30]     s0038 -> 0 saved, 5 skipped (resume)
[09:06:30]     s0039 -> 0 saved, 5 skipped (resume)
[09:06:30]     s0040 -> 0 saved, 5 skipped (resume)
[09:06:30]     s0041 -> 0 saved, 5 skipped (resume)
[09:06:30]     s0042 -> 0 saved, 5 skipped (resume)
[09:06:30]     s0043 -> 0 saved, 5 skipped (resume)
[09:06:30]     s0044 -> 0 saved, 5 skipped (resume)
[09:06:30]     s0045 -> 0 saved, 5 skipped (resume)
[09:06:30]     s0046 -> 0 saved, 5 skipped (resume)
[09:06:30]     s0047 -> 0 saved, 5 skipped (resume)
[09:06:30]     s0048 -> 0 saved, 5 skipped (resume)
[09:06:30]     s0049 -> 0 saved, 5 skipped (resume)
[09:06:30]     s0050 -> 0 saved, 5 skipped (resume)
[09:06:30]     s0051 -> 0 saved, 5 skipped (resume)
[09:06:30]     s0052 -> 0 saved, 5 skipped (resume)
[09:06:30]     s0053 -> 0 saved, 5 skipped (resume)
[09:06:30]     s0054 -> 0 saved, 5 skipped (resume)
[09:06:30]     s0055 -> 0 saved, 5 skipped (resume)
[09:06:30]     s0056 -> 0 saved, 5 skipped (resume)
[09:06:30]     s0057 -> 0 saved, 5 skipped (resume)
[09:06:30]     s0058 -> 0 saved, 5 skipped (resume)
[09:06:30]     s0059 -> 0 saved, 5 skipped (resume)
[09:06:30]     s0060 -> 0 saved, 5 skipped (resume)
[09:06:30]     s0061 -> 0 saved, 5 skipped (resume)
[09:06:30]     s0062 -> 0 saved, 5 skipped (resume)
[09:06:30]     s0063 -> 0 saved, 5 skipped (resume)
[09:06:30]     s0064 -> 0 saved, 5 skipped (resume)
[09:06:30]     s0065 -> 0 saved, 5 skipped (resume)
[09:06:30]     s0066 -> 0 saved, 5 skipped (resume)
[09:06:30]     s0067 -> 0 saved, 5 skipped (resume)
[09:06:30]     s0068 -> 0 saved, 5 skipped (resume)
[09:06:30]     s0069 -> 0 saved, 5 skipped (resume)
[09:06:30]     s0070 -> 0 saved, 5 skipped (resume)
[09:06:30]     s0071 -> 0 saved, 5 skipped (resume)
[09:06:30]     s0072 -> 0 saved, 5 skipped (resume)
[09:06:30]     s0073 -> 0 saved, 5 skipped (resume)
[09:06:30]     s0074 -> 0 saved, 5 skipped (resume)
[09:06:30]     s0075 -> 0 saved, 5 skipped (resume)
[09:06:30]     s0076 -> 0 saved, 5 skipped (resume)
[09:06:30]     s0077 -> 0 saved, 5 skipped (resume)
[09:06:30]     s0078 -> 0 saved, 5 skipped (resume)
[09:06:30]     s0079 -> 0 saved, 5 skipped (resume)
[09:06:30]     s0080 -> 0 saved, 5 skipped (resume)
[09:06:30]     s0081 -> 0 saved, 5 skipped (resume)
[09:06:30]     s0082 -> 0 saved, 5 skipped (resume)
[09:06:30]     s0083 -> 0 saved, 5 skipped (resume)
[09:06:30]     s0084 -> 0 saved, 5 skipped (resume)
[09:06:30]     s0085 -> 0 saved, 5 skipped (resume)
[09:06:30]     s0086 -> 0 saved, 5 skipped (resume)
[09:06:30]     s0087 -> 0 saved, 5 skipped (resume)
[09:06:30]     s0088 -> 0 saved, 5 skipped (resume)
[09:06:30]     s0089 -> 0 saved, 5 skipped (resume)
[09:06:30]     s0090 -> 0 saved, 5 skipped (resume)
[09:06:30]     s0091 -> 0 saved, 5 skipped (resume)
[09:06:30]     s0092 -> 0 saved, 5 skipped (resume)
[09:06:30]     s0093 -> 0 saved, 5 skipped (resume)
[09:06:30]     s0094 -> 0 saved, 5 skipped (resume)
[09:06:30]     s0095 -> 0 saved, 5 skipped (resume)
[09:06:30]     s0096 -> 0 saved, 5 skipped (resume)
[09:06:30]     s0097 -> 0 saved, 5 skipped (resume)
[09:06:30]     s0098 -> 0 saved, 5 skipped (resume)
[09:06:30]     s0099 -> 0 saved, 5 skipped (resume)
[09:06:30]     s0100 -> 0 saved, 5 skipped (resume)
[09:06:30]     s0101 -> 0 saved, 5 skipped (resume)
[09:06:30]     s0102 -> 0 saved, 5 skipped (resume)
[09:06:30]     s0103 -> 0 saved, 5 skipped (resume)
[09:06:30]     s0104 -> 0 saved, 5 skipped (resume)
[09:06:30]     s0105 -> 0 saved, 5 skipped (resume)
[09:06:30]     s0106 -> 0 saved, 5 skipped (resume)
[09:06:30]     s0107 -> 0 saved, 5 skipped (resume)
[09:06:30]     s0108 -> 0 saved, 5 skipped (resume)
[09:06:30]     s0109 -> 0 saved, 5 skipped (resume)
[09:06:30]     s0110 -> 0 saved, 5 skipped (resume)
[09:06:30]     s0111 -> 0 saved, 5 skipped (resume)
[09:06:30]     s0112 -> 0 saved, 5 skipped (resume)
[09:06:30]     s0113 -> 0 saved, 5 skipped (resume)
[09:06:30]     s0114 -> 0 saved, 5 skipped (resume)
[09:06:30]     s0115 -> 0 saved, 5 skipped (resume)
[09:06:30]     s0116 -> 0 saved, 5 skipped (resume)
[09:06:30]     s0117 -> 0 saved, 5 skipped (resume)
[09:06:30]     s0118 -> 0 saved, 5 skipped (resume)
[09:06:30]     s0119 -> 0 saved, 5 skipped (resume)
[09:06:30]     s0120 -> 0 saved, 5 skipped (resume)
[09:06:30]     s0121 -> 0 saved, 5 skipped (resume)
[09:06:30]     s0122 -> 0 saved, 5 skipped (resume)
[09:06:30]     s0123 -> 0 saved, 5 skipped (resume)
[09:06:30]     s0124 -> 0 saved, 5 skipped (resume)
[09:06:30]     s0125 -> 0 saved, 5 skipped (resume)
[09:06:30]     s0126 -> 0 saved, 5 skipped (resume)
[09:06:30]     s0127 -> 0 saved, 5 skipped (resume)
[09:06:30]     s0128 -> 0 saved, 5 skipped (resume)
[09:06:30]     s0129 -> 0 saved, 5 skipped (resume)
[09:06:30]     s0130 -> 0 saved, 5 skipped (resume)
[09:06:30]     s0131 -> 0 saved, 5 skipped (resume)
[09:06:30]     s0132 -> 0 saved, 5 skipped (resume)
[09:06:30]     s0133 -> 0 saved, 5 skipped (resume)
[09:06:30]     s0134 -> 0 saved, 5 skipped (resume)
[09:06:30]     s0135 -> 0 saved, 5 skipped (resume)
[09:06:30]     s0136 -> 0 saved, 5 skipped (resume)
[09:06:30]     s0137 -> 0 saved, 5 skipped (resume)
[09:06:30]     s0138 -> 0 saved, 5 skipped (resume)
[09:06:30]     s0139 -> 0 saved, 5 skipped (resume)
[09:06:30]     s0140 -> 0 saved, 5 skipped (resume)
[09:06:30]     s0141 -> 0 saved, 5 skipped (resume)
[09:06:30]     s0142 -> 0 saved, 5 skipped (resume)
[09:06:30]     s0143 -> 0 saved, 5 skipped (resume)
[09:06:30]     s0144 -> 0 saved, 5 skipped (resume)
[09:06:30]     s0145 -> 0 saved, 5 skipped (resume)
[09:06:30]     s0146 -> 0 saved, 5 skipped (resume)
[09:06:30]     s0147 -> 0 saved, 5 skipped (resume)
[09:06:30]     s0148 -> 0 saved, 5 skipped (resume)
[09:06:30]     s0149 -> 0 saved, 5 skipped (resume)
[09:06:30]     s0150 -> 0 saved, 5 skipped (resume)
[09:06:30]     s0151 -> 0 saved, 5 skipped (resume)
[09:06:30]     s0152 -> 0 saved, 5 skipped (resume)
[09:06:30]     s0153 -> 0 saved, 5 skipped (resume)
[09:06:30]     s0154 -> 0 saved, 5 skipped (resume)
[09:06:30]     s0155 -> 0 saved, 5 skipped (resume)
[09:06:30]     s0156 -> 0 saved, 5 skipped (resume)
[09:06:30]     s0157 -> 0 saved, 5 skipped (resume)
[09:06:30]     s0158 -> 0 saved, 5 skipped (resume)
[09:06:30]     s0159 -> 0 saved, 5 skipped (resume)
[09:06:30]     s0160 -> 0 saved, 5 skipped (resume)
[09:06:30]     s0161 -> 0 saved, 5 skipped (resume)
[09:06:30]     s0162 -> 0 saved, 5 skipped (resume)
[09:06:30]     s0163 -> 0 saved, 5 skipped (resume)
[09:06:30]     s0164 -> 0 saved, 5 skipped (resume)
[09:06:30]     s0165 -> 0 saved, 5 skipped (resume)
[09:06:30]     s0166 -> 0 saved, 5 skipped (resume)
[09:06:30]     s0167 -> 0 saved, 5 skipped (resume)
[09:06:30]     s0168 -> 0 saved, 5 skipped (resume)
[09:06:30]     s0169 -> 0 saved, 5 skipped (resume)
[09:06:30]     s0170 -> 0 saved, 5 skipped (resume)
[09:06:30]     s0171 -> 0 saved, 5 skipped (resume)
[09:06:30]     s0172 -> 0 saved, 5 skipped (resume)
[09:06:30]     s0173 -> 0 saved, 5 skipped (resume)
[09:06:30]     s0174 -> 0 saved, 5 skipped (resume)
[09:06:30]     s0175 -> 0 saved, 5 skipped (resume)
[09:06:30]     s0176 -> 0 saved, 5 skipped (resume)
[09:06:30]     s0177 -> 0 saved, 5 skipped (resume)
[09:06:30]     s0178 -> 0 saved, 5 skipped (resume)
[09:06:30]     s0179 -> 0 saved, 5 skipped (resume)
[09:06:30]     s0180 -> 0 saved, 5 skipped (resume)
[09:06:30]     s0181 -> 0 saved, 5 skipped (resume)
[09:06:30]     s0182 -> 0 saved, 5 skipped (resume)
[09:06:30]     s0183 -> 0 saved, 5 skipped (resume)
[09:06:30]     s0184 -> 0 saved, 5 skipped (resume)
[09:06:30]     s0185 -> 0 saved, 5 skipped (resume)
[09:06:30]     s0186 -> 0 saved, 5 skipped (resume)
[09:06:30]     s0187 -> 0 saved, 5 skipped (resume)
[09:06:30]     s0188 -> 0 saved, 5 skipped (resume)
[09:06:30]     s0189 -> 0 saved, 5 skipped (resume)
[09:06:30]     s0190 -> 0 saved, 5 skipped (resume)
[09:06:30]     s0191 -> 0 saved, 5 skipped (resume)
[09:06:30]     s0192 -> 0 saved, 5 skipped (resume)
[09:06:30]     s0193 -> 0 saved, 5 skipped (resume)
[09:06:30]     s0194 -> 0 saved, 5 skipped (resume)
[09:06:30]     s0195 -> 0 saved, 5 skipped (resume)
[09:06:30]     s0196 -> 0 saved, 5 skipped (resume)
[09:06:30]     s0197 -> 0 saved, 5 skipped (resume)
[09:06:30]     s0198 -> 0 saved, 5 skipped (resume)
[09:06:30]     s0199 -> 0 saved, 5 skipped (resume)
[09:06:30]   LiquidAI/lfm2.5-350m:latest × eng_Latn (200 samples)
[09:06:30]     s0000 -> 0 saved, 5 skipped (resume)
[09:06:30]     s0001 -> 0 saved, 5 skipped (resume)
[09:06:30]     s0002 -> 0 saved, 5 skipped (resume)
[09:06:30]     s0003 -> 0 saved, 5 skipped (resume)
[09:06:30]     s0004 -> 0 saved, 5 skipped (resume)
[09:06:30]     s0005 -> 0 saved, 5 skipped (resume)
[09:06:30]     s0006 -> 0 saved, 5 skipped (resume)
[09:06:30]     s0007 -> 0 saved, 5 skipped (resume)
[09:06:30]     s0008 -> 0 saved, 5 skipped (resume)
[09:06:30]     s0009 -> 0 saved, 5 skipped (resume)
[09:06:30]     s0010 -> 0 saved, 5 skipped (resume)
[09:06:30]     s0011 -> 0 saved, 5 skipped (resume)
[09:06:30]     s0012 -> 0 saved, 5 skipped (resume)
[09:06:30]     s0013 -> 0 saved, 5 skipped (resume)
[09:06:30]     s0014 -> 0 saved, 5 skipped (resume)
[09:06:30]     s0015 -> 0 saved, 5 skipped (resume)
[09:06:30]     s0016 -> 0 saved, 5 skipped (resume)
[09:06:30]     s0017 -> 0 saved, 5 skipped (resume)
[09:06:30]     s0018 -> 0 saved, 5 skipped (resume)
[09:06:30]     s0019 -> 0 saved, 5 skipped (resume)
[09:06:30]     s0020 -> 0 saved, 5 skipped (resume)
[09:06:30]     s0021 -> 0 saved, 5 skipped (resume)
[09:06:30]     s0022 -> 0 saved, 5 skipped (resume)
[09:06:30]     s0023 -> 0 saved, 5 skipped (resume)
[09:06:30]     s0024 -> 0 saved, 5 skipped (resume)
[09:06:30]     s0025 -> 0 saved, 5 skipped (resume)
[09:06:30]     s0026 -> 0 saved, 5 skipped (resume)
[09:06:30]     s0027 -> 0 saved, 5 skipped (resume)
[09:06:30]     s0028 -> 0 saved, 5 skipped (resume)
[09:06:30]     s0029 -> 0 saved, 5 skipped (resume)
[09:06:30]     s0030 -> 0 saved, 5 skipped (resume)
[09:06:30]     s0031 -> 0 saved, 5 skipped (resume)
[09:06:30]     s0032 -> 0 saved, 5 skipped (resume)
[09:06:30]     s0033 -> 0 saved, 5 skipped (resume)
[09:06:30]     s0034 -> 0 saved, 5 skipped (resume)
[09:06:30]     s0035 -> 0 saved, 5 skipped (resume)
[09:06:30]     s0036 -> 0 saved, 5 skipped (resume)
[09:06:30]     s0037 -> 0 saved, 5 skipped (resume)
[09:06:30]     s0038 -> 0 saved, 5 skipped (resume)
[09:06:30]     s0039 -> 0 saved, 5 skipped (resume)
[09:06:30]     s0040 -> 0 saved, 5 skipped (resume)
[09:06:30]     s0041 -> 0 saved, 5 skipped (resume)
[09:06:30]     s0042 -> 0 saved, 5 skipped (resume)
[09:06:30]     s0043 -> 0 saved, 5 skipped (resume)
[09:06:30]     s0044 -> 0 saved, 5 skipped (resume)
[09:06:30]     s0045 -> 0 saved, 5 skipped (resume)
[09:06:30]     s0046 -> 0 saved, 5 skipped (resume)
[09:06:30]     s0047 -> 0 saved, 5 skipped (resume)
[09:06:30]     s0048 -> 0 saved, 5 skipped (resume)
[09:06:30]     s0049 -> 0 saved, 5 skipped (resume)
[09:06:30]     s0050 -> 0 saved, 5 skipped (resume)
[09:06:30]     s0051 -> 0 saved, 5 skipped (resume)
[09:06:30]     s0052 -> 0 saved, 5 skipped (resume)
[09:06:30]     s0053 -> 0 saved, 5 skipped (resume)
[09:06:30]     s0054 -> 0 saved, 5 skipped (resume)
[09:06:30]     s0055 -> 0 saved, 5 skipped (resume)
[09:06:30]     s0056 -> 0 saved, 5 skipped (resume)
[09:06:30]     s0057 -> 0 saved, 5 skipped (resume)
[09:06:30]     s0058 -> 0 saved, 5 skipped (resume)
[09:06:30]     s0059 -> 0 saved, 5 skipped (resume)
[09:06:30]     s0060 -> 0 saved, 5 skipped (resume)
[09:06:30]     s0061 -> 0 saved, 5 skipped (resume)
[09:06:30]     s0062 -> 0 saved, 5 skipped (resume)
[09:06:30]     s0063 -> 0 saved, 5 skipped (resume)
[09:06:30]     s0064 -> 0 saved, 5 skipped (resume)
[09:06:30]     s0065 -> 0 saved, 5 skipped (resume)
[09:06:30]     s0066 -> 0 saved, 5 skipped (resume)
[09:06:30]     s0067 -> 0 saved, 5 skipped (resume)
[09:06:30]     s0068 -> 0 saved, 5 skipped (resume)
[09:06:30]     s0069 -> 0 saved, 5 skipped (resume)
[09:06:30]     s0070 -> 0 saved, 5 skipped (resume)
[09:06:30]     s0071 -> 0 saved, 5 skipped (resume)
[09:06:30]     s0072 -> 0 saved, 5 skipped (resume)
[09:06:30]     s0073 -> 0 saved, 5 skipped (resume)
[09:06:30]     s0074 -> 0 saved, 5 skipped (resume)
[09:06:30]     s0075 -> 0 saved, 5 skipped (resume)
[09:06:30]     s0076 -> 0 saved, 5 skipped (resume)
[09:06:30]     s0077 -> 0 saved, 5 skipped (resume)
[09:06:30]     s0078 -> 0 saved, 5 skipped (resume)
[09:06:30]     s0079 -> 0 saved, 5 skipped (resume)
[09:06:30]     s0080 -> 0 saved, 5 skipped (resume)
[09:06:30]     s0081 -> 0 saved, 5 skipped (resume)
[09:06:30]     s0082 -> 0 saved, 5 skipped (resume)
[09:06:30]     s0083 -> 0 saved, 5 skipped (resume)
[09:06:30]     s0084 -> 0 saved, 5 skipped (resume)
[09:06:30]     s0085 -> 0 saved, 5 skipped (resume)
[09:06:30]     s0086 -> 0 saved, 5 skipped (resume)
[09:06:30]     s0087 -> 0 saved, 5 skipped (resume)
[09:06:30]     s0088 -> 0 saved, 5 skipped (resume)
[09:06:30]     s0089 -> 0 saved, 5 skipped (resume)
[09:06:30]     s0090 -> 0 saved, 5 skipped (resume)
[09:06:30]     s0091 -> 0 saved, 5 skipped (resume)
[09:06:30]     s0092 -> 0 saved, 5 skipped (resume)
[09:06:30]     s0093 -> 0 saved, 5 skipped (resume)
[09:06:30]     s0094 -> 0 saved, 5 skipped (resume)
[09:06:30]     s0095 -> 0 saved, 5 skipped (resume)
[09:06:30]     s0096 -> 0 saved, 5 skipped (resume)
[09:06:30]     s0097 -> 0 saved, 5 skipped (resume)
[09:06:30]     s0098 -> 0 saved, 5 skipped (resume)
[09:06:30]     s0099 -> 0 saved, 5 skipped (resume)
[09:06:30]     s0100 -> 0 saved, 5 skipped (resume)
[09:06:30]     s0101 -> 0 saved, 5 skipped (resume)
[09:06:30]     s0102 -> 0 saved, 5 skipped (resume)
[09:06:30]     s0103 -> 0 saved, 5 skipped (resume)
[09:06:30]     s0104 -> 0 saved, 5 skipped (resume)
[09:06:30]     s0105 -> 0 saved, 5 skipped (resume)
[09:06:30]     s0106 -> 0 saved, 5 skipped (resume)
[09:06:30]     s0107 -> 0 saved, 5 skipped (resume)
[09:06:30]     s0108 -> 0 saved, 5 skipped (resume)
[09:06:30]     s0109 -> 0 saved, 5 skipped (resume)
[09:06:30]     s0110 -> 0 saved, 5 skipped (resume)
[09:06:30]     s0111 -> 0 saved, 5 skipped (resume)
[09:06:30]     s0112 -> 0 saved, 5 skipped (resume)
[09:06:30]     s0113 -> 0 saved, 5 skipped (resume)
[09:06:30]     s0114 -> 0 saved, 5 skipped (resume)
[09:06:30]     s0115 -> 0 saved, 5 skipped (resume)
[09:06:30]     s0116 -> 0 saved, 5 skipped (resume)
[09:06:30]     s0117 -> 0 saved, 5 skipped (resume)
[09:06:30]     s0118 -> 0 saved, 5 skipped (resume)
[09:06:30]     s0119 -> 0 saved, 5 skipped (resume)
[09:06:30]     s0120 -> 0 saved, 5 skipped (resume)
[09:06:30]     s0121 -> 0 saved, 5 skipped (resume)
[09:06:30]     s0122 -> 0 saved, 5 skipped (resume)
[09:06:30]     s0123 -> 0 saved, 5 skipped (resume)
[09:06:30]     s0124 -> 0 saved, 5 skipped (resume)
[09:06:30]     s0125 -> 0 saved, 5 skipped (resume)
[09:06:30]     s0126 -> 0 saved, 5 skipped (resume)
[09:06:30]     s0127 -> 0 saved, 5 skipped (resume)
[09:06:30]     s0128 -> 0 saved, 5 skipped (resume)
[09:06:30]     s0129 -> 0 saved, 5 skipped (resume)
[09:06:30]     s0130 -> 0 saved, 5 skipped (resume)
[09:06:30]     s0131 -> 0 saved, 5 skipped (resume)
[09:06:30]     s0132 -> 0 saved, 5 skipped (resume)
[09:06:30]     s0133 -> 0 saved, 5 skipped (resume)
[09:06:30]     s0134 -> 0 saved, 5 skipped (resume)
[09:06:30]     s0135 -> 0 saved, 5 skipped (resume)
[09:06:30]     s0136 -> 0 saved, 5 skipped (resume)
[09:06:30]     s0137 -> 0 saved, 5 skipped (resume)
[09:06:30]     s0138 -> 0 saved, 5 skipped (resume)
[09:06:30]     s0139 -> 0 saved, 5 skipped (resume)
[09:06:30]     s0140 -> 0 saved, 5 skipped (resume)
[09:06:30]     s0141 -> 0 saved, 5 skipped (resume)
[09:06:30]     s0142 -> 0 saved, 5 skipped (resume)
[09:06:30]     s0143 -> 0 saved, 5 skipped (resume)
[09:06:30]     s0144 -> 0 saved, 5 skipped (resume)
[09:06:30]     s0145 -> 0 saved, 5 skipped (resume)
[09:06:30]     s0146 -> 0 saved, 5 skipped (resume)
[09:06:30]     s0147 -> 0 saved, 5 skipped (resume)
[09:06:30]     s0148 -> 0 saved, 5 skipped (resume)
[09:06:30]     s0149 -> 0 saved, 5 skipped (resume)
[09:06:30]     s0150 -> 0 saved, 5 skipped (resume)
[09:06:30]     s0151 -> 0 saved, 5 skipped (resume)
[09:06:30]     s0152 -> 0 saved, 5 skipped (resume)
[09:06:30]     s0153 -> 0 saved, 5 skipped (resume)
[09:06:30]     s0154 -> 0 saved, 5 skipped (resume)
[09:06:30]     s0155 -> 0 saved, 5 skipped (resume)
[09:06:30]     s0156 -> 0 saved, 5 skipped (resume)
[09:06:30]     s0157 -> 0 saved, 5 skipped (resume)
[09:06:30]     s0158 -> 0 saved, 5 skipped (resume)
[09:06:30]     s0159 -> 0 saved, 5 skipped (resume)
[09:06:30]     s0160 -> 0 saved, 5 skipped (resume)
[09:06:30]     s0161 -> 0 saved, 5 skipped (resume)
[09:06:30]     s0162 -> 0 saved, 5 skipped (resume)
[09:06:30]     s0163 -> 0 saved, 5 skipped (resume)
[09:06:30]     s0164 -> 0 saved, 5 skipped (resume)
[09:06:30]     s0165 -> 0 saved, 5 skipped (resume)
[09:06:30]     s0166 -> 0 saved, 5 skipped (resume)
[09:06:30]     s0167 -> 0 saved, 5 skipped (resume)
[09:06:30]     s0168 -> 0 saved, 5 skipped (resume)
[09:06:30]     s0169 -> 0 saved, 5 skipped (resume)
[09:06:30]     s0170 -> 0 saved, 5 skipped (resume)
[09:06:30]     s0171 -> 0 saved, 5 skipped (resume)
[09:06:30]     s0172 -> 0 saved, 5 skipped (resume)
[09:06:30]     s0173 -> 0 saved, 5 skipped (resume)
[09:06:30]     s0174 -> 0 saved, 5 skipped (resume)
[09:06:30]     s0175 -> 0 saved, 5 skipped (resume)
[09:06:30]     s0176 -> 0 saved, 5 skipped (resume)
[09:06:30]     s0177 -> 0 saved, 5 skipped (resume)
[09:06:30]     s0178 -> 0 saved, 5 skipped (resume)
[09:06:30]     s0179 -> 0 saved, 5 skipped (resume)
[09:06:30]     s0180 -> 0 saved, 5 skipped (resume)
[09:06:30]     s0181 -> 0 saved, 5 skipped (resume)
[09:06:30]     s0182 -> 0 saved, 5 skipped (resume)
[09:06:30]     s0183 -> 0 saved, 5 skipped (resume)
[09:06:30]     s0184 -> 0 saved, 5 skipped (resume)
[09:06:30]     s0185 -> 0 saved, 5 skipped (resume)
[09:06:30]     s0186 -> 0 saved, 5 skipped (resume)
[09:06:30]     s0187 -> 0 saved, 5 skipped (resume)
[09:06:30]     s0188 -> 0 saved, 5 skipped (resume)
[09:06:30]     s0189 -> 0 saved, 5 skipped (resume)
[09:06:30]     s0190 -> 0 saved, 5 skipped (resume)
[09:06:30]     s0191 -> 0 saved, 5 skipped (resume)
[09:06:30]     s0192 -> 0 saved, 5 skipped (resume)
[09:06:30]     s0193 -> 0 saved, 5 skipped (resume)
[09:06:30]     s0194 -> 0 saved, 5 skipped (resume)
[09:06:30]     s0195 -> 0 saved, 5 skipped (resume)
[09:06:30]     s0196 -> 0 saved, 5 skipped (resume)
[09:06:30]     s0197 -> 0 saved, 5 skipped (resume)
[09:06:30]     s0198 -> 0 saved, 5 skipped (resume)
[09:06:30]     s0199 -> 0 saved, 5 skipped (resume)
[09:06:30]   LiquidAI/lfm2.5-350m:latest × zho_Hans (200 samples)
[09:06:30]     s0000 -> 0 saved, 5 skipped (resume)
[09:06:30]     s0001 -> 0 saved, 5 skipped (resume)
[09:06:30]     s0002 -> 0 saved, 5 skipped (resume)
[09:06:30]     s0003 -> 0 saved, 5 skipped (resume)
[09:06:30]     s0004 -> 0 saved, 5 skipped (resume)
[09:06:30]     s0005 -> 0 saved, 5 skipped (resume)
[09:06:30]     s0006 -> 0 saved, 5 skipped (resume)
[09:06:30]     s0007 -> 0 saved, 5 skipped (resume)
[09:06:30]     s0008 -> 0 saved, 5 skipped (resume)
[09:06:30]     s0009 -> 0 saved, 5 skipped (resume)
[09:06:30]     s0010 -> 0 saved, 5 skipped (resume)
[09:06:30]     s0011 -> 0 saved, 5 skipped (resume)
[09:06:30]     s0012 -> 0 saved, 5 skipped (resume)
[09:06:30]     s0013 -> 0 saved, 5 skipped (resume)
[09:06:30]     s0014 -> 0 saved, 5 skipped (resume)
[09:06:30]     s0015 -> 0 saved, 5 skipped (resume)
[09:06:30]     s0016 -> 0 saved, 5 skipped (resume)
[09:06:30]     s0017 -> 0 saved, 5 skipped (resume)
[09:06:30]     s0018 -> 0 saved, 5 skipped (resume)
[09:06:30]     s0019 -> 0 saved, 5 skipped (resume)
[09:06:30]     s0020 -> 0 saved, 5 skipped (resume)
[09:06:30]     s0021 -> 0 saved, 5 skipped (resume)
[09:06:30]     s0022 -> 0 saved, 5 skipped (resume)
[09:06:30]     s0023 -> 0 saved, 5 skipped (resume)
[09:06:30]     s0024 -> 0 saved, 5 skipped (resume)
[09:06:30]     s0025 -> 0 saved, 5 skipped (resume)
[09:06:30]     s0026 -> 0 saved, 5 skipped (resume)
[09:06:30]     s0027 -> 0 saved, 5 skipped (resume)
[09:06:30]     s0028 -> 0 saved, 5 skipped (resume)
[09:06:30]     s0029 -> 0 saved, 5 skipped (resume)
[09:06:30]     s0030 -> 0 saved, 5 skipped (resume)
[09:06:30]     s0031 -> 0 saved, 5 skipped (resume)
[09:06:30]     s0032 -> 0 saved, 5 skipped (resume)
[09:06:30]     s0033 -> 0 saved, 5 skipped (resume)
[09:06:30]     s0034 -> 0 saved, 5 skipped (resume)
[09:06:30]     s0035 -> 0 saved, 5 skipped (resume)
[09:06:30]     s0036 -> 0 saved, 5 skipped (resume)
[09:06:30]     s0037 -> 0 saved, 5 skipped (resume)
[09:06:30]     s0038 -> 0 saved, 5 skipped (resume)
[09:06:30]     s0039 -> 0 saved, 5 skipped (resume)
[09:06:30]     s0040 -> 0 saved, 5 skipped (resume)
[09:06:30]     s0041 -> 0 saved, 5 skipped (resume)
[09:06:30]     s0042 -> 0 saved, 5 skipped (resume)
[09:06:30]     s0043 -> 0 saved, 5 skipped (resume)
[09:06:30]     s0044 -> 0 saved, 5 skipped (resume)
[09:06:30]     s0045 -> 0 saved, 5 skipped (resume)
[09:06:30]     s0046 -> 0 saved, 5 skipped (resume)
[09:06:30]     s0047 -> 0 saved, 5 skipped (resume)
[09:06:30]     s0048 -> 0 saved, 5 skipped (resume)
[09:06:30]     s0049 -> 0 saved, 5 skipped (resume)
[09:06:30]     s0050 -> 0 saved, 5 skipped (resume)
[09:06:30]     s0051 -> 0 saved, 5 skipped (resume)
[09:06:30]     s0052 -> 0 saved, 5 skipped (resume)
[09:06:30]     s0053 -> 0 saved, 5 skipped (resume)
[09:06:30]     s0054 -> 0 saved, 5 skipped (resume)
[09:06:30]     s0055 -> 0 saved, 5 skipped (resume)
[09:06:30]     s0056 -> 0 saved, 5 skipped (resume)
[09:06:30]     s0057 -> 0 saved, 5 skipped (resume)
[09:06:30]     s0058 -> 0 saved, 5 skipped (resume)
[09:06:30]     s0059 -> 0 saved, 5 skipped (resume)
[09:06:30]     s0060 -> 0 saved, 5 skipped (resume)
[09:06:30]     s0061 -> 0 saved, 5 skipped (resume)
[09:06:30]     s0062 -> 0 saved, 5 skipped (resume)
[09:06:30]     s0063 -> 0 saved, 5 skipped (resume)
[09:06:30]     s0064 -> 0 saved, 5 skipped (resume)
[09:06:30]     s0065 -> 0 saved, 5 skipped (resume)
[09:06:30]     s0066 -> 0 saved, 5 skipped (resume)
[09:06:30]     s0067 -> 0 saved, 5 skipped (resume)
[09:06:30]     s0068 -> 0 saved, 5 skipped (resume)
[09:06:30]     s0069 -> 0 saved, 5 skipped (resume)
[09:06:30]     s0070 -> 0 saved, 5 skipped (resume)
[09:06:30]     s0071 -> 0 saved, 5 skipped (resume)
[09:06:30]     s0072 -> 0 saved, 5 skipped (resume)
[09:06:30]     s0073 -> 0 saved, 5 skipped (resume)
[09:06:30]     s0074 -> 0 saved, 5 skipped (resume)
[09:06:30]     s0075 -> 0 saved, 5 skipped (resume)
[09:06:30]     s0076 -> 0 saved, 5 skipped (resume)
[09:06:30]     s0077 -> 0 saved, 5 skipped (resume)
[09:06:30]     s0078 -> 0 saved, 5 skipped (resume)
[09:06:30]     s0079 -> 0 saved, 5 skipped (resume)
[09:06:30]     s0080 -> 0 saved, 5 skipped (resume)
[09:06:30]     s0081 -> 0 saved, 5 skipped (resume)
[09:06:30]     s0082 -> 0 saved, 5 skipped (resume)
[09:06:30]     s0083 -> 0 saved, 5 skipped (resume)
[09:06:30]     s0084 -> 0 saved, 5 skipped (resume)
[09:06:30]     s0085 -> 0 saved, 5 skipped (resume)
[09:06:30]     s0086 -> 0 saved, 5 skipped (resume)
[09:06:30]     s0087 -> 0 saved, 5 skipped (resume)
[09:06:30]     s0088 -> 0 saved, 5 skipped (resume)
[09:06:30]     s0089 -> 0 saved, 5 skipped (resume)
[09:06:30]     s0090 -> 0 saved, 5 skipped (resume)
[09:06:30]     s0091 -> 0 saved, 5 skipped (resume)
[09:06:30]     s0092 -> 0 saved, 5 skipped (resume)
[09:06:30]     s0093 -> 0 saved, 5 skipped (resume)
[09:06:30]     s0094 -> 0 saved, 5 skipped (resume)
[09:06:30]     s0095 -> 0 saved, 5 skipped (resume)
[09:06:30]     s0096 -> 0 saved, 5 skipped (resume)
[09:06:30]     s0097 -> 0 saved, 5 skipped (resume)
[09:06:30]     s0098 -> 0 saved, 5 skipped (resume)
[09:06:30]     s0099 -> 0 saved, 5 skipped (resume)
[09:06:30]     s0100 -> 0 saved, 5 skipped (resume)
[09:06:30]     s0101 -> 0 saved, 5 skipped (resume)
[09:06:30]     s0102 -> 0 saved, 5 skipped (resume)
[09:06:30]     s0103 -> 0 saved, 5 skipped (resume)
[09:06:30]     s0104 -> 0 saved, 5 skipped (resume)
[09:06:30]     s0105 -> 0 saved, 5 skipped (resume)
[09:06:30]     s0106 -> 0 saved, 5 skipped (resume)
[09:06:30]     s0107 -> 0 saved, 5 skipped (resume)
[09:06:30]     s0108 -> 0 saved, 5 skipped (resume)
[09:06:30]     s0109 -> 0 saved, 5 skipped (resume)
[09:06:30]     s0110 -> 0 saved, 5 skipped (resume)
[09:06:30]     s0111 -> 0 saved, 5 skipped (resume)
[09:06:30]     s0112 -> 0 saved, 5 skipped (resume)
[09:06:30]     s0113 -> 0 saved, 5 skipped (resume)
[09:06:30]     s0114 -> 0 saved, 5 skipped (resume)
[09:06:30]     s0115 -> 0 saved, 5 skipped (resume)
[09:06:30]     s0116 -> 0 saved, 5 skipped (resume)
[09:06:30]     s0117 -> 0 saved, 5 skipped (resume)
[09:06:30]     s0118 -> 0 saved, 5 skipped (resume)
[09:06:30]     s0119 -> 0 saved, 5 skipped (resume)
[09:06:30]     s0120 -> 0 saved, 5 skipped (resume)
[09:06:30]     s0121 -> 0 saved, 5 skipped (resume)
[09:06:30]     s0122 -> 0 saved, 5 skipped (resume)
[09:06:30]     s0123 -> 0 saved, 5 skipped (resume)
[09:06:30]     s0124 -> 0 saved, 5 skipped (resume)
[09:06:30]     s0125 -> 0 saved, 5 skipped (resume)
[09:06:30]     s0126 -> 0 saved, 5 skipped (resume)
[09:06:30]     s0127 -> 0 saved, 5 skipped (resume)
[09:06:30]     s0128 -> 0 saved, 5 skipped (resume)
[09:06:30]     s0129 -> 0 saved, 5 skipped (resume)
[09:06:30]     s0130 -> 0 saved, 5 skipped (resume)
[09:06:30]     s0131 -> 0 saved, 5 skipped (resume)
[09:06:30]     s0132 -> 0 saved, 5 skipped (resume)
[09:06:30]     s0133 -> 0 saved, 5 skipped (resume)
[09:06:30]     s0134 -> 0 saved, 5 skipped (resume)
[09:06:30]     s0135 -> 0 saved, 5 skipped (resume)
[09:06:30]     s0136 -> 0 saved, 5 skipped (resume)
[09:06:30]     s0137 -> 0 saved, 5 skipped (resume)
[09:06:30]     s0138 -> 0 saved, 5 skipped (resume)
[09:06:30]     s0139 -> 0 saved, 5 skipped (resume)
[09:06:30]     s0140 -> 0 saved, 5 skipped (resume)
[09:06:30]     s0141 -> 0 saved, 5 skipped (resume)
[09:06:30]     s0142 -> 0 saved, 5 skipped (resume)
[09:06:30]     s0143 -> 0 saved, 5 skipped (resume)
[09:06:30]     s0144 -> 0 saved, 5 skipped (resume)
[09:06:30]     s0145 -> 0 saved, 5 skipped (resume)
[09:06:30]     s0146 -> 0 saved, 5 skipped (resume)
[09:06:30]     s0147 -> 0 saved, 5 skipped (resume)
[09:06:30]     s0148 -> 0 saved, 5 skipped (resume)
[09:06:30]     s0149 -> 0 saved, 5 skipped (resume)
[09:06:30]     s0150 -> 0 saved, 5 skipped (resume)
[09:06:30]     s0151 -> 0 saved, 5 skipped (resume)
[09:06:30]     s0152 -> 0 saved, 5 skipped (resume)
[09:06:30]     s0153 -> 0 saved, 5 skipped (resume)
[09:06:30]     s0154 -> 0 saved, 5 skipped (resume)
[09:06:30]     s0155 -> 0 saved, 5 skipped (resume)
[09:06:30]     s0156 -> 0 saved, 5 skipped (resume)
[09:06:30]     s0157 -> 0 saved, 5 skipped (resume)
[09:06:30]     s0158 -> 0 saved, 5 skipped (resume)
[09:06:30]     s0159 -> 0 saved, 5 skipped (resume)
[09:06:30]     s0160 -> 0 saved, 5 skipped (resume)
[09:06:30]     s0161 -> 0 saved, 5 skipped (resume)
[09:06:30]     s0162 -> 0 saved, 5 skipped (resume)
[09:06:30]     s0163 -> 0 saved, 5 skipped (resume)
[09:06:30]     s0164 -> 0 saved, 5 skipped (resume)
[09:06:30]     s0165 -> 0 saved, 5 skipped (resume)
[09:06:30]     s0166 -> 0 saved, 5 skipped (resume)
[09:06:30]     s0167 -> 0 saved, 5 skipped (resume)
[09:06:30]     s0168 -> 0 saved, 5 skipped (resume)
[09:06:30]     s0169 -> 0 saved, 5 skipped (resume)
[09:06:30]     s0170 -> 0 saved, 5 skipped (resume)
[09:06:30]     s0171 -> 0 saved, 5 skipped (resume)
[09:06:30]     s0172 -> 0 saved, 5 skipped (resume)
[09:06:30]     s0173 -> 0 saved, 5 skipped (resume)
[09:06:30]     s0174 -> 0 saved, 5 skipped (resume)
[09:06:30]     s0175 -> 0 saved, 5 skipped (resume)
[09:06:30]     s0176 -> 0 saved, 5 skipped (resume)
[09:06:30]     s0177 -> 0 saved, 5 skipped (resume)
[09:06:30]     s0178 -> 0 saved, 5 skipped (resume)
[09:06:30]     s0179 -> 0 saved, 5 skipped (resume)
[09:06:30]     s0180 -> 0 saved, 5 skipped (resume)
[09:06:30]     s0181 -> 0 saved, 5 skipped (resume)
[09:06:30]     s0182 -> 0 saved, 5 skipped (resume)
[09:06:30]     s0183 -> 0 saved, 5 skipped (resume)
[09:06:30]     s0184 -> 0 saved, 5 skipped (resume)
[09:06:30]     s0185 -> 0 saved, 5 skipped (resume)
[09:06:30]     s0186 -> 0 saved, 5 skipped (resume)
[09:06:30]     s0187 -> 0 saved, 5 skipped (resume)
[09:06:30]     s0188 -> 0 saved, 5 skipped (resume)
[09:06:30]     s0189 -> 0 saved, 5 skipped (resume)
[09:06:30]     s0190 -> 0 saved, 5 skipped (resume)
[09:06:30]     s0191 -> 0 saved, 5 skipped (resume)
[09:06:30]     s0192 -> 0 saved, 5 skipped (resume)
[09:06:30]     s0193 -> 0 saved, 5 skipped (resume)
[09:06:30]     s0194 -> 0 saved, 5 skipped (resume)
[09:06:30]     s0195 -> 0 saved, 5 skipped (resume)
[09:06:30]     s0196 -> 0 saved, 5 skipped (resume)
[09:06:30]     s0197 -> 0 saved, 5 skipped (resume)
[09:06:30]     s0198 -> 0 saved, 5 skipped (resume)
[09:06:30]     s0199 -> 0 saved, 5 skipped (resume)
[09:06:30]   LiquidAI/lfm2.5-350m:latest × jpn_Jpan (200 samples)
[09:06:30]     s0000 -> 0 saved, 5 skipped (resume)
[09:06:30]     s0001 -> 0 saved, 5 skipped (resume)
[09:06:30]     s0002 -> 0 saved, 5 skipped (resume)
[09:06:30]     s0003 -> 0 saved, 5 skipped (resume)
[09:06:30]     s0004 -> 0 saved, 5 skipped (resume)
[09:06:30]     s0005 -> 0 saved, 5 skipped (resume)
[09:06:30]     s0006 -> 0 saved, 5 skipped (resume)
[09:06:30]     s0007 -> 0 saved, 5 skipped (resume)
[09:06:30]     s0008 -> 0 saved, 5 skipped (resume)
[09:06:30]     s0009 -> 0 saved, 5 skipped (resume)
[09:06:30]     s0010 -> 0 saved, 5 skipped (resume)
[09:06:30]     s0011 -> 0 saved, 5 skipped (resume)
[09:06:30]     s0012 -> 0 saved, 5 skipped (resume)
[09:06:30]     s0013 -> 0 saved, 5 skipped (resume)
[09:06:30]     s0014 -> 0 saved, 5 skipped (resume)
[09:06:30]     s0015 -> 0 saved, 5 skipped (resume)
[09:06:30]     s0016 -> 0 saved, 5 skipped (resume)
[09:06:30]     s0017 -> 0 saved, 5 skipped (resume)
[09:06:30]     s0018 -> 0 saved, 5 skipped (resume)
[09:06:30]     s0019 -> 0 saved, 5 skipped (resume)
[09:06:30]     s0020 -> 0 saved, 5 skipped (resume)
[09:06:30]     s0021 -> 0 saved, 5 skipped (resume)
[09:06:30]     s0022 -> 0 saved, 5 skipped (resume)
[09:06:30]     s0023 -> 0 saved, 5 skipped (resume)
[09:06:30]     s0024 -> 0 saved, 5 skipped (resume)
[09:06:30]     s0025 -> 0 saved, 5 skipped (resume)
[09:06:30]     s0026 -> 0 saved, 5 skipped (resume)
[09:06:30]     s0027 -> 0 saved, 5 skipped (resume)
[09:06:30]     s0028 -> 0 saved, 5 skipped (resume)
[09:06:30]     s0029 -> 0 saved, 5 skipped (resume)
[09:06:30]     s0030 -> 0 saved, 5 skipped (resume)
[09:06:30]     s0031 -> 0 saved, 5 skipped (resume)
[09:06:30]     s0032 -> 0 saved, 5 skipped (resume)
[09:06:30]     s0033 -> 0 saved, 5 skipped (resume)
[09:06:30]     s0034 -> 0 saved, 5 skipped (resume)
[09:06:30]     s0035 -> 0 saved, 5 skipped (resume)
[09:06:30]     s0036 -> 0 saved, 5 skipped (resume)
[09:06:30]     s0037 -> 0 saved, 5 skipped (resume)
[09:06:30]     s0038 -> 0 saved, 5 skipped (resume)
[09:06:30]     s0039 -> 0 saved, 5 skipped (resume)
[09:06:30]     s0040 -> 0 saved, 5 skipped (resume)
[09:06:30]     s0041 -> 0 saved, 5 skipped (resume)
[09:06:30]     s0042 -> 0 saved, 5 skipped (resume)
[09:06:30]     s0043 -> 0 saved, 5 skipped (resume)
[09:06:30]     s0044 -> 0 saved, 5 skipped (resume)
[09:06:30]     s0045 -> 0 saved, 5 skipped (resume)
[09:06:30]     s0046 -> 0 saved, 5 skipped (resume)
[09:06:30]     s0047 -> 0 saved, 5 skipped (resume)
[09:06:30]     s0048 -> 0 saved, 5 skipped (resume)
[09:06:30]     s0049 -> 0 saved, 5 skipped (resume)
[09:06:30]     s0050 -> 0 saved, 5 skipped (resume)
[09:06:30]     s0051 -> 0 saved, 5 skipped (resume)
[09:06:30]     s0052 -> 0 saved, 5 skipped (resume)
[09:06:30]     s0053 -> 0 saved, 5 skipped (resume)
[09:06:30]     s0054 -> 0 saved, 5 skipped (resume)
[09:06:30]     s0055 -> 0 saved, 5 skipped (resume)
[09:06:30]     s0056 -> 0 saved, 5 skipped (resume)
[09:06:30]     s0057 -> 0 saved, 5 skipped (resume)
[09:06:30]     s0058 -> 0 saved, 5 skipped (resume)
[09:06:30]     s0059 -> 0 saved, 5 skipped (resume)
[09:06:30]     s0060 -> 0 saved, 5 skipped (resume)
[09:06:30]     s0061 -> 0 saved, 5 skipped (resume)
[09:06:30]     s0062 -> 0 saved, 5 skipped (resume)
[09:06:30]     s0063 -> 0 saved, 5 skipped (resume)
[09:06:30]     s0064 -> 0 saved, 5 skipped (resume)
[09:06:30]     s0065 -> 0 saved, 5 skipped (resume)
[09:06:30]     s0066 -> 0 saved, 5 skipped (resume)
[09:06:30]     s0067 -> 0 saved, 5 skipped (resume)
[09:06:30]     s0068 -> 0 saved, 5 skipped (resume)
[09:06:30]     s0069 -> 0 saved, 5 skipped (resume)
[09:06:30]     s0070 -> 0 saved, 5 skipped (resume)
[09:06:30]     s0071 -> 0 saved, 5 skipped (resume)
[09:06:30]     s0072 -> 0 saved, 5 skipped (resume)
[09:06:30]     s0073 -> 0 saved, 5 skipped (resume)
[09:06:30]     s0074 -> 0 saved, 5 skipped (resume)
[09:06:30]     s0075 -> 0 saved, 5 skipped (resume)
[09:06:30]     s0076 -> 0 saved, 5 skipped (resume)
[09:06:30]     s0077 -> 0 saved, 5 skipped (resume)
[09:06:30]     s0078 -> 0 saved, 5 skipped (resume)
[09:06:30]     s0079 -> 0 saved, 5 skipped (resume)
[09:06:30]     s0080 -> 0 saved, 5 skipped (resume)
[09:06:30]     s0081 -> 0 saved, 5 skipped (resume)
[09:06:30]     s0082 -> 0 saved, 5 skipped (resume)
[09:06:30]     s0083 -> 0 saved, 5 skipped (resume)
[09:06:30]     s0084 -> 0 saved, 5 skipped (resume)
[09:06:30]     s0085 -> 0 saved, 5 skipped (resume)
[09:06:30]     s0086 -> 0 saved, 5 skipped (resume)
[09:06:30]     s0087 -> 0 saved, 5 skipped (resume)
[09:06:30]     s0088 -> 0 saved, 5 skipped (resume)
[09:06:30]     s0089 -> 0 saved, 5 skipped (resume)
[09:06:30]     s0090 -> 0 saved, 5 skipped (resume)
[09:06:30]     s0091 -> 0 saved, 5 skipped (resume)
[09:06:30]     s0092 -> 0 saved, 5 skipped (resume)
[09:06:30]     s0093 -> 0 saved, 5 skipped (resume)
[09:06:30]     s0094 -> 0 saved, 5 skipped (resume)
[09:06:30]     s0095 -> 0 saved, 5 skipped (resume)
[09:06:30]     s0096 -> 0 saved, 5 skipped (resume)
[09:06:30]     s0097 -> 0 saved, 5 skipped (resume)
[09:06:30]     s0098 -> 0 saved, 5 skipped (resume)
[09:06:30]     s0099 -> 0 saved, 5 skipped (resume)
[09:06:30]     s0100 -> 0 saved, 5 skipped (resume)
[09:06:30]     s0101 -> 0 saved, 5 skipped (resume)
[09:06:30]     s0102 -> 0 saved, 5 skipped (resume)
[09:06:30]     s0103 -> 0 saved, 5 skipped (resume)
[09:06:30]     s0104 -> 0 saved, 5 skipped (resume)
[09:06:30]     s0105 -> 0 saved, 5 skipped (resume)
[09:06:30]     s0106 -> 0 saved, 5 skipped (resume)
[09:06:30]     s0107 -> 0 saved, 5 skipped (resume)
[09:06:30]     s0108 -> 0 saved, 5 skipped (resume)
[09:06:30]     s0109 -> 0 saved, 5 skipped (resume)
[09:06:30]     s0110 -> 0 saved, 5 skipped (resume)
[09:06:30]     s0111 -> 0 saved, 5 skipped (resume)
[09:06:30]     s0112 -> 0 saved, 5 skipped (resume)
[09:06:30]     s0113 -> 0 saved, 5 skipped (resume)
[09:06:30]     s0114 -> 0 saved, 5 skipped (resume)
[09:06:30]     s0115 -> 0 saved, 5 skipped (resume)
[09:06:30]     s0116 -> 0 saved, 5 skipped (resume)
[09:06:30]     s0117 -> 0 saved, 5 skipped (resume)
[09:06:30]     s0118 -> 0 saved, 5 skipped (resume)
[09:06:30]     s0119 -> 0 saved, 5 skipped (resume)
[09:06:30]     s0120 -> 0 saved, 5 skipped (resume)
[09:06:30]     s0121 -> 0 saved, 5 skipped (resume)
[09:06:30]     s0122 -> 0 saved, 5 skipped (resume)
[09:06:30]     s0123 -> 0 saved, 5 skipped (resume)
[09:06:30]     s0124 -> 0 saved, 5 skipped (resume)
[09:06:30]     s0125 -> 0 saved, 5 skipped (resume)
[09:06:30]     s0126 -> 0 saved, 5 skipped (resume)
[09:06:30]     s0127 -> 0 saved, 5 skipped (resume)
[09:06:30]     s0128 -> 0 saved, 5 skipped (resume)
[09:06:30]     s0129 -> 0 saved, 5 skipped (resume)
[09:06:30]     s0130 -> 0 saved, 5 skipped (resume)
[09:06:30]     s0131 -> 0 saved, 5 skipped (resume)
[09:06:30]     s0132 -> 0 saved, 5 skipped (resume)
[09:06:30]     s0133 -> 0 saved, 5 skipped (resume)
[09:06:30]     s0134 -> 0 saved, 5 skipped (resume)
[09:06:30]     s0135 -> 0 saved, 5 skipped (resume)
[09:06:30]     s0136 -> 0 saved, 5 skipped (resume)
[09:06:30]     s0137 -> 0 saved, 5 skipped (resume)
[09:06:30]     s0138 -> 0 saved, 5 skipped (resume)
[09:06:30]     s0139 -> 0 saved, 5 skipped (resume)
[09:06:30]     s0140 -> 0 saved, 5 skipped (resume)
[09:06:30]     s0141 -> 0 saved, 5 skipped (resume)
[09:06:30]     s0142 -> 0 saved, 5 skipped (resume)
[09:06:30]     s0143 -> 0 saved, 5 skipped (resume)
[09:06:30]     s0144 -> 0 saved, 5 skipped (resume)
[09:06:30]     s0145 -> 0 saved, 5 skipped (resume)
[09:06:30]     s0146 -> 0 saved, 5 skipped (resume)
[09:06:30]     s0147 -> 0 saved, 5 skipped (resume)
[09:06:30]     s0148 -> 0 saved, 5 skipped (resume)
[09:06:30]     s0149 -> 0 saved, 5 skipped (resume)
[09:06:30]     s0150 -> 0 saved, 5 skipped (resume)
[09:06:30]     s0151 -> 0 saved, 5 skipped (resume)
[09:06:30]     s0152 -> 0 saved, 5 skipped (resume)
[09:06:30]     s0153 -> 0 saved, 5 skipped (resume)
[09:06:30]     s0154 -> 0 saved, 5 skipped (resume)
[09:06:30]     s0155 -> 0 saved, 5 skipped (resume)
[09:06:30]     s0156 -> 0 saved, 5 skipped (resume)
[09:06:30]     s0157 -> 0 saved, 5 skipped (resume)
[09:06:30]     s0158 -> 0 saved, 5 skipped (resume)
[09:06:30]     s0159 -> 0 saved, 5 skipped (resume)
[09:06:30]     s0160 -> 0 saved, 5 skipped (resume)
[09:06:30]     s0161 -> 0 saved, 5 skipped (resume)
[09:06:30]     s0162 -> 0 saved, 5 skipped (resume)
[09:06:30]     s0163 -> 0 saved, 5 skipped (resume)
[09:06:30]     s0164 -> 0 saved, 5 skipped (resume)
[09:06:30]     s0165 -> 0 saved, 5 skipped (resume)
[09:06:30]     s0166 -> 0 saved, 5 skipped (resume)
[09:06:30]     s0167 -> 0 saved, 5 skipped (resume)
[09:06:30]     s0168 -> 0 saved, 5 skipped (resume)
[09:06:30]     s0169 -> 0 saved, 5 skipped (resume)
[09:06:30]     s0170 -> 0 saved, 5 skipped (resume)
[09:06:30]     s0171 -> 0 saved, 5 skipped (resume)
[09:06:30]     s0172 -> 0 saved, 5 skipped (resume)
[09:06:30]     s0173 -> 0 saved, 5 skipped (resume)
[09:06:30]     s0174 -> 0 saved, 5 skipped (resume)
[09:06:30]     s0175 -> 0 saved, 5 skipped (resume)
[09:06:30]     s0176 -> 0 saved, 5 skipped (resume)
[09:06:30]     s0177 -> 0 saved, 5 skipped (resume)
[09:06:30]     s0178 -> 0 saved, 5 skipped (resume)
[09:06:30]     s0179 -> 0 saved, 5 skipped (resume)
[09:06:30]     s0180 -> 0 saved, 5 skipped (resume)
[09:06:30]     s0181 -> 0 saved, 5 skipped (resume)
[09:06:30]     s0182 -> 0 saved, 5 skipped (resume)
[09:06:30]     s0183 -> 0 saved, 5 skipped (resume)
[09:06:30]     s0184 -> 0 saved, 5 skipped (resume)
[09:06:30]     s0185 -> 0 saved, 5 skipped (resume)
[09:06:30]     s0186 -> 0 saved, 5 skipped (resume)
[09:06:30]     s0187 -> 0 saved, 5 skipped (resume)
[09:06:30]     s0188 -> 0 saved, 5 skipped (resume)
[09:06:30]     s0189 -> 0 saved, 5 skipped (resume)
[09:06:30]     s0190 -> 0 saved, 5 skipped (resume)
[09:06:30]     s0191 -> 0 saved, 5 skipped (resume)
[09:06:30]     s0192 -> 0 saved, 5 skipped (resume)
[09:06:30]     s0193 -> 0 saved, 5 skipped (resume)
[09:06:30]     s0194 -> 0 saved, 5 skipped (resume)
[09:06:30]     s0195 -> 0 saved, 5 skipped (resume)
[09:06:30]     s0196 -> 0 saved, 5 skipped (resume)
[09:06:30]     s0197 -> 0 saved, 5 skipped (resume)
[09:06:30]     s0198 -> 0 saved, 5 skipped (resume)
[09:06:30]     s0199 -> 0 saved, 5 skipped (resume)
[09:06:30]   LiquidAI/lfm2.5-350m:latest × kor_Hang (200 samples)
[09:06:30]     s0000 -> 0 saved, 5 skipped (resume)
[09:06:30]     s0001 -> 0 saved, 5 skipped (resume)
[09:06:30]     s0002 -> 0 saved, 5 skipped (resume)
[09:06:30]     s0003 -> 0 saved, 5 skipped (resume)
[09:06:30]     s0004 -> 0 saved, 5 skipped (resume)
[09:06:30]     s0005 -> 0 saved, 5 skipped (resume)
[09:06:30]     s0006 -> 0 saved, 5 skipped (resume)
[09:06:30]     s0007 -> 0 saved, 5 skipped (resume)
[09:06:30]     s0008 -> 0 saved, 5 skipped (resume)
[09:06:30]     s0009 -> 0 saved, 5 skipped (resume)
[09:06:30]     s0010 -> 0 saved, 5 skipped (resume)
[09:06:30]     s0011 -> 0 saved, 5 skipped (resume)
[09:06:30]     s0012 -> 0 saved, 5 skipped (resume)
[09:06:30]     s0013 -> 0 saved, 5 skipped (resume)
[09:06:30]     s0014 -> 0 saved, 5 skipped (resume)
[09:06:30]     s0015 -> 0 saved, 5 skipped (resume)
[09:06:30]     s0016 -> 0 saved, 5 skipped (resume)
[09:06:30]     s0017 -> 0 saved, 5 skipped (resume)
[09:06:30]     s0018 -> 0 saved, 5 skipped (resume)
[09:06:30]     s0019 -> 0 saved, 5 skipped (resume)
[09:06:30]     s0020 -> 0 saved, 5 skipped (resume)
[09:06:30]     s0021 -> 0 saved, 5 skipped (resume)
[09:06:30]     s0022 -> 0 saved, 5 skipped (resume)
[09:06:30]     s0023 -> 0 saved, 5 skipped (resume)
[09:06:30]     s0024 -> 0 saved, 5 skipped (resume)
[09:06:30]     s0025 -> 0 saved, 5 skipped (resume)
[09:06:30]     s0026 -> 0 saved, 5 skipped (resume)
[09:06:30]     s0027 -> 0 saved, 5 skipped (resume)
[09:06:30]     s0028 -> 0 saved, 5 skipped (resume)
[09:06:30]     s0029 -> 0 saved, 5 skipped (resume)
[09:06:30]     s0030 -> 0 saved, 5 skipped (resume)
[09:06:30]     s0031 -> 0 saved, 5 skipped (resume)
[09:06:30]     s0032 -> 0 saved, 5 skipped (resume)
[09:06:30]     s0033 -> 0 saved, 5 skipped (resume)
[09:06:30]     s0034 -> 0 saved, 5 skipped (resume)
[09:06:30]     s0035 -> 0 saved, 5 skipped (resume)
[09:06:30]     s0036 -> 0 saved, 5 skipped (resume)
[09:06:30]     s0037 -> 0 saved, 5 skipped (resume)
[09:06:30]     s0038 -> 0 saved, 5 skipped (resume)
[09:06:30]     s0039 -> 0 saved, 5 skipped (resume)
[09:06:30]     s0040 -> 0 saved, 5 skipped (resume)
[09:06:30]     s0041 -> 0 saved, 5 skipped (resume)
[09:06:30]     s0042 -> 0 saved, 5 skipped (resume)
[09:06:30]     s0043 -> 0 saved, 5 skipped (resume)
[09:06:30]     s0044 -> 0 saved, 5 skipped (resume)
[09:06:30]     s0045 -> 0 saved, 5 skipped (resume)
[09:06:30]     s0046 -> 0 saved, 5 skipped (resume)
[09:06:30]     s0047 -> 0 saved, 5 skipped (resume)
[09:06:30]     s0048 -> 0 saved, 5 skipped (resume)
[09:06:30]     s0049 -> 0 saved, 5 skipped (resume)
[09:06:30]     s0050 -> 0 saved, 5 skipped (resume)
[09:06:30]     s0051 -> 0 saved, 5 skipped (resume)
[09:06:30]     s0052 -> 0 saved, 5 skipped (resume)
[09:06:30]     s0053 -> 0 saved, 5 skipped (resume)
[09:06:30]     s0054 -> 0 saved, 5 skipped (resume)
[09:06:30]     s0055 -> 0 saved, 5 skipped (resume)
[09:06:30]     s0056 -> 0 saved, 5 skipped (resume)
[09:06:30]     s0057 -> 0 saved, 5 skipped (resume)
[09:06:30]     s0058 -> 0 saved, 5 skipped (resume)
[09:06:30]     s0059 -> 0 saved, 5 skipped (resume)
[09:06:30]     s0060 -> 0 saved, 5 skipped (resume)
[09:06:30]     s0061 -> 0 saved, 5 skipped (resume)
[09:06:30]     s0062 -> 0 saved, 5 skipped (resume)
[09:06:30]     s0063 -> 0 saved, 5 skipped (resume)
[09:06:30]     s0064 -> 0 saved, 5 skipped (resume)
[09:06:30]     s0065 -> 0 saved, 5 skipped (resume)
[09:06:30]     s0066 -> 0 saved, 5 skipped (resume)
[09:06:30]     s0067 -> 0 saved, 5 skipped (resume)
[09:06:30]     s0068 -> 0 saved, 5 skipped (resume)
[09:06:30]     s0069 -> 0 saved, 5 skipped (resume)
[09:06:30]     s0070 -> 0 saved, 5 skipped (resume)
[09:06:30]     s0071 -> 0 saved, 5 skipped (resume)
[09:06:30]     s0072 -> 0 saved, 5 skipped (resume)
[09:06:30]     s0073 -> 0 saved, 5 skipped (resume)
[09:06:30]     s0074 -> 0 saved, 5 skipped (resume)
[09:06:30]     s0075 -> 0 saved, 5 skipped (resume)
[09:06:30]     s0076 -> 0 saved, 5 skipped (resume)
[09:06:30]     s0077 -> 0 saved, 5 skipped (resume)
[09:06:30]     s0078 -> 0 saved, 5 skipped (resume)
[09:06:30]     s0079 -> 0 saved, 5 skipped (resume)
[09:06:30]     s0080 -> 0 saved, 5 skipped (resume)
[09:06:30]     s0081 -> 0 saved, 5 skipped (resume)
[09:06:30]     s0082 -> 0 saved, 5 skipped (resume)
[09:06:30]     s0083 -> 0 saved, 5 skipped (resume)
[09:06:30]     s0084 -> 0 saved, 5 skipped (resume)
[09:06:30]     s0085 -> 0 saved, 5 skipped (resume)
[09:06:30]     s0086 -> 0 saved, 5 skipped (resume)
[09:06:30]     s0087 -> 0 saved, 5 skipped (resume)
[09:06:30]     s0088 -> 0 saved, 5 skipped (resume)
[09:06:30]     s0089 -> 0 saved, 5 skipped (resume)
[09:06:30]     s0090 -> 0 saved, 5 skipped (resume)
[09:06:30]     s0091 -> 0 saved, 5 skipped (resume)
[09:06:30]     s0092 -> 0 saved, 5 skipped (resume)
[09:06:30]     s0093 -> 0 saved, 5 skipped (resume)
[09:06:30]     s0094 -> 0 saved, 5 skipped (resume)
[09:06:30]     s0095 -> 0 saved, 5 skipped (resume)
[09:06:30]     s0096 -> 0 saved, 5 skipped (resume)
[09:06:30]     s0097 -> 0 saved, 5 skipped (resume)
[09:06:30]     s0098 -> 0 saved, 5 skipped (resume)
[09:06:30]     s0099 -> 0 saved, 5 skipped (resume)
[09:06:30]     s0100 -> 0 saved, 5 skipped (resume)
[09:06:30]     s0101 -> 0 saved, 5 skipped (resume)
[09:06:30]     s0102 -> 0 saved, 5 skipped (resume)
[09:06:30]     s0103 -> 0 saved, 5 skipped (resume)
[09:06:30]     s0104 -> 0 saved, 5 skipped (resume)
[09:06:30]     s0105 -> 0 saved, 5 skipped (resume)
[09:06:30]     s0106 -> 0 saved, 5 skipped (resume)
[09:06:30]     s0107 -> 0 saved, 5 skipped (resume)
[09:06:30]     s0108 -> 0 saved, 5 skipped (resume)
[09:06:30]     s0109 -> 0 saved, 5 skipped (resume)
[09:06:30]     s0110 -> 0 saved, 5 skipped (resume)
[09:06:30]     s0111 -> 0 saved, 5 skipped (resume)
[09:06:30]     s0112 -> 0 saved, 5 skipped (resume)
[09:06:30]     s0113 -> 0 saved, 5 skipped (resume)
[09:06:30]     s0114 -> 0 saved, 5 skipped (resume)
[09:06:30]     s0115 -> 0 saved, 5 skipped (resume)
[09:06:30]     s0116 -> 0 saved, 5 skipped (resume)
[09:06:30]     s0117 -> 0 saved, 5 skipped (resume)
[09:06:30]     s0118 -> 0 saved, 5 skipped (resume)
[09:06:30]     s0119 -> 0 saved, 5 skipped (resume)
[09:06:30]     s0120 -> 0 saved, 5 skipped (resume)
[09:06:30]     s0121 -> 0 saved, 5 skipped (resume)
[09:06:30]     s0122 -> 0 saved, 5 skipped (resume)
[09:06:30]     s0123 -> 0 saved, 5 skipped (resume)
[09:06:30]     s0124 -> 0 saved, 5 skipped (resume)
[09:06:30]     s0125 -> 0 saved, 5 skipped (resume)
[09:06:30]     s0126 -> 0 saved, 5 skipped (resume)
[09:06:30]     s0127 -> 0 saved, 5 skipped (resume)
[09:06:30]     s0128 -> 0 saved, 5 skipped (resume)
[09:06:30]     s0129 -> 0 saved, 5 skipped (resume)
[09:06:30]     s0130 -> 0 saved, 5 skipped (resume)
[09:06:30]     s0131 -> 0 saved, 5 skipped (resume)
[09:06:30]     s0132 -> 0 saved, 5 skipped (resume)
[09:06:30]     s0133 -> 0 saved, 5 skipped (resume)
[09:06:30]     s0134 -> 0 saved, 5 skipped (resume)
[09:06:30]     s0135 -> 0 saved, 5 skipped (resume)
[09:06:30]     s0136 -> 0 saved, 5 skipped (resume)
[09:06:30]     s0137 -> 0 saved, 5 skipped (resume)
[09:06:30]     s0138 -> 0 saved, 5 skipped (resume)
[09:06:30]     s0139 -> 0 saved, 5 skipped (resume)
[09:06:30]     s0140 -> 0 saved, 5 skipped (resume)
[09:06:30]     s0141 -> 0 saved, 5 skipped (resume)
[09:06:30]     s0142 -> 0 saved, 5 skipped (resume)
[09:06:30]     s0143 -> 0 saved, 5 skipped (resume)
[09:06:30]     s0144 -> 0 saved, 5 skipped (resume)
[09:06:30]     s0145 -> 0 saved, 5 skipped (resume)
[09:06:30]     s0146 -> 0 saved, 5 skipped (resume)
[09:06:30]     s0147 -> 0 saved, 5 skipped (resume)
[09:06:30]     s0148 -> 0 saved, 5 skipped (resume)
[09:06:30]     s0149 -> 0 saved, 5 skipped (resume)
[09:06:30]     s0150 -> 0 saved, 5 skipped (resume)
[09:06:30]     s0151 -> 0 saved, 5 skipped (resume)
[09:06:30]     s0152 -> 0 saved, 5 skipped (resume)
[09:06:30]     s0153 -> 0 saved, 5 skipped (resume)
[09:06:30]     s0154 -> 0 saved, 5 skipped (resume)
[09:06:30]     s0155 -> 0 saved, 5 skipped (resume)
[09:06:30]     s0156 -> 0 saved, 5 skipped (resume)
[09:06:30]     s0157 -> 0 saved, 5 skipped (resume)
[09:06:30]     s0158 -> 0 saved, 5 skipped (resume)
[09:06:30]     s0159 -> 0 saved, 5 skipped (resume)
[09:06:30]     s0160 -> 0 saved, 5 skipped (resume)
[09:06:30]     s0161 -> 0 saved, 5 skipped (resume)
[09:06:30]     s0162 -> 0 saved, 5 skipped (resume)
[09:06:30]     s0163 -> 0 saved, 5 skipped (resume)
[09:06:30]     s0164 -> 0 saved, 5 skipped (resume)
[09:06:30]     s0165 -> 0 saved, 5 skipped (resume)
[09:06:30]     s0166 -> 0 saved, 5 skipped (resume)
[09:06:30]     s0167 -> 0 saved, 5 skipped (resume)
[09:06:30]     s0168 -> 0 saved, 5 skipped (resume)
[09:06:30]     s0169 -> 0 saved, 5 skipped (resume)
[09:06:30]     s0170 -> 0 saved, 5 skipped (resume)
[09:06:30]     s0171 -> 0 saved, 5 skipped (resume)
[09:06:30]     s0172 -> 0 saved, 5 skipped (resume)
[09:06:30]     s0173 -> 0 saved, 5 skipped (resume)
[09:06:30]     s0174 -> 0 saved, 5 skipped (resume)
[09:06:30]     s0175 -> 0 saved, 5 skipped (resume)
[09:06:30]     s0176 -> 0 saved, 5 skipped (resume)
[09:06:30]     s0177 -> 0 saved, 5 skipped (resume)
[09:06:30]     s0178 -> 0 saved, 5 skipped (resume)
[09:06:30]     s0179 -> 0 saved, 5 skipped (resume)
[09:06:30]     s0180 -> 0 saved, 5 skipped (resume)
[09:06:30]     s0181 -> 0 saved, 5 skipped (resume)
[09:06:30]     s0182 -> 0 saved, 5 skipped (resume)
[09:06:30]     s0183 -> 0 saved, 5 skipped (resume)
[09:06:30]     s0184 -> 0 saved, 5 skipped (resume)
[09:06:30]     s0185 -> 0 saved, 5 skipped (resume)
[09:06:30]     s0186 -> 0 saved, 5 skipped (resume)
[09:06:30]     s0187 -> 0 saved, 5 skipped (resume)
[09:06:30]     s0188 -> 0 saved, 5 skipped (resume)
[09:06:30]     s0189 -> 0 saved, 5 skipped (resume)
[09:06:30]     s0190 -> 0 saved, 5 skipped (resume)
[09:06:30]     s0191 -> 0 saved, 5 skipped (resume)
[09:06:30]     s0192 -> 0 saved, 5 skipped (resume)
[09:06:30]     s0193 -> 0 saved, 5 skipped (resume)
[09:06:30]     s0194 -> 0 saved, 5 skipped (resume)
[09:06:30]     s0195 -> 0 saved, 5 skipped (resume)
[09:06:30]     s0196 -> 0 saved, 5 skipped (resume)
[09:06:30]     s0197 -> 0 saved, 5 skipped (resume)
[09:06:30]     s0198 -> 0 saved, 5 skipped (resume)
[09:06:30]     s0199 -> 0 saved, 5 skipped (resume)
[09:06:30]   LiquidAI/lfm2.5-350m:latest × spa_Latn (200 samples)
[09:06:30]     s0000 -> 0 saved, 5 skipped (resume)
[09:06:30]     s0001 -> 0 saved, 5 skipped (resume)
[09:06:30]     s0002 -> 0 saved, 5 skipped (resume)
[09:06:30]     s0003 -> 0 saved, 5 skipped (resume)
[09:06:30]     s0004 -> 0 saved, 5 skipped (resume)
[09:06:30]     s0005 -> 0 saved, 5 skipped (resume)
[09:06:30]     s0006 -> 0 saved, 5 skipped (resume)
[09:06:30]     s0007 -> 0 saved, 5 skipped (resume)
[09:06:30]     s0008 -> 0 saved, 5 skipped (resume)
[09:06:30]     s0009 -> 0 saved, 5 skipped (resume)
[09:06:30]     s0010 -> 0 saved, 5 skipped (resume)
[09:06:30]     s0011 -> 0 saved, 5 skipped (resume)
[09:06:30]     s0012 -> 0 saved, 5 skipped (resume)
[09:06:30]     s0013 -> 0 saved, 5 skipped (resume)
[09:06:30]     s0014 -> 0 saved, 5 skipped (resume)
[09:06:30]     s0015 -> 0 saved, 5 skipped (resume)
[09:06:30]     s0016 -> 0 saved, 5 skipped (resume)
[09:06:30]     s0017 -> 0 saved, 5 skipped (resume)
[09:06:30]     s0018 -> 0 saved, 5 skipped (resume)
[09:06:30]     s0019 -> 0 saved, 5 skipped (resume)
[09:06:30]     s0020 -> 0 saved, 5 skipped (resume)
[09:06:30]     s0021 -> 0 saved, 5 skipped (resume)
[09:06:30]     s0022 -> 0 saved, 5 skipped (resume)
[09:06:30]     s0023 -> 0 saved, 5 skipped (resume)
[09:06:30]     s0024 -> 0 saved, 5 skipped (resume)
[09:06:30]     s0025 -> 0 saved, 5 skipped (resume)
[09:06:30]     s0026 -> 0 saved, 5 skipped (resume)
[09:06:30]     s0027 -> 0 saved, 5 skipped (resume)
[09:06:30]     s0028 -> 0 saved, 5 skipped (resume)
[09:06:30]     s0029 -> 0 saved, 5 skipped (resume)
[09:06:30]     s0030 -> 0 saved, 5 skipped (resume)
[09:06:30]     s0031 -> 0 saved, 5 skipped (resume)
[09:06:30]     s0032 -> 0 saved, 5 skipped (resume)
[09:06:30]     s0033 -> 0 saved, 5 skipped (resume)
[09:06:30]     s0034 -> 0 saved, 5 skipped (resume)
[09:06:30]     s0035 -> 0 saved, 5 skipped (resume)
[09:06:30]     s0036 -> 0 saved, 5 skipped (resume)
[09:06:30]     s0037 -> 0 saved, 5 skipped (resume)
[09:06:30]     s0038 -> 0 saved, 5 skipped (resume)
[09:06:30]     s0039 -> 0 saved, 5 skipped (resume)
[09:06:30]     s0040 -> 0 saved, 5 skipped (resume)
[09:06:30]     s0041 -> 0 saved, 5 skipped (resume)
[09:06:30]     s0042 -> 0 saved, 5 skipped (resume)
[09:06:30]     s0043 -> 0 saved, 5 skipped (resume)
[09:06:30]     s0044 -> 0 saved, 5 skipped (resume)
[09:06:30]     s0045 -> 0 saved, 5 skipped (resume)
[09:06:30]     s0046 -> 0 saved, 5 skipped (resume)
[09:06:30]     s0047 -> 0 saved, 5 skipped (resume)
[09:06:30]     s0048 -> 0 saved, 5 skipped (resume)
[09:06:30]     s0049 -> 0 saved, 5 skipped (resume)
[09:06:30]     s0050 -> 0 saved, 5 skipped (resume)
[09:06:30]     s0051 -> 0 saved, 5 skipped (resume)
[09:06:30]     s0052 -> 0 saved, 5 skipped (resume)
[09:06:30]     s0053 -> 0 saved, 5 skipped (resume)
[09:06:30]     s0054 -> 0 saved, 5 skipped (resume)
[09:06:30]     s0055 -> 0 saved, 5 skipped (resume)
[09:06:30]     s0056 -> 0 saved, 5 skipped (resume)
[09:06:30]     s0057 -> 0 saved, 5 skipped (resume)
[09:06:30]     s0058 -> 0 saved, 5 skipped (resume)
[09:06:30]     s0059 -> 0 saved, 5 skipped (resume)
[09:06:30]     s0060 -> 0 saved, 5 skipped (resume)
[09:06:30]     s0061 -> 0 saved, 5 skipped (resume)
[09:06:30]     s0062 -> 0 saved, 5 skipped (resume)
[09:06:30]     s0063 -> 0 saved, 5 skipped (resume)
[09:06:30]     s0064 -> 0 saved, 5 skipped (resume)
[09:06:30]     s0065 -> 0 saved, 5 skipped (resume)
[09:06:30]     s0066 -> 0 saved, 5 skipped (resume)
[09:06:30]     s0067 -> 0 saved, 5 skipped (resume)
[09:06:30]     s0068 -> 0 saved, 5 skipped (resume)
[09:06:30]     s0069 -> 0 saved, 5 skipped (resume)
[09:06:30]     s0070 -> 0 saved, 5 skipped (resume)
[09:06:30]     s0071 -> 0 saved, 5 skipped (resume)
[09:06:30]     s0072 -> 0 saved, 5 skipped (resume)
[09:06:30]     s0073 -> 0 saved, 5 skipped (resume)
[09:06:30]     s0074 -> 0 saved, 5 skipped (resume)
[09:06:30]     s0075 -> 0 saved, 5 skipped (resume)
[09:06:30]     s0076 -> 0 saved, 5 skipped (resume)
[09:06:30]     s0077 -> 0 saved, 5 skipped (resume)
[09:06:30]     s0078 -> 0 saved, 5 skipped (resume)
[09:06:30]     s0079 -> 0 saved, 5 skipped (resume)
[09:06:30]     s0080 -> 0 saved, 5 skipped (resume)
[09:06:30]     s0081 -> 0 saved, 5 skipped (resume)
[09:06:30]     s0082 -> 0 saved, 5 skipped (resume)
[09:06:30]     s0083 -> 0 saved, 5 skipped (resume)
[09:06:30]     s0084 -> 0 saved, 5 skipped (resume)
[09:06:30]     s0085 -> 0 saved, 5 skipped (resume)
[09:06:30]     s0086 -> 0 saved, 5 skipped (resume)
[09:06:30]     s0087 -> 0 saved, 5 skipped (resume)
[09:06:30]     s0088 -> 0 saved, 5 skipped (resume)
[09:06:30]     s0089 -> 0 saved, 5 skipped (resume)
[09:06:30]     s0090 -> 0 saved, 5 skipped (resume)
[09:06:30]     s0091 -> 0 saved, 5 skipped (resume)
[09:06:30]     s0092 -> 0 saved, 5 skipped (resume)
[09:06:30]     s0093 -> 0 saved, 5 skipped (resume)
[09:06:30]     s0094 -> 0 saved, 5 skipped (resume)
[09:06:30]     s0095 -> 0 saved, 5 skipped (resume)
[09:06:30]     s0096 -> 0 saved, 5 skipped (resume)
[09:06:30]     s0097 -> 0 saved, 5 skipped (resume)
[09:06:30]     s0098 -> 0 saved, 5 skipped (resume)
[09:06:30]     s0099 -> 0 saved, 5 skipped (resume)
[09:06:30]     s0100 -> 0 saved, 5 skipped (resume)
[09:06:30]     s0101 -> 0 saved, 5 skipped (resume)
[09:06:30]     s0102 -> 0 saved, 5 skipped (resume)
[09:06:30]     s0103 -> 0 saved, 5 skipped (resume)
[09:06:30]     s0104 -> 0 saved, 5 skipped (resume)
[09:06:30]     s0105 -> 0 saved, 5 skipped (resume)
[09:06:30]     s0106 -> 0 saved, 5 skipped (resume)
[09:06:30]     s0107 -> 0 saved, 5 skipped (resume)
[09:06:30]     s0108 -> 0 saved, 5 skipped (resume)
[09:06:30]     s0109 -> 0 saved, 5 skipped (resume)
[09:06:30]     s0110 -> 0 saved, 5 skipped (resume)
[09:06:30]     s0111 -> 0 saved, 5 skipped (resume)
[09:06:30]     s0112 -> 0 saved, 5 skipped (resume)
[09:06:30]     s0113 -> 0 saved, 5 skipped (resume)
[09:06:30]     s0114 -> 0 saved, 5 skipped (resume)
[09:06:30]     s0115 -> 0 saved, 5 skipped (resume)
[09:06:30]     s0116 -> 0 saved, 5 skipped (resume)
[09:06:30]     s0117 -> 0 saved, 5 skipped (resume)
[09:06:30]     s0118 -> 0 saved, 5 skipped (resume)
[09:06:30]     s0119 -> 0 saved, 5 skipped (resume)
[09:06:30]     s0120 -> 0 saved, 5 skipped (resume)
[09:06:30]     s0121 -> 0 saved, 5 skipped (resume)
[09:06:30]     s0122 -> 0 saved, 5 skipped (resume)
[09:06:30]     s0123 -> 0 saved, 5 skipped (resume)
[09:06:30]     s0124 -> 0 saved, 5 skipped (resume)
[09:06:30]     s0125 -> 0 saved, 5 skipped (resume)
[09:06:30]     s0126 -> 0 saved, 5 skipped (resume)
[09:06:30]     s0127 -> 0 saved, 5 skipped (resume)
[09:06:30]     s0128 -> 0 saved, 5 skipped (resume)
[09:06:30]     s0129 -> 0 saved, 5 skipped (resume)
[09:06:30]     s0130 -> 0 saved, 5 skipped (resume)
[09:06:30]     s0131 -> 0 saved, 5 skipped (resume)
[09:06:30]     s0132 -> 0 saved, 5 skipped (resume)
[09:06:30]     s0133 -> 0 saved, 5 skipped (resume)
[09:06:30]     s0134 -> 0 saved, 5 skipped (resume)
[09:06:30]     s0135 -> 0 saved, 5 skipped (resume)
[09:06:30]     s0136 -> 0 saved, 5 skipped (resume)
[09:06:30]     s0137 -> 0 saved, 5 skipped (resume)
[09:06:30]     s0138 -> 0 saved, 5 skipped (resume)
[09:06:30]     s0139 -> 0 saved, 5 skipped (resume)
[09:06:30]     s0140 -> 0 saved, 5 skipped (resume)
[09:06:30]     s0141 -> 0 saved, 5 skipped (resume)
[09:06:30]     s0142 -> 0 saved, 5 skipped (resume)
[09:06:30]     s0143 -> 0 saved, 5 skipped (resume)
[09:06:30]     s0144 -> 0 saved, 5 skipped (resume)
[09:06:30]     s0145 -> 0 saved, 5 skipped (resume)
[09:06:30]     s0146 -> 0 saved, 5 skipped (resume)
[09:06:30]     s0147 -> 0 saved, 5 skipped (resume)
[09:06:30]     s0148 -> 0 saved, 5 skipped (resume)
[09:06:30]     s0149 -> 0 saved, 5 skipped (resume)
[09:06:30]     s0150 -> 0 saved, 5 skipped (resume)
[09:06:30]     s0151 -> 0 saved, 5 skipped (resume)
[09:06:30]     s0152 -> 0 saved, 5 skipped (resume)
[09:06:30]     s0153 -> 0 saved, 5 skipped (resume)
[09:06:30]     s0154 -> 0 saved, 5 skipped (resume)
[09:06:30]     s0155 -> 0 saved, 5 skipped (resume)
[09:06:30]     s0156 -> 0 saved, 5 skipped (resume)
[09:06:30]     s0157 -> 0 saved, 5 skipped (resume)
[09:06:30]     s0158 -> 0 saved, 5 skipped (resume)
[09:06:30]     s0159 -> 0 saved, 5 skipped (resume)
[09:06:30]     s0160 -> 0 saved, 5 skipped (resume)
[09:06:30]     s0161 -> 0 saved, 5 skipped (resume)
[09:06:30]     s0162 -> 0 saved, 5 skipped (resume)
[09:06:30]     s0163 -> 0 saved, 5 skipped (resume)
[09:06:30]     s0164 -> 0 saved, 5 skipped (resume)
[09:06:30]     s0165 -> 0 saved, 5 skipped (resume)
[09:06:30]     s0166 -> 0 saved, 5 skipped (resume)
[09:06:30]     s0167 -> 0 saved, 5 skipped (resume)
[09:06:30]     s0168 -> 0 saved, 5 skipped (resume)
[09:06:30]     s0169 -> 0 saved, 5 skipped (resume)
[09:06:30]     s0170 -> 0 saved, 5 skipped (resume)
[09:06:30]     s0171 -> 0 saved, 5 skipped (resume)
[09:06:30]     s0172 -> 0 saved, 5 skipped (resume)
[09:06:30]     s0173 -> 0 saved, 5 skipped (resume)
[09:06:30]     s0174 -> 0 saved, 5 skipped (resume)
[09:06:30]     s0175 -> 0 saved, 5 skipped (resume)
[09:06:30]     s0176 -> 0 saved, 5 skipped (resume)
[09:06:30]     s0177 -> 0 saved, 5 skipped (resume)
[09:06:30]     s0178 -> 0 saved, 5 skipped (resume)
[09:06:30]     s0179 -> 0 saved, 5 skipped (resume)
[09:06:30]     s0180 -> 0 saved, 5 skipped (resume)
[09:06:30]     s0181 -> 0 saved, 5 skipped (resume)
[09:06:30]     s0182 -> 0 saved, 5 skipped (resume)
[09:06:30]     s0183 -> 0 saved, 5 skipped (resume)
[09:06:30]     s0184 -> 0 saved, 5 skipped (resume)
[09:06:30]     s0185 -> 0 saved, 5 skipped (resume)
[09:06:30]     s0186 -> 0 saved, 5 skipped (resume)
[09:06:30]     s0187 -> 0 saved, 5 skipped (resume)
[09:06:30]     s0188 -> 0 saved, 5 skipped (resume)
[09:06:30]     s0189 -> 0 saved, 5 skipped (resume)
[09:06:30]     s0190 -> 0 saved, 5 skipped (resume)
[09:06:30]     s0191 -> 0 saved, 5 skipped (resume)
[09:06:30]     s0192 -> 0 saved, 5 skipped (resume)
[09:06:30]     s0193 -> 0 saved, 5 skipped (resume)
[09:06:30]     s0194 -> 0 saved, 5 skipped (resume)
[09:06:30]     s0195 -> 0 saved, 5 skipped (resume)
[09:06:30]     s0196 -> 0 saved, 5 skipped (resume)
[09:06:30]     s0197 -> 0 saved, 5 skipped (resume)
[09:06:30]     s0198 -> 0 saved, 5 skipped (resume)
[09:06:30]     s0199 -> 0 saved, 5 skipped (resume)
[09:06:30]   LiquidAI/lfm2.5-350m:latest × fra_Latn (200 samples)
[09:06:30]     s0000 -> 0 saved, 5 skipped (resume)
[09:06:30]     s0001 -> 0 saved, 5 skipped (resume)
[09:06:30]     s0002 -> 0 saved, 5 skipped (resume)
[09:06:30]     s0003 -> 0 saved, 5 skipped (resume)
[09:06:30]     s0004 -> 0 saved, 5 skipped (resume)
[09:06:30]     s0005 -> 0 saved, 5 skipped (resume)
[09:06:30]     s0006 -> 0 saved, 5 skipped (resume)
[09:06:30]     s0007 -> 0 saved, 5 skipped (resume)
[09:06:30]     s0008 -> 0 saved, 5 skipped (resume)
[09:06:30]     s0009 -> 0 saved, 5 skipped (resume)
[09:06:30]     s0010 -> 0 saved, 5 skipped (resume)
[09:06:30]     s0011 -> 0 saved, 5 skipped (resume)
[09:06:30]     s0012 -> 0 saved, 5 skipped (resume)
[09:06:30]     s0013 -> 0 saved, 5 skipped (resume)
[09:06:30]     s0014 -> 0 saved, 5 skipped (resume)
[09:06:30]     s0015 -> 0 saved, 5 skipped (resume)
[09:06:30]     s0016 -> 0 saved, 5 skipped (resume)
[09:06:30]     s0017 -> 0 saved, 5 skipped (resume)
[09:06:30]     s0018 -> 0 saved, 5 skipped (resume)
[09:06:30]     s0019 -> 0 saved, 5 skipped (resume)
[09:06:30]     s0020 -> 0 saved, 5 skipped (resume)
[09:06:30]     s0021 -> 0 saved, 5 skipped (resume)
[09:06:30]     s0022 -> 0 saved, 5 skipped (resume)
[09:06:30]     s0023 -> 0 saved, 5 skipped (resume)
[09:06:30]     s0024 -> 0 saved, 5 skipped (resume)
[09:06:30]     s0025 -> 0 saved, 5 skipped (resume)
[09:06:30]     s0026 -> 0 saved, 5 skipped (resume)
[09:06:30]     s0027 -> 0 saved, 5 skipped (resume)
[09:06:30]     s0028 -> 0 saved, 5 skipped (resume)
[09:06:30]     s0029 -> 0 saved, 5 skipped (resume)
[09:06:30]     s0030 -> 0 saved, 5 skipped (resume)
[09:06:30]     s0031 -> 0 saved, 5 skipped (resume)
[09:06:30]     s0032 -> 0 saved, 5 skipped (resume)
[09:06:30]     s0033 -> 0 saved, 5 skipped (resume)
[09:06:30]     s0034 -> 0 saved, 5 skipped (resume)
[09:06:30]     s0035 -> 0 saved, 5 skipped (resume)
[09:06:30]     s0036 -> 0 saved, 5 skipped (resume)
[09:06:30]     s0037 -> 0 saved, 5 skipped (resume)
[09:06:30]     s0038 -> 0 saved, 5 skipped (resume)
[09:06:30]     s0039 -> 0 saved, 5 skipped (resume)
[09:06:30]     s0040 -> 0 saved, 5 skipped (resume)
[09:06:30]     s0041 -> 0 saved, 5 skipped (resume)
[09:06:30]     s0042 -> 0 saved, 5 skipped (resume)
[09:06:30]     s0043 -> 0 saved, 5 skipped (resume)
[09:06:30]     s0044 -> 0 saved, 5 skipped (resume)
[09:06:30]     s0045 -> 0 saved, 5 skipped (resume)
[09:06:30]     s0046 -> 0 saved, 5 skipped (resume)
[09:06:30]     s0047 -> 0 saved, 5 skipped (resume)
[09:06:30]     s0048 -> 0 saved, 5 skipped (resume)
[09:06:30]     s0049 -> 0 saved, 5 skipped (resume)
[09:06:30]     s0050 -> 0 saved, 5 skipped (resume)
[09:06:30]     s0051 -> 0 saved, 5 skipped (resume)
[09:06:30]     s0052 -> 0 saved, 5 skipped (resume)
[09:06:30]     s0053 -> 0 saved, 5 skipped (resume)
[09:06:30]     s0054 -> 0 saved, 5 skipped (resume)
[09:06:30]     s0055 -> 0 saved, 5 skipped (resume)
[09:06:30]     s0056 -> 0 saved, 5 skipped (resume)
[09:06:30]     s0057 -> 0 saved, 5 skipped (resume)
[09:06:30]     s0058 -> 0 saved, 5 skipped (resume)
[09:06:30]     s0059 -> 0 saved, 5 skipped (resume)
[09:06:30]     s0060 -> 0 saved, 5 skipped (resume)
[09:06:30]     s0061 -> 0 saved, 5 skipped (resume)
[09:06:30]     s0062 -> 0 saved, 5 skipped (resume)
[09:06:30]     s0063 -> 0 saved, 5 skipped (resume)
[09:06:30]     s0064 -> 0 saved, 5 skipped (resume)
[09:06:30]     s0065 -> 0 saved, 5 skipped (resume)
[09:06:30]     s0066 -> 0 saved, 5 skipped (resume)
[09:06:30]     s0067 -> 0 saved, 5 skipped (resume)
[09:06:30]     s0068 -> 0 saved, 5 skipped (resume)
[09:06:30]     s0069 -> 0 saved, 5 skipped (resume)
[09:06:30]     s0070 -> 0 saved, 5 skipped (resume)
[09:06:30]     s0071 -> 0 saved, 5 skipped (resume)
[09:06:30]     s0072 -> 0 saved, 5 skipped (resume)
[09:06:30]     s0073 -> 0 saved, 5 skipped (resume)
[09:06:30]     s0074 -> 0 saved, 5 skipped (resume)
[09:06:30]     s0075 -> 0 saved, 5 skipped (resume)
[09:06:30]     s0076 -> 0 saved, 5 skipped (resume)
[09:06:30]     s0077 -> 0 saved, 5 skipped (resume)
[09:06:30]     s0078 -> 0 saved, 5 skipped (resume)
[09:06:30]     s0079 -> 0 saved, 5 skipped (resume)
[09:06:30]     s0080 -> 0 saved, 5 skipped (resume)
[09:06:30]     s0081 -> 0 saved, 5 skipped (resume)
[09:06:30]     s0082 -> 0 saved, 5 skipped (resume)
[09:06:30]     s0083 -> 0 saved, 5 skipped (resume)
[09:06:30]     s0084 -> 0 saved, 5 skipped (resume)
[09:06:30]     s0085 -> 0 saved, 5 skipped (resume)
[09:06:30]     s0086 -> 0 saved, 5 skipped (resume)
[09:06:30]     s0087 -> 0 saved, 5 skipped (resume)
[09:06:30]     s0088 -> 0 saved, 5 skipped (resume)
[09:06:30]     s0089 -> 0 saved, 5 skipped (resume)
[09:06:30]     s0090 -> 0 saved, 5 skipped (resume)
[09:06:30]     s0091 -> 0 saved, 5 skipped (resume)
[09:06:30]     s0092 -> 0 saved, 5 skipped (resume)
[09:06:30]     s0093 -> 0 saved, 5 skipped (resume)
[09:06:30]     s0094 -> 0 saved, 5 skipped (resume)
[09:06:30]     s0095 -> 0 saved, 5 skipped (resume)
[09:06:30]     s0096 -> 0 saved, 5 skipped (resume)
[09:06:30]     s0097 -> 0 saved, 5 skipped (resume)
[09:06:30]     s0098 -> 0 saved, 5 skipped (resume)
[09:06:30]     s0099 -> 0 saved, 5 skipped (resume)
[09:06:30]     s0100 -> 0 saved, 5 skipped (resume)
[09:06:30]     s0101 -> 0 saved, 5 skipped (resume)
[09:06:30]     s0102 -> 0 saved, 5 skipped (resume)
[09:06:30]     s0103 -> 0 saved, 5 skipped (resume)
[09:06:30]     s0104 -> 0 saved, 5 skipped (resume)
[09:06:30]     s0105 -> 0 saved, 5 skipped (resume)
[09:06:30]     s0106 -> 0 saved, 5 skipped (resume)
[09:06:30]     s0107 -> 0 saved, 5 skipped (resume)
[09:06:30]     s0108 -> 0 saved, 5 skipped (resume)
[09:06:30]     s0109 -> 0 saved, 5 skipped (resume)
[09:06:30]     s0110 -> 0 saved, 5 skipped (resume)
[09:06:30]     s0111 -> 0 saved, 5 skipped (resume)
[09:06:30]     s0112 -> 0 saved, 5 skipped (resume)
[09:06:30]     s0113 -> 0 saved, 5 skipped (resume)
[09:06:30]     s0114 -> 0 saved, 5 skipped (resume)
[09:06:30]     s0115 -> 0 saved, 5 skipped (resume)
[09:06:30]     s0116 -> 0 saved, 5 skipped (resume)
[09:06:30]     s0117 -> 0 saved, 5 skipped (resume)
[09:06:30]     s0118 -> 0 saved, 5 skipped (resume)
[09:06:30]     s0119 -> 0 saved, 5 skipped (resume)
[09:06:30]     s0120 -> 0 saved, 5 skipped (resume)
[09:06:30]     s0121 -> 0 saved, 5 skipped (resume)
[09:06:30]     s0122 -> 0 saved, 5 skipped (resume)
[09:06:30]     s0123 -> 0 saved, 5 skipped (resume)
[09:06:30]     s0124 -> 0 saved, 5 skipped (resume)
[09:06:30]     s0125 -> 0 saved, 5 skipped (resume)
[09:06:30]     s0126 -> 0 saved, 5 skipped (resume)
[09:06:30]     s0127 -> 0 saved, 5 skipped (resume)
[09:06:30]     s0128 -> 0 saved, 5 skipped (resume)
[09:06:30]     s0129 -> 0 saved, 5 skipped (resume)
[09:06:30]     s0130 -> 0 saved, 5 skipped (resume)
[09:06:30]     s0131 -> 0 saved, 5 skipped (resume)
[09:06:30]     s0132 -> 0 saved, 5 skipped (resume)
[09:06:30]     s0133 -> 0 saved, 5 skipped (resume)
[09:06:30]     s0134 -> 0 saved, 5 skipped (resume)
[09:06:30]     s0135 -> 0 saved, 5 skipped (resume)
[09:06:30]     s0136 -> 0 saved, 5 skipped (resume)
[09:06:30]     s0137 -> 0 saved, 5 skipped (resume)
[09:06:30]     s0138 -> 0 saved, 5 skipped (resume)
[09:06:30]     s0139 -> 0 saved, 5 skipped (resume)
[09:06:30]     s0140 -> 0 saved, 5 skipped (resume)
[09:06:30]     s0141 -> 0 saved, 5 skipped (resume)
[09:06:30]     s0142 -> 0 saved, 5 skipped (resume)
[09:06:30]     s0143 -> 0 saved, 5 skipped (resume)
[09:06:30]     s0144 -> 0 saved, 5 skipped (resume)
[09:06:30]     s0145 -> 0 saved, 5 skipped (resume)
[09:06:30]     s0146 -> 0 saved, 5 skipped (resume)
[09:06:30]     s0147 -> 0 saved, 5 skipped (resume)
[09:06:30]     s0148 -> 0 saved, 5 skipped (resume)
[09:06:30]     s0149 -> 0 saved, 5 skipped (resume)
[09:06:30]     s0150 -> 0 saved, 5 skipped (resume)
[09:06:30]     s0151 -> 0 saved, 5 skipped (resume)
[09:06:30]     s0152 -> 0 saved, 5 skipped (resume)
[09:06:30]     s0153 -> 0 saved, 5 skipped (resume)
[09:06:30]     s0154 -> 0 saved, 5 skipped (resume)
[09:06:30]     s0155 -> 0 saved, 5 skipped (resume)
[09:06:30]     s0156 -> 0 saved, 5 skipped (resume)
[09:06:30]     s0157 -> 0 saved, 5 skipped (resume)
[09:06:30]     s0158 -> 0 saved, 5 skipped (resume)
[09:06:30]     s0159 -> 0 saved, 5 skipped (resume)
[09:06:30]     s0160 -> 0 saved, 5 skipped (resume)
[09:06:30]     s0161 -> 0 saved, 5 skipped (resume)
[09:06:30]     s0162 -> 0 saved, 5 skipped (resume)
[09:06:30]     s0163 -> 0 saved, 5 skipped (resume)
[09:06:30]     s0164 -> 0 saved, 5 skipped (resume)
[09:06:30]     s0165 -> 0 saved, 5 skipped (resume)
[09:06:30]     s0166 -> 0 saved, 5 skipped (resume)
[09:06:30]     s0167 -> 0 saved, 5 skipped (resume)
[09:06:30]     s0168 -> 0 saved, 5 skipped (resume)
[09:06:30]     s0169 -> 0 saved, 5 skipped (resume)
[09:06:30]     s0170 -> 0 saved, 5 skipped (resume)
[09:06:30]     s0171 -> 0 saved, 5 skipped (resume)
[09:06:30]     s0172 -> 0 saved, 5 skipped (resume)
[09:06:30]     s0173 -> 0 saved, 5 skipped (resume)
[09:06:30]     s0174 -> 0 saved, 5 skipped (resume)
[09:06:30]     s0175 -> 0 saved, 5 skipped (resume)
[09:06:30]     s0176 -> 0 saved, 5 skipped (resume)
[09:06:30]     s0177 -> 0 saved, 5 skipped (resume)
[09:06:30]     s0178 -> 0 saved, 5 skipped (resume)
[09:06:30]     s0179 -> 0 saved, 5 skipped (resume)
[09:06:30]     s0180 -> 0 saved, 5 skipped (resume)
[09:06:30]     s0181 -> 0 saved, 5 skipped (resume)
[09:06:30]     s0182 -> 0 saved, 5 skipped (resume)
[09:06:30]     s0183 -> 0 saved, 5 skipped (resume)
[09:06:30]     s0184 -> 0 saved, 5 skipped (resume)
[09:06:30]     s0185 -> 0 saved, 5 skipped (resume)
[09:06:30]     s0186 -> 0 saved, 5 skipped (resume)
[09:06:30]     s0187 -> 0 saved, 5 skipped (resume)
[09:06:30]     s0188 -> 0 saved, 5 skipped (resume)
[09:06:30]     s0189 -> 0 saved, 5 skipped (resume)
[09:06:30]     s0190 -> 0 saved, 5 skipped (resume)
[09:06:30]     s0191 -> 0 saved, 5 skipped (resume)
[09:06:30]     s0192 -> 0 saved, 5 skipped (resume)
[09:06:30]     s0193 -> 0 saved, 5 skipped (resume)
[09:06:30]     s0194 -> 0 saved, 5 skipped (resume)
[09:06:30]     s0195 -> 0 saved, 5 skipped (resume)
[09:06:30]     s0196 -> 0 saved, 5 skipped (resume)
[09:06:30]     s0197 -> 0 saved, 5 skipped (resume)
[09:06:30]     s0198 -> 0 saved, 5 skipped (resume)
[09:06:30]     s0199 -> 0 saved, 5 skipped (resume)
[09:06:30]   LiquidAI/lfm2.5-350m:latest × deu_Latn (200 samples)
[09:06:30]     s0000 -> 0 saved, 5 skipped (resume)
[09:06:30]     s0001 -> 0 saved, 5 skipped (resume)
[09:06:30]     s0002 -> 0 saved, 5 skipped (resume)
[09:06:30]     s0003 -> 0 saved, 5 skipped (resume)
[09:06:30]     s0004 -> 0 saved, 5 skipped (resume)
[09:06:30]     s0005 -> 0 saved, 5 skipped (resume)
[09:06:30]     s0006 -> 0 saved, 5 skipped (resume)
[09:06:30]     s0007 -> 0 saved, 5 skipped (resume)
[09:06:30]     s0008 -> 0 saved, 5 skipped (resume)
[09:06:30]     s0009 -> 0 saved, 5 skipped (resume)
[09:06:30]     s0010 -> 0 saved, 5 skipped (resume)
[09:06:30]     s0011 -> 0 saved, 5 skipped (resume)
[09:06:30]     s0012 -> 0 saved, 5 skipped (resume)
[09:06:30]     s0013 -> 0 saved, 5 skipped (resume)
[09:06:30]     s0014 -> 0 saved, 5 skipped (resume)
[09:06:30]     s0015 -> 0 saved, 5 skipped (resume)
[09:06:30]     s0016 -> 0 saved, 5 skipped (resume)
[09:06:30]     s0017 -> 0 saved, 5 skipped (resume)
[09:06:30]     s0018 -> 0 saved, 5 skipped (resume)
[09:06:30]     s0019 -> 0 saved, 5 skipped (resume)
[09:06:30]     s0020 -> 0 saved, 5 skipped (resume)
[09:06:30]     s0021 -> 0 saved, 5 skipped (resume)
[09:06:30]     s0022 -> 0 saved, 5 skipped (resume)
[09:06:30]     s0023 -> 0 saved, 5 skipped (resume)
[09:06:30]     s0024 -> 0 saved, 5 skipped (resume)
[09:06:30]     s0025 -> 0 saved, 5 skipped (resume)
[09:06:30]     s0026 -> 0 saved, 5 skipped (resume)
[09:06:30]     s0027 -> 0 saved, 5 skipped (resume)
[09:06:30]     s0028 -> 0 saved, 5 skipped (resume)
[09:06:30]     s0029 -> 0 saved, 5 skipped (resume)
[09:06:30]     s0030 -> 0 saved, 5 skipped (resume)
[09:06:30]     s0031 -> 0 saved, 5 skipped (resume)
[09:06:30]     s0032 -> 0 saved, 5 skipped (resume)
[09:06:30]     s0033 -> 0 saved, 5 skipped (resume)
[09:06:30]     s0034 -> 0 saved, 5 skipped (resume)
[09:06:30]     s0035 -> 0 saved, 5 skipped (resume)
[09:06:30]     s0036 -> 0 saved, 5 skipped (resume)
[09:06:30]     s0037 -> 0 saved, 5 skipped (resume)
[09:06:30]     s0038 -> 0 saved, 5 skipped (resume)
[09:06:30]     s0039 -> 0 saved, 5 skipped (resume)
[09:06:30]     s0040 -> 0 saved, 5 skipped (resume)
[09:06:30]     s0041 -> 0 saved, 5 skipped (resume)
[09:06:30]     s0042 -> 0 saved, 5 skipped (resume)
[09:06:30]     s0043 -> 0 saved, 5 skipped (resume)
[09:06:30]     s0044 -> 0 saved, 5 skipped (resume)
[09:06:30]     s0045 -> 0 saved, 5 skipped (resume)
[09:06:30]     s0046 -> 0 saved, 5 skipped (resume)
[09:06:30]     s0047 -> 0 saved, 5 skipped (resume)
[09:06:30]     s0048 -> 0 saved, 5 skipped (resume)
[09:06:30]     s0049 -> 0 saved, 5 skipped (resume)
[09:06:30]     s0050 -> 0 saved, 5 skipped (resume)
[09:06:30]     s0051 -> 0 saved, 5 skipped (resume)
[09:06:30]     s0052 -> 0 saved, 5 skipped (resume)
[09:06:30]     s0053 -> 0 saved, 5 skipped (resume)
[09:06:30]     s0054 -> 0 saved, 5 skipped (resume)
[09:06:30]     s0055 -> 0 saved, 5 skipped (resume)
[09:06:30]     s0056 -> 0 saved, 5 skipped (resume)
[09:06:30]     s0057 -> 0 saved, 5 skipped (resume)
[09:06:30]     s0058 -> 0 saved, 5 skipped (resume)
[09:06:30]     s0059 -> 0 saved, 5 skipped (resume)
[09:06:30]     s0060 -> 0 saved, 5 skipped (resume)
[09:06:30]     s0061 -> 0 saved, 5 skipped (resume)
[09:06:30]     s0062 -> 0 saved, 5 skipped (resume)
[09:06:30]     s0063 -> 0 saved, 5 skipped (resume)
[09:06:30]     s0064 -> 0 saved, 5 skipped (resume)
[09:06:30]     s0065 -> 0 saved, 5 skipped (resume)
[09:06:30]     s0066 -> 0 saved, 5 skipped (resume)
[09:06:30]     s0067 -> 0 saved, 5 skipped (resume)
[09:06:30]     s0068 -> 0 saved, 5 skipped (resume)
[09:06:30]     s0069 -> 0 saved, 5 skipped (resume)
[09:06:30]     s0070 -> 0 saved, 5 skipped (resume)
[09:06:30]     s0071 -> 0 saved, 5 skipped (resume)
[09:06:30]     s0072 -> 0 saved, 5 skipped (resume)
[09:06:30]     s0073 -> 0 saved, 5 skipped (resume)
[09:06:30]     s0074 -> 0 saved, 5 skipped (resume)
[09:06:30]     s0075 -> 0 saved, 5 skipped (resume)
[09:06:30]     s0076 -> 0 saved, 5 skipped (resume)
[09:06:30]     s0077 -> 0 saved, 5 skipped (resume)
[09:06:30]     s0078 -> 0 saved, 5 skipped (resume)
[09:06:30]     s0079 -> 0 saved, 5 skipped (resume)
[09:06:30]     s0080 -> 0 saved, 5 skipped (resume)
[09:06:30]     s0081 -> 0 saved, 5 skipped (resume)
[09:06:30]     s0082 -> 0 saved, 5 skipped (resume)
[09:06:30]     s0083 -> 0 saved, 5 skipped (resume)
[09:06:30]     s0084 -> 0 saved, 5 skipped (resume)
[09:06:30]     s0085 -> 0 saved, 5 skipped (resume)
[09:06:30]     s0086 -> 0 saved, 5 skipped (resume)
[09:06:30]     s0087 -> 0 saved, 5 skipped (resume)
[09:06:30]     s0088 -> 0 saved, 5 skipped (resume)
[09:06:30]     s0089 -> 0 saved, 5 skipped (resume)
[09:06:30]     s0090 -> 0 saved, 5 skipped (resume)
[09:06:30]     s0091 -> 0 saved, 5 skipped (resume)
[09:06:30]     s0092 -> 0 saved, 5 skipped (resume)
[09:06:30]     s0093 -> 0 saved, 5 skipped (resume)
[09:06:30]     s0094 -> 0 saved, 5 skipped (resume)
[09:06:30]     s0095 -> 0 saved, 5 skipped (resume)
[09:06:30]     s0096 -> 0 saved, 5 skipped (resume)
[09:06:30]     s0097 -> 0 saved, 5 skipped (resume)
[09:06:30]     s0098 -> 0 saved, 5 skipped (resume)
[09:06:30]     s0099 -> 0 saved, 5 skipped (resume)
[09:06:30]     s0100 -> 0 saved, 5 skipped (resume)
[09:06:30]     s0101 -> 0 saved, 5 skipped (resume)
[09:06:30]     s0102 -> 0 saved, 5 skipped (resume)
[09:06:30]     s0103 -> 0 saved, 5 skipped (resume)
[09:06:30]     s0104 -> 0 saved, 5 skipped (resume)
[09:06:30]     s0105 -> 0 saved, 5 skipped (resume)
[09:06:30]     s0106 -> 0 saved, 5 skipped (resume)
[09:06:30]     s0107 -> 0 saved, 5 skipped (resume)
[09:06:30]     s0108 -> 0 saved, 5 skipped (resume)
[09:06:30]     s0109 -> 0 saved, 5 skipped (resume)
[09:06:30]     s0110 -> 0 saved, 5 skipped (resume)
[09:06:30]     s0111 -> 0 saved, 5 skipped (resume)
[09:06:30]     s0112 -> 0 saved, 5 skipped (resume)
[09:06:30]     s0113 -> 0 saved, 5 skipped (resume)
[09:06:30]     s0114 -> 0 saved, 5 skipped (resume)
[09:06:30]     s0115 -> 0 saved, 5 skipped (resume)
[09:06:30]     s0116 -> 0 saved, 5 skipped (resume)
[09:06:30]     s0117 -> 0 saved, 5 skipped (resume)
[09:06:30]     s0118 -> 0 saved, 5 skipped (resume)
[09:06:30]     s0119 -> 0 saved, 5 skipped (resume)
[09:06:30]     s0120 -> 0 saved, 5 skipped (resume)
[09:06:30]     s0121 -> 0 saved, 5 skipped (resume)
[09:06:30]     s0122 -> 0 saved, 5 skipped (resume)
[09:06:30]     s0123 -> 0 saved, 5 skipped (resume)
[09:06:30]     s0124 -> 0 saved, 5 skipped (resume)
[09:06:30]     s0125 -> 0 saved, 5 skipped (resume)
[09:06:30]     s0126 -> 0 saved, 5 skipped (resume)
[09:06:30]     s0127 -> 0 saved, 5 skipped (resume)
[09:06:30]     s0128 -> 0 saved, 5 skipped (resume)
[09:06:30]     s0129 -> 0 saved, 5 skipped (resume)
[09:06:30]     s0130 -> 0 saved, 5 skipped (resume)
[09:06:30]     s0131 -> 0 saved, 5 skipped (resume)
[09:06:30]     s0132 -> 0 saved, 5 skipped (resume)
[09:06:30]     s0133 -> 0 saved, 5 skipped (resume)
[09:06:30]     s0134 -> 0 saved, 5 skipped (resume)
[09:06:30]     s0135 -> 0 saved, 5 skipped (resume)
[09:06:30]     s0136 -> 0 saved, 5 skipped (resume)
[09:06:30]     s0137 -> 0 saved, 5 skipped (resume)
[09:06:30]     s0138 -> 0 saved, 5 skipped (resume)
[09:06:30]     s0139 -> 0 saved, 5 skipped (resume)
[09:06:30]     s0140 -> 0 saved, 5 skipped (resume)
[09:06:30]     s0141 -> 0 saved, 5 skipped (resume)
[09:06:30]     s0142 -> 0 saved, 5 skipped (resume)
[09:06:30]     s0143 -> 0 saved, 5 skipped (resume)
[09:06:30]     s0144 -> 0 saved, 5 skipped (resume)
[09:06:30]     s0145 -> 0 saved, 5 skipped (resume)
[09:06:30]     s0146 -> 0 saved, 5 skipped (resume)
[09:06:30]     s0147 -> 0 saved, 5 skipped (resume)
[09:06:30]     s0148 -> 0 saved, 5 skipped (resume)
[09:06:30]     s0149 -> 0 saved, 5 skipped (resume)
[09:06:30]     s0150 -> 0 saved, 5 skipped (resume)
[09:06:30]     s0151 -> 0 saved, 5 skipped (resume)
[09:06:30]     s0152 -> 0 saved, 5 skipped (resume)
[09:06:30]     s0153 -> 0 saved, 5 skipped (resume)
[09:06:30]     s0154 -> 0 saved, 5 skipped (resume)
[09:06:30]     s0155 -> 0 saved, 5 skipped (resume)
[09:06:30]     s0156 -> 0 saved, 5 skipped (resume)
[09:06:30]     s0157 -> 0 saved, 5 skipped (resume)
[09:06:30]     s0158 -> 0 saved, 5 skipped (resume)
[09:06:30]     s0159 -> 0 saved, 5 skipped (resume)
[09:06:30]     s0160 -> 0 saved, 5 skipped (resume)
[09:06:30]     s0161 -> 0 saved, 5 skipped (resume)
[09:06:30]     s0162 -> 0 saved, 5 skipped (resume)
[09:06:30]     s0163 -> 0 saved, 5 skipped (resume)
[09:06:30]     s0164 -> 0 saved, 5 skipped (resume)
[09:06:30]     s0165 -> 0 saved, 5 skipped (resume)
[09:06:30]     s0166 -> 0 saved, 5 skipped (resume)
[09:06:30]     s0167 -> 0 saved, 5 skipped (resume)
[09:06:30]     s0168 -> 0 saved, 5 skipped (resume)
[09:06:30]     s0169 -> 0 saved, 5 skipped (resume)
[09:06:30]     s0170 -> 0 saved, 5 skipped (resume)
[09:06:30]     s0171 -> 0 saved, 5 skipped (resume)
[09:06:30]     s0172 -> 0 saved, 5 skipped (resume)
[09:06:30]     s0173 -> 0 saved, 5 skipped (resume)
[09:06:30]     s0174 -> 0 saved, 5 skipped (resume)
[09:06:30]     s0175 -> 0 saved, 5 skipped (resume)
[09:06:30]     s0176 -> 0 saved, 5 skipped (resume)
[09:06:30]     s0177 -> 0 saved, 5 skipped (resume)
[09:06:30]     s0178 -> 0 saved, 5 skipped (resume)
[09:06:30]     s0179 -> 0 saved, 5 skipped (resume)
[09:06:30]     s0180 -> 0 saved, 5 skipped (resume)
[09:06:30]     s0181 -> 0 saved, 5 skipped (resume)
[09:06:30]     s0182 -> 0 saved, 5 skipped (resume)
[09:06:30]     s0183 -> 0 saved, 5 skipped (resume)
[09:06:30]     s0184 -> 0 saved, 5 skipped (resume)
[09:06:30]     s0185 -> 0 saved, 5 skipped (resume)
[09:06:30]     s0186 -> 0 saved, 5 skipped (resume)
[09:06:30]     s0187 -> 0 saved, 5 skipped (resume)
[09:06:30]     s0188 -> 0 saved, 5 skipped (resume)
[09:06:30]     s0189 -> 0 saved, 5 skipped (resume)
[09:06:30]     s0190 -> 0 saved, 5 skipped (resume)
[09:06:30]     s0191 -> 0 saved, 5 skipped (resume)
[09:06:30]     s0192 -> 0 saved, 5 skipped (resume)
[09:06:30]     s0193 -> 0 saved, 5 skipped (resume)
[09:06:30]     s0194 -> 0 saved, 5 skipped (resume)
[09:06:30]     s0195 -> 0 saved, 5 skipped (resume)
[09:06:30]     s0196 -> 0 saved, 5 skipped (resume)
[09:06:30]     s0197 -> 0 saved, 5 skipped (resume)
[09:06:30]     s0198 -> 0 saved, 5 skipped (resume)
[09:06:30]     s0199 -> 0 saved, 5 skipped (resume)
[09:06:30]   qwen3:0.6b × eng_Latn (200 samples)
[09:06:30]     s0000 -> 0 saved, 5 skipped (resume)
[09:06:30]     s0001 -> 0 saved, 5 skipped (resume)
[09:06:30]     s0002 -> 0 saved, 5 skipped (resume)
[09:06:30]     s0003 -> 0 saved, 5 skipped (resume)
[09:06:30]     s0004 -> 0 saved, 5 skipped (resume)
[09:06:30]     s0005 -> 0 saved, 5 skipped (resume)
[09:06:30]     s0006 -> 0 saved, 5 skipped (resume)
[09:06:30]     s0007 -> 0 saved, 5 skipped (resume)
[09:06:30]     s0008 -> 0 saved, 5 skipped (resume)
[09:06:30]     s0009 -> 0 saved, 5 skipped (resume)
[09:06:30]     s0010 -> 0 saved, 5 skipped (resume)
[09:06:30]     s0011 -> 0 saved, 5 skipped (resume)
[09:06:30]     s0012 -> 0 saved, 5 skipped (resume)
[09:06:30]     s0013 -> 0 saved, 5 skipped (resume)
[09:06:30]     s0014 -> 0 saved, 5 skipped (resume)
[09:06:30]     s0015 -> 0 saved, 5 skipped (resume)
[09:06:30]     s0016 -> 0 saved, 5 skipped (resume)
[09:06:30]     s0017 -> 0 saved, 5 skipped (resume)
[09:06:30]     s0018 -> 0 saved, 5 skipped (resume)
[09:06:30]     s0019 -> 0 saved, 5 skipped (resume)
[09:06:30]     s0020 -> 0 saved, 5 skipped (resume)
[09:06:30]     s0021 -> 0 saved, 5 skipped (resume)
[09:06:30]     s0022 -> 0 saved, 5 skipped (resume)
[09:06:30]     s0023 -> 0 saved, 5 skipped (resume)
[09:06:30]     s0024 -> 0 saved, 5 skipped (resume)
[09:06:30]     s0025 -> 0 saved, 5 skipped (resume)
[09:06:30]     s0026 -> 0 saved, 5 skipped (resume)
[09:06:30]     s0027 -> 0 saved, 5 skipped (resume)
[09:06:30]     s0028 -> 0 saved, 5 skipped (resume)
[09:06:30]     s0029 -> 0 saved, 5 skipped (resume)
[09:06:30]     s0030 -> 0 saved, 5 skipped (resume)
[09:06:30]     s0031 -> 0 saved, 5 skipped (resume)
[09:06:30]     s0032 -> 0 saved, 5 skipped (resume)
[09:06:30]     s0033 -> 0 saved, 5 skipped (resume)
[09:06:30]     s0034 -> 0 saved, 5 skipped (resume)
[09:06:30]     s0035 -> 0 saved, 5 skipped (resume)
[09:06:30]     s0036 -> 0 saved, 5 skipped (resume)
[09:06:30]     s0037 -> 0 saved, 5 skipped (resume)
[09:06:30]     s0038 -> 0 saved, 5 skipped (resume)
[09:06:30]     s0039 -> 0 saved, 5 skipped (resume)
[09:06:30]     s0040 -> 0 saved, 5 skipped (resume)
[09:06:30]     s0041 -> 0 saved, 5 skipped (resume)
[09:06:30]     s0042 -> 0 saved, 5 skipped (resume)
[09:06:30]     s0043 -> 0 saved, 5 skipped (resume)
[09:06:30]     s0044 -> 0 saved, 5 skipped (resume)
[09:06:30]     s0045 -> 0 saved, 5 skipped (resume)
[09:06:30]     s0046 -> 0 saved, 5 skipped (resume)
[09:06:30]     s0047 -> 0 saved, 5 skipped (resume)
[09:06:30]     s0048 -> 0 saved, 5 skipped (resume)
[09:06:30]     s0049 -> 0 saved, 5 skipped (resume)
[09:06:30]     s0050 -> 0 saved, 5 skipped (resume)
[09:06:30]     s0051 -> 0 saved, 5 skipped (resume)
[09:06:30]     s0052 -> 0 saved, 5 skipped (resume)
[09:06:30]     s0053 -> 0 saved, 5 skipped (resume)
[09:06:30]     s0054 -> 0 saved, 5 skipped (resume)
[09:06:30]     s0055 -> 0 saved, 5 skipped (resume)
[09:06:30]     s0056 -> 0 saved, 5 skipped (resume)
[09:06:30]     s0057 -> 0 saved, 5 skipped (resume)
[09:06:30]     s0058 -> 0 saved, 5 skipped (resume)
[09:06:30]     s0059 -> 0 saved, 5 skipped (resume)
[09:06:30]     s0060 -> 0 saved, 5 skipped (resume)
[09:06:30]     s0061 -> 0 saved, 5 skipped (resume)
[09:06:30]     s0062 -> 0 saved, 5 skipped (resume)
[09:06:30]     s0063 -> 0 saved, 5 skipped (resume)
[09:06:30]     s0064 -> 0 saved, 5 skipped (resume)
[09:06:30]     s0065 -> 0 saved, 5 skipped (resume)
[09:06:30]     s0066 -> 0 saved, 5 skipped (resume)
[09:06:30]     s0067 -> 0 saved, 5 skipped (resume)
[09:06:30]     s0068 -> 0 saved, 5 skipped (resume)
[09:06:30]     s0069 -> 0 saved, 5 skipped (resume)
[09:06:30]     s0070 -> 0 saved, 5 skipped (resume)
[09:06:30]     s0071 -> 0 saved, 5 skipped (resume)
[09:06:30]     s0072 -> 0 saved, 5 skipped (resume)
[09:06:30]     s0073 -> 0 saved, 5 skipped (resume)
[09:06:30]     s0074 -> 0 saved, 5 skipped (resume)
[09:06:30]     s0075 -> 0 saved, 5 skipped (resume)
[09:06:30]     s0076 -> 0 saved, 5 skipped (resume)
[09:06:30]     s0077 -> 0 saved, 5 skipped (resume)
[09:06:30]     s0078 -> 0 saved, 5 skipped (resume)
[09:06:30]     s0079 -> 0 saved, 5 skipped (resume)
[09:06:30]     s0080 -> 0 saved, 5 skipped (resume)
[09:06:30]     s0081 -> 0 saved, 5 skipped (resume)
[09:06:30]     s0082 -> 0 saved, 5 skipped (resume)
[09:06:30]     s0083 -> 0 saved, 5 skipped (resume)
[09:06:30]     s0084 -> 0 saved, 5 skipped (resume)
[09:06:30]     s0085 -> 0 saved, 5 skipped (resume)
[09:06:30]     s0086 -> 0 saved, 5 skipped (resume)
[09:06:30]     s0087 -> 0 saved, 5 skipped (resume)
[09:06:30]     s0088 -> 0 saved, 5 skipped (resume)
[09:06:30]     s0089 -> 0 saved, 5 skipped (resume)
[09:06:30]     s0090 -> 0 saved, 5 skipped (resume)
[09:06:30]     s0091 -> 0 saved, 5 skipped (resume)
[09:06:30]     s0092 -> 0 saved, 5 skipped (resume)
[09:06:30]     s0093 -> 0 saved, 5 skipped (resume)
[09:06:30]     s0094 -> 0 saved, 5 skipped (resume)
[09:06:30]     s0095 -> 0 saved, 5 skipped (resume)
[09:06:30]     s0096 -> 0 saved, 5 skipped (resume)
[09:06:30]     s0097 -> 0 saved, 5 skipped (resume)
[09:06:30]     s0098 -> 0 saved, 5 skipped (resume)
[09:06:30]     s0099 -> 0 saved, 5 skipped (resume)
[09:06:30]     s0100 -> 0 saved, 5 skipped (resume)
[09:06:30]     s0101 -> 0 saved, 5 skipped (resume)
[09:06:30]     s0102 -> 0 saved, 5 skipped (resume)
[09:06:30]     s0103 -> 0 saved, 5 skipped (resume)
[09:06:30]     s0104 -> 0 saved, 5 skipped (resume)
[09:06:30]     s0105 -> 0 saved, 5 skipped (resume)
[09:06:30]     s0106 -> 0 saved, 5 skipped (resume)
[09:06:30]     s0107 -> 0 saved, 5 skipped (resume)
[09:06:30]     s0108 -> 0 saved, 5 skipped (resume)
[09:06:30]     s0109 -> 0 saved, 5 skipped (resume)
[09:06:30]     s0110 -> 0 saved, 5 skipped (resume)
[09:06:30]     s0111 -> 0 saved, 5 skipped (resume)
[09:06:30]     s0112 -> 0 saved, 5 skipped (resume)
[09:06:30]     s0113 -> 0 saved, 5 skipped (resume)
[09:06:30]     s0114 -> 0 saved, 5 skipped (resume)
[09:06:30]     s0115 -> 0 saved, 5 skipped (resume)
[09:06:30]     s0116 -> 0 saved, 5 skipped (resume)
[09:06:30]     s0117 -> 0 saved, 5 skipped (resume)
[09:06:30]     s0118 -> 0 saved, 5 skipped (resume)
[09:06:30]     s0119 -> 0 saved, 5 skipped (resume)
[09:06:30]     s0120 -> 0 saved, 5 skipped (resume)
[09:06:30]     s0121 -> 0 saved, 5 skipped (resume)
[09:06:30]     s0122 -> 0 saved, 5 skipped (resume)
[09:06:30]     s0123 -> 0 saved, 5 skipped (resume)
[09:06:30]     s0124 -> 0 saved, 5 skipped (resume)
[09:06:30]     s0125 -> 0 saved, 5 skipped (resume)
[09:06:30]     s0126 -> 0 saved, 5 skipped (resume)
[09:06:30]     s0127 -> 0 saved, 5 skipped (resume)
[09:06:30]     s0128 -> 0 saved, 5 skipped (resume)
[09:06:30]     s0129 -> 0 saved, 5 skipped (resume)
[09:06:30]     s0130 -> 0 saved, 5 skipped (resume)
[09:06:30]     s0131 -> 0 saved, 5 skipped (resume)
[09:06:30]     s0132 -> 0 saved, 5 skipped (resume)
[09:06:30]     s0133 -> 0 saved, 5 skipped (resume)
[09:06:30]     s0134 -> 0 saved, 5 skipped (resume)
[09:06:30]     s0135 -> 0 saved, 5 skipped (resume)
[09:06:30]     s0136 -> 0 saved, 5 skipped (resume)
[09:06:30]     s0137 -> 0 saved, 5 skipped (resume)
[09:06:30]     s0138 -> 0 saved, 5 skipped (resume)
[09:06:30]     s0139 -> 0 saved, 5 skipped (resume)
[09:06:30]     s0140 -> 0 saved, 5 skipped (resume)
[09:06:30]     s0141 -> 0 saved, 5 skipped (resume)
[09:06:30]     s0142 -> 0 saved, 5 skipped (resume)
[09:06:30]     s0143 -> 0 saved, 5 skipped (resume)
[09:06:30]     s0144 -> 0 saved, 5 skipped (resume)
[09:06:30]     s0145 -> 0 saved, 5 skipped (resume)
[09:06:30]     s0146 -> 0 saved, 5 skipped (resume)
[09:06:30]     s0147 -> 0 saved, 5 skipped (resume)
[09:06:30]     s0148 -> 0 saved, 5 skipped (resume)
[09:06:30]     s0149 -> 0 saved, 5 skipped (resume)
[09:06:30]     s0150 -> 0 saved, 5 skipped (resume)
[09:06:30]     s0151 -> 0 saved, 5 skipped (resume)
[09:06:30]     s0152 -> 0 saved, 5 skipped (resume)
[09:06:30]     s0153 -> 0 saved, 5 skipped (resume)
[09:06:30]     s0154 -> 0 saved, 5 skipped (resume)
[09:06:30]     s0155 -> 0 saved, 5 skipped (resume)
[09:06:30]     s0156 -> 0 saved, 5 skipped (resume)
[09:06:30]     s0157 -> 0 saved, 5 skipped (resume)
[09:06:30]     s0158 -> 0 saved, 5 skipped (resume)
[09:06:30]     s0159 -> 0 saved, 5 skipped (resume)
[09:06:30]     s0160 -> 0 saved, 5 skipped (resume)
[09:06:30]     s0161 -> 0 saved, 5 skipped (resume)
[09:06:30]     s0162 -> 0 saved, 5 skipped (resume)
[09:06:30]     s0163 -> 0 saved, 5 skipped (resume)
[09:06:30]     s0164 -> 0 saved, 5 skipped (resume)
[09:06:30]     s0165 -> 0 saved, 5 skipped (resume)
[09:06:30]     s0166 -> 0 saved, 5 skipped (resume)
[09:06:30]     s0167 -> 0 saved, 5 skipped (resume)
[09:06:30]     s0168 -> 0 saved, 5 skipped (resume)
[09:06:30]     s0169 -> 0 saved, 5 skipped (resume)
[09:06:30]     s0170 -> 0 saved, 5 skipped (resume)
[09:06:30]     s0171 -> 0 saved, 5 skipped (resume)
[09:06:30]     s0172 -> 0 saved, 5 skipped (resume)
[09:06:30]     s0173 -> 0 saved, 5 skipped (resume)
[09:06:30]     s0174 -> 0 saved, 5 skipped (resume)
[09:06:30]     s0175 -> 0 saved, 5 skipped (resume)
[09:06:30]     s0176 -> 0 saved, 5 skipped (resume)
[09:06:30]     s0177 -> 0 saved, 5 skipped (resume)
[09:06:30]     s0178 -> 0 saved, 5 skipped (resume)
[09:06:30]     s0179 -> 0 saved, 5 skipped (resume)
[09:06:30]     s0180 -> 0 saved, 5 skipped (resume)
[09:06:30]     s0181 -> 0 saved, 5 skipped (resume)
[09:06:30]     s0182 -> 0 saved, 5 skipped (resume)
[09:06:30]     s0183 -> 0 saved, 5 skipped (resume)
[09:06:30]     s0184 -> 0 saved, 5 skipped (resume)
[09:06:30]     s0185 -> 0 saved, 5 skipped (resume)
[09:06:30]     s0186 -> 0 saved, 5 skipped (resume)
[09:06:30]     s0187 -> 0 saved, 5 skipped (resume)
[09:06:30]     s0188 -> 0 saved, 5 skipped (resume)
[09:06:30]     s0189 -> 0 saved, 5 skipped (resume)
[09:06:30]     s0190 -> 0 saved, 5 skipped (resume)
[09:06:30]     s0191 -> 0 saved, 5 skipped (resume)
[09:06:30]     s0192 -> 0 saved, 5 skipped (resume)
[09:06:30]     s0193 -> 0 saved, 5 skipped (resume)
[09:06:30]     s0194 -> 0 saved, 5 skipped (resume)
[09:06:30]     s0195 -> 0 saved, 5 skipped (resume)
[09:06:30]     s0196 -> 0 saved, 5 skipped (resume)
[09:06:30]     s0197 -> 0 saved, 5 skipped (resume)
[09:06:30]     s0198 -> 0 saved, 5 skipped (resume)
[09:06:30]     s0199 -> 0 saved, 5 skipped (resume)
[09:06:30]   qwen3:0.6b × zho_Hans (200 samples)
[09:06:30]     s0000 -> 0 saved, 5 skipped (resume)
[09:06:30]     s0001 -> 0 saved, 5 skipped (resume)
[09:06:30]     s0002 -> 0 saved, 5 skipped (resume)
[09:06:30]     s0003 -> 0 saved, 5 skipped (resume)
[09:06:30]     s0004 -> 0 saved, 5 skipped (resume)
[09:06:30]     s0005 -> 0 saved, 5 skipped (resume)
[09:06:30]     s0006 -> 0 saved, 5 skipped (resume)
[09:06:30]     s0007 -> 0 saved, 5 skipped (resume)
[09:06:30]     s0008 -> 0 saved, 5 skipped (resume)
[09:06:30]     s0009 -> 0 saved, 5 skipped (resume)
[09:06:30]     s0010 -> 0 saved, 5 skipped (resume)
[09:06:30]     s0011 -> 0 saved, 5 skipped (resume)
[09:06:30]     s0012 -> 0 saved, 5 skipped (resume)
[09:06:30]     s0013 -> 0 saved, 5 skipped (resume)
[09:06:30]     s0014 -> 0 saved, 5 skipped (resume)
[09:06:30]     s0015 -> 0 saved, 5 skipped (resume)
[09:06:30]     s0016 -> 0 saved, 5 skipped (resume)
[09:06:30]     s0017 -> 0 saved, 5 skipped (resume)
[09:06:30]     s0018 -> 0 saved, 5 skipped (resume)
[09:06:30]     s0019 -> 0 saved, 5 skipped (resume)
[09:06:30]     s0020 -> 0 saved, 5 skipped (resume)
[09:06:30]     s0021 -> 0 saved, 5 skipped (resume)
[09:06:30]     s0022 -> 0 saved, 5 skipped (resume)
[09:06:30]     s0023 -> 0 saved, 5 skipped (resume)
[09:06:30]     s0024 -> 0 saved, 5 skipped (resume)
[09:06:30]     s0025 -> 0 saved, 5 skipped (resume)
[09:06:30]     s0026 -> 0 saved, 5 skipped (resume)
[09:06:30]     s0027 -> 0 saved, 5 skipped (resume)
[09:06:30]     s0028 -> 0 saved, 5 skipped (resume)
[09:06:30]     s0029 -> 0 saved, 5 skipped (resume)
[09:06:30]     s0030 -> 0 saved, 5 skipped (resume)
[09:06:30]     s0031 -> 0 saved, 5 skipped (resume)
[09:06:30]     s0032 -> 0 saved, 5 skipped (resume)
[09:06:30]     s0033 -> 0 saved, 5 skipped (resume)
[09:06:30]     s0034 -> 0 saved, 5 skipped (resume)
[09:06:30]     s0035 -> 0 saved, 5 skipped (resume)
[09:06:30]     s0036 -> 0 saved, 5 skipped (resume)
[09:06:30]     s0037 -> 0 saved, 5 skipped (resume)
[09:06:30]     s0038 -> 0 saved, 5 skipped (resume)
[09:06:30]     s0039 -> 0 saved, 5 skipped (resume)
[09:06:30]     s0040 -> 0 saved, 5 skipped (resume)
[09:06:30]     s0041 -> 0 saved, 5 skipped (resume)
[09:06:30]     s0042 -> 0 saved, 5 skipped (resume)
[09:06:30]     s0043 -> 0 saved, 5 skipped (resume)
[09:06:30]     s0044 -> 0 saved, 5 skipped (resume)
[09:06:30]     s0045 -> 0 saved, 5 skipped (resume)
[09:06:30]     s0046 -> 0 saved, 5 skipped (resume)
[09:06:30]     s0047 -> 0 saved, 5 skipped (resume)
[09:06:30]     s0048 -> 0 saved, 5 skipped (resume)
[09:06:30]     s0049 -> 0 saved, 5 skipped (resume)
[09:06:30]     s0050 -> 0 saved, 5 skipped (resume)
[09:06:30]     s0051 -> 0 saved, 5 skipped (resume)
[09:06:30]     s0052 -> 0 saved, 5 skipped (resume)
[09:06:30]     s0053 -> 0 saved, 5 skipped (resume)
[09:06:30]     s0054 -> 0 saved, 5 skipped (resume)
[09:06:30]     s0055 -> 0 saved, 5 skipped (resume)
[09:06:30]     s0056 -> 0 saved, 5 skipped (resume)
[09:06:30]     s0057 -> 0 saved, 5 skipped (resume)
[09:06:30]     s0058 -> 0 saved, 5 skipped (resume)
[09:06:30]     s0059 -> 0 saved, 5 skipped (resume)
[09:06:30]     s0060 -> 0 saved, 5 skipped (resume)
[09:06:30]     s0061 -> 0 saved, 5 skipped (resume)
[09:06:30]     s0062 -> 0 saved, 5 skipped (resume)
[09:06:30]     s0063 -> 0 saved, 5 skipped (resume)
[09:06:30]     s0064 -> 0 saved, 5 skipped (resume)
[09:06:30]     s0065 -> 0 saved, 5 skipped (resume)
[09:06:30]     s0066 -> 0 saved, 5 skipped (resume)
[09:06:30]     s0067 -> 0 saved, 5 skipped (resume)
[09:06:30]     s0068 -> 0 saved, 5 skipped (resume)
[09:06:30]     s0069 -> 0 saved, 5 skipped (resume)
[09:06:30]     s0070 -> 0 saved, 5 skipped (resume)
[09:06:30]     s0071 -> 0 saved, 5 skipped (resume)
[09:06:30]     s0072 -> 0 saved, 5 skipped (resume)
[09:06:30]     s0073 -> 0 saved, 5 skipped (resume)
[09:06:30]     s0074 -> 0 saved, 5 skipped (resume)
[09:06:30]     s0075 -> 0 saved, 5 skipped (resume)
[09:06:30]     s0076 -> 0 saved, 5 skipped (resume)
[09:06:30]     s0077 -> 0 saved, 5 skipped (resume)
[09:06:30]     s0078 -> 0 saved, 5 skipped (resume)
[09:06:30]     s0079 -> 0 saved, 5 skipped (resume)
[09:06:30]     s0080 -> 0 saved, 5 skipped (resume)
[09:06:30]     s0081 -> 0 saved, 5 skipped (resume)
[09:06:30]     s0082 -> 0 saved, 5 skipped (resume)
[09:06:30]     s0083 -> 0 saved, 5 skipped (resume)
[09:06:30]     s0084 -> 0 saved, 5 skipped (resume)
[09:06:30]     s0085 -> 0 saved, 5 skipped (resume)
[09:06:30]     s0086 -> 0 saved, 5 skipped (resume)
[09:06:30]     s0087 -> 0 saved, 5 skipped (resume)
[09:06:30]     s0088 -> 0 saved, 5 skipped (resume)
[09:06:30]     s0089 -> 0 saved, 5 skipped (resume)
[09:06:30]     s0090 -> 0 saved, 5 skipped (resume)
[09:06:30]     s0091 -> 0 saved, 5 skipped (resume)
[09:06:30]     s0092 -> 0 saved, 5 skipped (resume)
[09:06:30]     s0093 -> 0 saved, 5 skipped (resume)
[09:06:30]     s0094 -> 0 saved, 5 skipped (resume)
[09:06:30]     s0095 -> 0 saved, 5 skipped (resume)
[09:06:30]     s0096 -> 0 saved, 5 skipped (resume)
[09:06:30]     s0097 -> 0 saved, 5 skipped (resume)
[09:06:30]     s0098 -> 0 saved, 5 skipped (resume)
[09:06:30]     s0099 -> 0 saved, 5 skipped (resume)
[09:06:30]     s0100 -> 0 saved, 5 skipped (resume)
[09:06:30]     s0101 -> 0 saved, 5 skipped (resume)
[09:06:30]     s0102 -> 0 saved, 5 skipped (resume)
[09:06:30]     s0103 -> 0 saved, 5 skipped (resume)
[09:06:30]     s0104 -> 0 saved, 5 skipped (resume)
[09:06:30]     s0105 -> 0 saved, 5 skipped (resume)
[09:06:30]     s0106 -> 0 saved, 5 skipped (resume)
[09:06:30]     s0107 -> 0 saved, 5 skipped (resume)
[09:06:30]     s0108 -> 0 saved, 5 skipped (resume)
[09:06:30]     s0109 -> 0 saved, 5 skipped (resume)
[09:06:30]     s0110 -> 0 saved, 5 skipped (resume)
[09:06:30]     s0111 -> 0 saved, 5 skipped (resume)
[09:06:30]     s0112 -> 0 saved, 5 skipped (resume)
[09:06:30]     s0113 -> 0 saved, 5 skipped (resume)
[09:06:30]     s0114 -> 0 saved, 5 skipped (resume)
[09:06:30]     s0115 -> 0 saved, 5 skipped (resume)
[09:06:30]     s0116 -> 0 saved, 5 skipped (resume)
[09:06:30]     s0117 -> 0 saved, 5 skipped (resume)
[09:06:30]     s0118 -> 0 saved, 5 skipped (resume)
[09:06:30]     s0119 -> 0 saved, 5 skipped (resume)
[09:06:30]     s0120 -> 0 saved, 5 skipped (resume)
[09:06:30]     s0121 -> 0 saved, 5 skipped (resume)
[09:06:30]     s0122 -> 0 saved, 5 skipped (resume)
[09:06:30]     s0123 -> 0 saved, 5 skipped (resume)
[09:06:30]     s0124 -> 0 saved, 5 skipped (resume)
[09:06:30]     s0125 -> 0 saved, 5 skipped (resume)
[09:06:30]     s0126 -> 0 saved, 5 skipped (resume)
[09:06:30]     s0127 -> 0 saved, 5 skipped (resume)
[09:06:30]     s0128 -> 0 saved, 5 skipped (resume)
[09:06:30]     s0129 -> 0 saved, 5 skipped (resume)
[09:06:30]     s0130 -> 0 saved, 5 skipped (resume)
[09:06:30]     s0131 -> 0 saved, 5 skipped (resume)
[09:06:30]     s0132 -> 0 saved, 5 skipped (resume)
[09:06:30]     s0133 -> 0 saved, 5 skipped (resume)
[09:06:30]     s0134 -> 0 saved, 5 skipped (resume)
[09:06:30]     s0135 -> 0 saved, 5 skipped (resume)
[09:06:30]     s0136 -> 0 saved, 5 skipped (resume)
[09:06:30]     s0137 -> 0 saved, 5 skipped (resume)
[09:06:30]     s0138 -> 0 saved, 5 skipped (resume)
[09:06:30]     s0139 -> 0 saved, 5 skipped (resume)
[09:06:30]     s0140 -> 0 saved, 5 skipped (resume)
[09:06:30]     s0141 -> 0 saved, 5 skipped (resume)
[09:06:30]     s0142 -> 0 saved, 5 skipped (resume)
[09:06:30]     s0143 -> 0 saved, 5 skipped (resume)
[09:06:30]     s0144 -> 0 saved, 5 skipped (resume)
[09:06:30]     s0145 -> 0 saved, 5 skipped (resume)
[09:06:30]     s0146 -> 0 saved, 5 skipped (resume)
[09:06:30]     s0147 -> 0 saved, 5 skipped (resume)
[09:06:30]     s0148 -> 0 saved, 5 skipped (resume)
[09:06:30]     s0149 -> 0 saved, 5 skipped (resume)
[09:06:30]     s0150 -> 0 saved, 5 skipped (resume)
[09:06:30]     s0151 -> 0 saved, 5 skipped (resume)
[09:06:30]     s0152 -> 0 saved, 5 skipped (resume)
[09:06:30]     s0153 -> 0 saved, 5 skipped (resume)
[09:06:30]     s0154 -> 0 saved, 5 skipped (resume)
[09:06:30]     s0155 -> 0 saved, 5 skipped (resume)
[09:06:30]     s0156 -> 0 saved, 5 skipped (resume)
[09:06:30]     s0157 -> 0 saved, 5 skipped (resume)
[09:06:30]     s0158 -> 0 saved, 5 skipped (resume)
[09:06:30]     s0159 -> 0 saved, 5 skipped (resume)
[09:06:30]     s0160 -> 0 saved, 5 skipped (resume)
[09:06:30]     s0161 -> 0 saved, 5 skipped (resume)
[09:06:30]     s0162 -> 0 saved, 5 skipped (resume)
[09:06:30]     s0163 -> 0 saved, 5 skipped (resume)
[09:06:30]     s0164 -> 0 saved, 5 skipped (resume)
[09:06:30]     s0165 -> 0 saved, 5 skipped (resume)
[09:06:30]     s0166 -> 0 saved, 5 skipped (resume)
[09:06:30]     s0167 -> 0 saved, 5 skipped (resume)
[09:06:30]     s0168 -> 0 saved, 5 skipped (resume)
[09:06:30]     s0169 -> 0 saved, 5 skipped (resume)
[09:06:30]     s0170 -> 0 saved, 5 skipped (resume)
[09:06:30]     s0171 -> 0 saved, 5 skipped (resume)
[09:06:30]     s0172 -> 0 saved, 5 skipped (resume)
[09:06:30]     s0173 -> 0 saved, 5 skipped (resume)
[09:06:30]     s0174 -> 0 saved, 5 skipped (resume)
[09:06:30]     s0175 -> 0 saved, 5 skipped (resume)
[09:06:30]     s0176 -> 0 saved, 5 skipped (resume)
[09:06:30]     s0177 -> 0 saved, 5 skipped (resume)
[09:06:30]     s0178 -> 0 saved, 5 skipped (resume)
[09:06:30]     s0179 -> 0 saved, 5 skipped (resume)
[09:06:30]     s0180 -> 0 saved, 5 skipped (resume)
[09:06:30]     s0181 -> 0 saved, 5 skipped (resume)
[09:06:30]     s0182 -> 0 saved, 5 skipped (resume)
[09:06:30]     s0183 -> 0 saved, 5 skipped (resume)
[09:06:30]     s0184 -> 0 saved, 5 skipped (resume)
[09:06:30]     s0185 -> 0 saved, 5 skipped (resume)
[09:06:30]     s0186 -> 0 saved, 5 skipped (resume)
[09:06:30]     s0187 -> 0 saved, 5 skipped (resume)
[09:06:30]     s0188 -> 0 saved, 5 skipped (resume)
[09:06:30]     s0189 -> 0 saved, 5 skipped (resume)
[09:06:30]     s0190 -> 0 saved, 5 skipped (resume)
[09:06:30]     s0191 -> 0 saved, 5 skipped (resume)
[09:06:30]     s0192 -> 0 saved, 5 skipped (resume)
[09:06:30]     s0193 -> 0 saved, 5 skipped (resume)
[09:06:30]     s0194 -> 0 saved, 5 skipped (resume)
[09:06:30]     s0195 -> 0 saved, 5 skipped (resume)
[09:06:30]     s0196 -> 0 saved, 5 skipped (resume)
[09:06:30]     s0197 -> 0 saved, 5 skipped (resume)
[09:06:30]     s0198 -> 0 saved, 5 skipped (resume)
[09:06:30]     s0199 -> 0 saved, 5 skipped (resume)
[09:06:30]   qwen3:0.6b × jpn_Jpan (200 samples)
[09:06:30]     s0000 -> 0 saved, 5 skipped (resume)
[09:06:30]     s0001 -> 0 saved, 5 skipped (resume)
[09:06:30]     s0002 -> 0 saved, 5 skipped (resume)
[09:06:30]     s0003 -> 0 saved, 5 skipped (resume)
[09:06:30]     s0004 -> 0 saved, 5 skipped (resume)
[09:06:30]     s0005 -> 0 saved, 5 skipped (resume)
[09:06:30]     s0006 -> 0 saved, 5 skipped (resume)
[09:06:30]     s0007 -> 0 saved, 5 skipped (resume)
[09:06:30]     s0008 -> 0 saved, 5 skipped (resume)
[09:06:30]     s0009 -> 0 saved, 5 skipped (resume)
[09:06:30]     s0010 -> 0 saved, 5 skipped (resume)
[09:06:30]     s0011 -> 0 saved, 5 skipped (resume)
[09:06:30]     s0012 -> 0 saved, 5 skipped (resume)
[09:06:30]     s0013 -> 0 saved, 5 skipped (resume)
[09:06:30]     s0014 -> 0 saved, 5 skipped (resume)
[09:06:30]     s0015 -> 0 saved, 5 skipped (resume)
[09:06:30]     s0016 -> 0 saved, 5 skipped (resume)
[09:06:30]     s0017 -> 0 saved, 5 skipped (resume)
[09:06:30]     s0018 -> 0 saved, 5 skipped (resume)
[09:06:30]     s0019 -> 0 saved, 5 skipped (resume)
[09:06:30]     s0020 -> 0 saved, 5 skipped (resume)
[09:06:30]     s0021 -> 0 saved, 5 skipped (resume)
[09:06:30]     s0022 -> 0 saved, 5 skipped (resume)
[09:06:30]     s0023 -> 0 saved, 5 skipped (resume)
[09:06:30]     s0024 -> 0 saved, 5 skipped (resume)
[09:06:30]     s0025 -> 0 saved, 5 skipped (resume)
[09:06:30]     s0026 -> 0 saved, 5 skipped (resume)
[09:06:30]     s0027 -> 0 saved, 5 skipped (resume)
[09:06:30]     s0028 -> 0 saved, 5 skipped (resume)
[09:06:30]     s0029 -> 0 saved, 5 skipped (resume)
[09:06:30]     s0030 -> 0 saved, 5 skipped (resume)
[09:06:30]     s0031 -> 0 saved, 5 skipped (resume)
[09:06:30]     s0032 -> 0 saved, 5 skipped (resume)
[09:06:30]     s0033 -> 0 saved, 5 skipped (resume)
[09:06:30]     s0034 -> 0 saved, 5 skipped (resume)
[09:06:30]     s0035 -> 0 saved, 5 skipped (resume)
[09:06:30]     s0036 -> 0 saved, 5 skipped (resume)
[09:06:30]     s0037 -> 0 saved, 5 skipped (resume)
[09:06:30]     s0038 -> 0 saved, 5 skipped (resume)
[09:06:30]     s0039 -> 0 saved, 5 skipped (resume)
[09:06:30]     s0040 -> 0 saved, 5 skipped (resume)
[09:06:30]     s0041 -> 0 saved, 5 skipped (resume)
[09:06:30]     s0042 -> 0 saved, 5 skipped (resume)
[09:06:30]     s0043 -> 0 saved, 5 skipped (resume)
[09:06:30]     s0044 -> 0 saved, 5 skipped (resume)
[09:06:30]     s0045 -> 0 saved, 5 skipped (resume)
[09:06:30]     s0046 -> 0 saved, 5 skipped (resume)
[09:06:30]     s0047 -> 0 saved, 5 skipped (resume)
[09:06:30]     s0048 -> 0 saved, 5 skipped (resume)
[09:06:30]     s0049 -> 0 saved, 5 skipped (resume)
[09:06:30]     s0050 -> 0 saved, 5 skipped (resume)
[09:06:30]     s0051 -> 0 saved, 5 skipped (resume)
[09:06:30]     s0052 -> 0 saved, 5 skipped (resume)
[09:06:30]     s0053 -> 0 saved, 5 skipped (resume)
[09:06:30]     s0054 -> 0 saved, 5 skipped (resume)
[09:06:30]     s0055 -> 0 saved, 5 skipped (resume)
[09:06:30]     s0056 -> 0 saved, 5 skipped (resume)
[09:06:30]     s0057 -> 0 saved, 5 skipped (resume)
[09:06:30]     s0058 -> 0 saved, 5 skipped (resume)
[09:06:30]     s0059 -> 0 saved, 5 skipped (resume)
[09:06:30]     s0060 -> 0 saved, 5 skipped (resume)
[09:06:30]     s0061 -> 0 saved, 5 skipped (resume)
[09:06:30]     s0062 -> 0 saved, 5 skipped (resume)
[09:06:30]     s0063 -> 0 saved, 5 skipped (resume)
[09:06:30]     s0064 -> 0 saved, 5 skipped (resume)
[09:06:30]     s0065 -> 0 saved, 5 skipped (resume)
[09:06:30]     s0066 -> 0 saved, 5 skipped (resume)
[09:06:30]     s0067 -> 0 saved, 5 skipped (resume)
[09:06:30]     s0068 -> 0 saved, 5 skipped (resume)
[09:06:30]     s0069 -> 0 saved, 5 skipped (resume)
[09:06:30]     s0070 -> 0 saved, 5 skipped (resume)
[09:06:30]     s0071 -> 0 saved, 5 skipped (resume)
[09:06:30]     s0072 -> 0 saved, 5 skipped (resume)
[09:06:30]     s0073 -> 0 saved, 5 skipped (resume)
[09:06:30]     s0074 -> 0 saved, 5 skipped (resume)
[09:06:30]     s0075 -> 0 saved, 5 skipped (resume)
[09:06:30]     s0076 -> 0 saved, 5 skipped (resume)
[09:06:30]     s0077 -> 0 saved, 5 skipped (resume)
[09:06:30]     s0078 -> 0 saved, 5 skipped (resume)
[09:06:30]     s0079 -> 0 saved, 5 skipped (resume)
[09:06:30]     s0080 -> 0 saved, 5 skipped (resume)
[09:06:30]     s0081 -> 0 saved, 5 skipped (resume)
[09:06:30]     s0082 -> 0 saved, 5 skipped (resume)
[09:06:30]     s0083 -> 0 saved, 5 skipped (resume)
[09:06:30]     s0084 -> 0 saved, 5 skipped (resume)
[09:06:30]     s0085 -> 0 saved, 5 skipped (resume)
[09:06:30]     s0086 -> 0 saved, 5 skipped (resume)
[09:06:30]     s0087 -> 0 saved, 5 skipped (resume)
[09:06:30]     s0088 -> 0 saved, 5 skipped (resume)
[09:06:30]     s0089 -> 0 saved, 5 skipped (resume)
[09:06:30]     s0090 -> 0 saved, 5 skipped (resume)
[09:06:30]     s0091 -> 0 saved, 5 skipped (resume)
[09:06:30]     s0092 -> 0 saved, 5 skipped (resume)
[09:06:30]     s0093 -> 0 saved, 5 skipped (resume)
[09:06:30]     s0094 -> 0 saved, 5 skipped (resume)
[09:06:30]     s0095 -> 0 saved, 5 skipped (resume)
[09:06:30]     s0096 -> 0 saved, 5 skipped (resume)
[09:06:30]     s0097 -> 0 saved, 5 skipped (resume)
[09:06:30]     s0098 -> 0 saved, 5 skipped (resume)
[09:06:30]     s0099 -> 0 saved, 5 skipped (resume)
[09:06:30]     s0100 -> 0 saved, 5 skipped (resume)
[09:06:30]     s0101 -> 0 saved, 5 skipped (resume)
[09:06:30]     s0102 -> 0 saved, 5 skipped (resume)
[09:06:30]     s0103 -> 0 saved, 5 skipped (resume)
[09:06:30]     s0104 -> 0 saved, 5 skipped (resume)
[09:06:30]     s0105 -> 0 saved, 5 skipped (resume)
[09:06:30]     s0106 -> 0 saved, 5 skipped (resume)
[09:06:30]     s0107 -> 0 saved, 5 skipped (resume)
[09:06:30]     s0108 -> 0 saved, 5 skipped (resume)
[09:06:30]     s0109 -> 0 saved, 5 skipped (resume)
[09:06:30]     s0110 -> 0 saved, 5 skipped (resume)
[09:06:30]     s0111 -> 0 saved, 5 skipped (resume)
[09:06:30]     s0112 -> 0 saved, 5 skipped (resume)
[09:06:30]     s0113 -> 0 saved, 5 skipped (resume)
[09:06:30]     s0114 -> 0 saved, 5 skipped (resume)
[09:06:30]     s0115 -> 0 saved, 5 skipped (resume)
[09:06:30]     s0116 -> 0 saved, 5 skipped (resume)
[09:06:30]     s0117 -> 0 saved, 5 skipped (resume)
[09:06:30]     s0118 -> 0 saved, 5 skipped (resume)
[09:06:30]     s0119 -> 0 saved, 5 skipped (resume)
[09:06:30]     s0120 -> 0 saved, 5 skipped (resume)
[09:06:30]     s0121 -> 0 saved, 5 skipped (resume)
[09:06:30]     s0122 -> 0 saved, 5 skipped (resume)
[09:06:30]     s0123 -> 0 saved, 5 skipped (resume)
[09:06:30]     s0124 -> 0 saved, 5 skipped (resume)
[09:06:30]     s0125 -> 0 saved, 5 skipped (resume)
[09:06:30]     s0126 -> 0 saved, 5 skipped (resume)
[09:06:30]     s0127 -> 0 saved, 5 skipped (resume)
[09:06:30]     s0128 -> 0 saved, 5 skipped (resume)
[09:06:30]     s0129 -> 0 saved, 5 skipped (resume)
[09:06:30]     s0130 -> 0 saved, 5 skipped (resume)
[09:06:30]     s0131 -> 0 saved, 5 skipped (resume)
[09:06:30]     s0132 -> 0 saved, 5 skipped (resume)
[09:06:30]     s0133 -> 0 saved, 5 skipped (resume)
[09:06:30]     s0134 -> 0 saved, 5 skipped (resume)
[09:06:30]     s0135 -> 0 saved, 5 skipped (resume)
[09:06:30]     s0136 -> 0 saved, 5 skipped (resume)
[09:06:30]     s0137 -> 0 saved, 5 skipped (resume)
[09:06:30]     s0138 -> 0 saved, 5 skipped (resume)
[09:06:30]     s0139 -> 0 saved, 5 skipped (resume)
[09:06:30]     s0140 -> 0 saved, 5 skipped (resume)
[09:06:30]     s0141 -> 0 saved, 5 skipped (resume)
[09:06:30]     s0142 -> 0 saved, 5 skipped (resume)
[09:06:30]     s0143 -> 0 saved, 5 skipped (resume)
[09:06:30]     s0144 -> 0 saved, 5 skipped (resume)
[09:06:30]     s0145 -> 0 saved, 5 skipped (resume)
[09:06:30]     s0146 -> 0 saved, 5 skipped (resume)
[09:06:30]     s0147 -> 0 saved, 5 skipped (resume)
[09:06:30]     s0148 -> 0 saved, 5 skipped (resume)
[09:06:30]     s0149 -> 0 saved, 5 skipped (resume)
[09:06:30]     s0150 -> 0 saved, 5 skipped (resume)
[09:06:30]     s0151 -> 0 saved, 5 skipped (resume)
[09:06:30]     s0152 -> 0 saved, 5 skipped (resume)
[09:06:30]     s0153 -> 0 saved, 5 skipped (resume)
[09:06:30]     s0154 -> 0 saved, 5 skipped (resume)
[09:06:30]     s0155 -> 0 saved, 5 skipped (resume)
[09:06:30]     s0156 -> 0 saved, 5 skipped (resume)
[09:06:30]     s0157 -> 0 saved, 5 skipped (resume)
[09:06:30]     s0158 -> 0 saved, 5 skipped (resume)
[09:06:30]     s0159 -> 0 saved, 5 skipped (resume)
[09:06:30]     s0160 -> 0 saved, 5 skipped (resume)
[09:06:30]     s0161 -> 0 saved, 5 skipped (resume)
[09:06:30]     s0162 -> 0 saved, 5 skipped (resume)
[09:06:30]     s0163 -> 0 saved, 5 skipped (resume)
[09:06:30]     s0164 -> 0 saved, 5 skipped (resume)
[09:06:30]     s0165 -> 0 saved, 5 skipped (resume)
[09:06:30]     s0166 -> 0 saved, 5 skipped (resume)
[09:06:30]     s0167 -> 0 saved, 5 skipped (resume)
[09:06:30]     s0168 -> 0 saved, 5 skipped (resume)
[09:06:30]     s0169 -> 0 saved, 5 skipped (resume)
[09:06:30]     s0170 -> 0 saved, 5 skipped (resume)
[09:06:30]     s0171 -> 0 saved, 5 skipped (resume)
[09:06:30]     s0172 -> 0 saved, 5 skipped (resume)
[09:06:30]     s0173 -> 0 saved, 5 skipped (resume)
[09:06:30]     s0174 -> 0 saved, 5 skipped (resume)
[09:06:30]     s0175 -> 0 saved, 5 skipped (resume)
[09:06:30]     s0176 -> 0 saved, 5 skipped (resume)
[09:06:30]     s0177 -> 0 saved, 5 skipped (resume)
[09:06:30]     s0178 -> 0 saved, 5 skipped (resume)
[09:06:30]     s0179 -> 0 saved, 5 skipped (resume)
[09:06:30]     s0180 -> 0 saved, 5 skipped (resume)
[09:06:30]     s0181 -> 0 saved, 5 skipped (resume)
[09:06:30]     s0182 -> 0 saved, 5 skipped (resume)
[09:06:30]     s0183 -> 0 saved, 5 skipped (resume)
[09:06:30]     s0184 -> 0 saved, 5 skipped (resume)
[09:06:30]     s0185 -> 0 saved, 5 skipped (resume)
[09:06:30]     s0186 -> 0 saved, 5 skipped (resume)
[09:06:30]     s0187 -> 0 saved, 5 skipped (resume)
[09:06:30]     s0188 -> 0 saved, 5 skipped (resume)
[09:06:30]     s0189 -> 0 saved, 5 skipped (resume)
[09:06:30]     s0190 -> 0 saved, 5 skipped (resume)
[09:06:30]     s0191 -> 0 saved, 5 skipped (resume)
[09:06:30]     s0192 -> 0 saved, 5 skipped (resume)
[09:06:30]     s0193 -> 0 saved, 5 skipped (resume)
[09:06:30]     s0194 -> 0 saved, 5 skipped (resume)
[09:06:30]     s0195 -> 0 saved, 5 skipped (resume)
[09:06:30]     s0196 -> 0 saved, 5 skipped (resume)
[09:06:30]     s0197 -> 0 saved, 5 skipped (resume)
[09:06:30]     s0198 -> 0 saved, 5 skipped (resume)
[09:06:30]     s0199 -> 0 saved, 5 skipped (resume)
[09:06:30]   qwen3:0.6b × kor_Hang (200 samples)
[09:06:30]     s0000 -> 0 saved, 5 skipped (resume)
[09:06:30]     s0001 -> 0 saved, 5 skipped (resume)
[09:06:30]     s0002 -> 0 saved, 5 skipped (resume)
[09:06:30]     s0003 -> 0 saved, 5 skipped (resume)
[09:06:30]     s0004 -> 0 saved, 5 skipped (resume)
[09:06:30]     s0005 -> 0 saved, 5 skipped (resume)
[09:06:30]     s0006 -> 0 saved, 5 skipped (resume)
[09:06:30]     s0007 -> 0 saved, 5 skipped (resume)
[09:06:30]     s0008 -> 0 saved, 5 skipped (resume)
[09:06:30]     s0009 -> 0 saved, 5 skipped (resume)
[09:06:30]     s0010 -> 0 saved, 5 skipped (resume)
[09:06:30]     s0011 -> 0 saved, 5 skipped (resume)
[09:06:30]     s0012 -> 0 saved, 5 skipped (resume)
[09:06:30]     s0013 -> 0 saved, 5 skipped (resume)
[09:06:30]     s0014 -> 0 saved, 5 skipped (resume)
[09:06:30]     s0015 -> 0 saved, 5 skipped (resume)
[09:06:30]     s0016 -> 0 saved, 5 skipped (resume)
[09:06:30]     s0017 -> 0 saved, 5 skipped (resume)
[09:06:30]     s0018 -> 0 saved, 5 skipped (resume)
[09:06:30]     s0019 -> 0 saved, 5 skipped (resume)
[09:06:30]     s0020 -> 0 saved, 5 skipped (resume)
[09:06:30]     s0021 -> 0 saved, 5 skipped (resume)
[09:06:30]     s0022 -> 0 saved, 5 skipped (resume)
[09:06:30]     s0023 -> 0 saved, 5 skipped (resume)
[09:06:30]     s0024 -> 0 saved, 5 skipped (resume)
[09:06:30]     s0025 -> 0 saved, 5 skipped (resume)
[09:06:30]     s0026 -> 0 saved, 5 skipped (resume)
[09:06:30]     s0027 -> 0 saved, 5 skipped (resume)
[09:06:30]     s0028 -> 0 saved, 5 skipped (resume)
[09:06:30]     s0029 -> 0 saved, 5 skipped (resume)
[09:06:30]     s0030 -> 0 saved, 5 skipped (resume)
[09:06:30]     s0031 -> 0 saved, 5 skipped (resume)
[09:06:30]     s0032 -> 0 saved, 5 skipped (resume)
[09:06:30]     s0033 -> 0 saved, 5 skipped (resume)
[09:06:30]     s0034 -> 0 saved, 5 skipped (resume)
[09:06:30]     s0035 -> 0 saved, 5 skipped (resume)
[09:06:30]     s0036 -> 0 saved, 5 skipped (resume)
[09:06:30]     s0037 -> 0 saved, 5 skipped (resume)
[09:06:30]     s0038 -> 0 saved, 5 skipped (resume)
[09:06:30]     s0039 -> 0 saved, 5 skipped (resume)
[09:06:30]     s0040 -> 0 saved, 5 skipped (resume)
[09:06:30]     s0041 -> 0 saved, 5 skipped (resume)
[09:06:30]     s0042 -> 0 saved, 5 skipped (resume)
[09:06:30]     s0043 -> 0 saved, 5 skipped (resume)
[09:06:30]     s0044 -> 0 saved, 5 skipped (resume)
[09:06:30]     s0045 -> 0 saved, 5 skipped (resume)
[09:06:30]     s0046 -> 0 saved, 5 skipped (resume)
[09:06:30]     s0047 -> 0 saved, 5 skipped (resume)
[09:06:30]     s0048 -> 0 saved, 5 skipped (resume)
[09:06:30]     s0049 -> 0 saved, 5 skipped (resume)
[09:06:30]     s0050 -> 0 saved, 5 skipped (resume)
[09:06:30]     s0051 -> 0 saved, 5 skipped (resume)
[09:06:30]     s0052 -> 0 saved, 5 skipped (resume)
[09:06:30]     s0053 -> 0 saved, 5 skipped (resume)
[09:06:30]     s0054 -> 0 saved, 5 skipped (resume)
[09:06:30]     s0055 -> 0 saved, 5 skipped (resume)
[09:06:30]     s0056 -> 0 saved, 5 skipped (resume)
[09:06:30]     s0057 -> 0 saved, 5 skipped (resume)
[09:06:30]     s0058 -> 0 saved, 5 skipped (resume)
[09:06:30]     s0059 -> 0 saved, 5 skipped (resume)
[09:06:30]     s0060 -> 0 saved, 5 skipped (resume)
[09:06:30]     s0061 -> 0 saved, 5 skipped (resume)
[09:06:30]     s0062 -> 0 saved, 5 skipped (resume)
[09:06:30]     s0063 -> 0 saved, 5 skipped (resume)
[09:06:30]     s0064 -> 0 saved, 5 skipped (resume)
[09:06:30]     s0065 -> 0 saved, 5 skipped (resume)
[09:06:30]     s0066 -> 0 saved, 5 skipped (resume)
[09:06:30]     s0067 -> 0 saved, 5 skipped (resume)
[09:06:30]     s0068 -> 0 saved, 5 skipped (resume)
[09:06:30]     s0069 -> 0 saved, 5 skipped (resume)
[09:06:30]     s0070 -> 0 saved, 5 skipped (resume)
[09:06:30]     s0071 -> 0 saved, 5 skipped (resume)
[09:06:30]     s0072 -> 0 saved, 5 skipped (resume)
[09:06:30]     s0073 -> 0 saved, 5 skipped (resume)
[09:06:30]     s0074 -> 0 saved, 5 skipped (resume)
[09:06:30]     s0075 -> 0 saved, 5 skipped (resume)
[09:06:30]     s0076 -> 0 saved, 5 skipped (resume)
[09:06:30]     s0077 -> 0 saved, 5 skipped (resume)
[09:06:30]     s0078 -> 0 saved, 5 skipped (resume)
[09:06:30]     s0079 -> 0 saved, 5 skipped (resume)
[09:06:30]     s0080 -> 0 saved, 5 skipped (resume)
[09:06:30]     s0081 -> 0 saved, 5 skipped (resume)
[09:06:30]     s0082 -> 0 saved, 5 skipped (resume)
[09:06:30]     s0083 -> 0 saved, 5 skipped (resume)
[09:06:30]     s0084 -> 0 saved, 5 skipped (resume)
[09:06:30]     s0085 -> 0 saved, 5 skipped (resume)
[09:06:30]     s0086 -> 0 saved, 5 skipped (resume)
[09:06:30]     s0087 -> 0 saved, 5 skipped (resume)
[09:06:30]     s0088 -> 0 saved, 5 skipped (resume)
[09:06:30]     s0089 -> 0 saved, 5 skipped (resume)
[09:06:30]     s0090 -> 0 saved, 5 skipped (resume)
[09:06:30]     s0091 -> 0 saved, 5 skipped (resume)
[09:06:30]     s0092 -> 0 saved, 5 skipped (resume)
[09:06:30]     s0093 -> 0 saved, 5 skipped (resume)
[09:06:30]     s0094 -> 0 saved, 5 skipped (resume)
[09:06:30]     s0095 -> 0 saved, 5 skipped (resume)
[09:06:30]     s0096 -> 0 saved, 5 skipped (resume)
[09:06:30]     s0097 -> 0 saved, 5 skipped (resume)
[09:06:30]     s0098 -> 0 saved, 5 skipped (resume)
[09:06:30]     s0099 -> 0 saved, 5 skipped (resume)
[09:06:30]     s0100 -> 0 saved, 5 skipped (resume)
[09:06:30]     s0101 -> 0 saved, 5 skipped (resume)
[09:06:30]     s0102 -> 0 saved, 5 skipped (resume)
[09:06:30]     s0103 -> 0 saved, 5 skipped (resume)
[09:06:30]     s0104 -> 0 saved, 5 skipped (resume)
[09:06:30]     s0105 -> 0 saved, 5 skipped (resume)
[09:06:30]     s0106 -> 0 saved, 5 skipped (resume)
[09:06:30]     s0107 -> 0 saved, 5 skipped (resume)
[09:06:30]     s0108 -> 0 saved, 5 skipped (resume)
[09:06:30]     s0109 -> 0 saved, 5 skipped (resume)
[09:06:30]     s0110 -> 0 saved, 5 skipped (resume)
[09:06:30]     s0111 -> 0 saved, 5 skipped (resume)
[09:06:30]     s0112 -> 0 saved, 5 skipped (resume)
[09:06:30]     s0113 -> 0 saved, 5 skipped (resume)
[09:06:30]     s0114 -> 0 saved, 5 skipped (resume)
[09:06:30]     s0115 -> 0 saved, 5 skipped (resume)
[09:06:30]     s0116 -> 0 saved, 5 skipped (resume)
[09:06:30]     s0117 -> 0 saved, 5 skipped (resume)
[09:06:30]     s0118 -> 0 saved, 5 skipped (resume)
[09:06:30]     s0119 -> 0 saved, 5 skipped (resume)
[09:06:30]     s0120 -> 0 saved, 5 skipped (resume)
[09:06:30]     s0121 -> 0 saved, 5 skipped (resume)
[09:06:30]     s0122 -> 0 saved, 5 skipped (resume)
[09:06:30]     s0123 -> 0 saved, 5 skipped (resume)
[09:06:30]     s0124 -> 0 saved, 5 skipped (resume)
[09:06:30]     s0125 -> 0 saved, 5 skipped (resume)
[09:06:30]     s0126 -> 0 saved, 5 skipped (resume)
[09:06:30]     s0127 -> 0 saved, 5 skipped (resume)
[09:06:30]     s0128 -> 0 saved, 5 skipped (resume)
[09:06:30]     s0129 -> 0 saved, 5 skipped (resume)
[09:06:30]     s0130 -> 0 saved, 5 skipped (resume)
[09:06:30]     s0131 -> 0 saved, 5 skipped (resume)
[09:06:30]     s0132 -> 0 saved, 5 skipped (resume)
[09:06:30]     s0133 -> 0 saved, 5 skipped (resume)
[09:06:30]     s0134 -> 0 saved, 5 skipped (resume)
[09:06:30]     s0135 -> 0 saved, 5 skipped (resume)
[09:06:30]     s0136 -> 0 saved, 5 skipped (resume)
[09:06:30]     s0137 -> 0 saved, 5 skipped (resume)
[09:06:30]     s0138 -> 0 saved, 5 skipped (resume)
[09:06:30]     s0139 -> 0 saved, 5 skipped (resume)
[09:06:30]     s0140 -> 0 saved, 5 skipped (resume)
[09:06:30]     s0141 -> 0 saved, 5 skipped (resume)
[09:06:30]     s0142 -> 0 saved, 5 skipped (resume)
[09:06:30]     s0143 -> 0 saved, 5 skipped (resume)
[09:06:30]     s0144 -> 0 saved, 5 skipped (resume)
[09:06:30]     s0145 -> 0 saved, 5 skipped (resume)
[09:06:30]     s0146 -> 0 saved, 5 skipped (resume)
[09:06:30]     s0147 -> 0 saved, 5 skipped (resume)
[09:06:30]     s0148 -> 0 saved, 5 skipped (resume)
[09:06:30]     s0149 -> 0 saved, 5 skipped (resume)
[09:06:30]     s0150 -> 0 saved, 5 skipped (resume)
[09:06:30]     s0151 -> 0 saved, 5 skipped (resume)
[09:06:30]     s0152 -> 0 saved, 5 skipped (resume)
[09:06:30]     s0153 -> 0 saved, 5 skipped (resume)
[09:06:30]     s0154 -> 0 saved, 5 skipped (resume)
[09:06:30]     s0155 -> 0 saved, 5 skipped (resume)
[09:06:30]     s0156 -> 0 saved, 5 skipped (resume)
[09:06:30]     s0157 -> 0 saved, 5 skipped (resume)
[09:06:30]     s0158 -> 0 saved, 5 skipped (resume)
[09:06:30]     s0159 -> 0 saved, 5 skipped (resume)
[09:06:30]     s0160 -> 0 saved, 5 skipped (resume)
[09:06:30]     s0161 -> 0 saved, 5 skipped (resume)
[09:06:30]     s0162 -> 0 saved, 5 skipped (resume)
[09:06:30]     s0163 -> 0 saved, 5 skipped (resume)
[09:06:30]     s0164 -> 0 saved, 5 skipped (resume)
[09:06:30]     s0165 -> 0 saved, 5 skipped (resume)
[09:06:30]     s0166 -> 0 saved, 5 skipped (resume)
[09:06:30]     s0167 -> 0 saved, 5 skipped (resume)
[09:06:30]     s0168 -> 0 saved, 5 skipped (resume)
[09:06:30]     s0169 -> 0 saved, 5 skipped (resume)
[09:06:30]     s0170 -> 0 saved, 5 skipped (resume)
[09:06:30]     s0171 -> 0 saved, 5 skipped (resume)
[09:06:30]     s0172 -> 0 saved, 5 skipped (resume)
[09:06:30]     s0173 -> 0 saved, 5 skipped (resume)
[09:06:30]     s0174 -> 0 saved, 5 skipped (resume)
[09:06:30]     s0175 -> 0 saved, 5 skipped (resume)
[09:06:30]     s0176 -> 0 saved, 5 skipped (resume)
[09:06:30]     s0177 -> 0 saved, 5 skipped (resume)
[09:06:30]     s0178 -> 0 saved, 5 skipped (resume)
[09:06:30]     s0179 -> 0 saved, 5 skipped (resume)
[09:06:30]     s0180 -> 0 saved, 5 skipped (resume)
[09:06:30]     s0181 -> 0 saved, 5 skipped (resume)
[09:06:30]     s0182 -> 0 saved, 5 skipped (resume)
[09:06:30]     s0183 -> 0 saved, 5 skipped (resume)
[09:06:30]     s0184 -> 0 saved, 5 skipped (resume)
[09:06:30]     s0185 -> 0 saved, 5 skipped (resume)
[09:06:30]     s0186 -> 0 saved, 5 skipped (resume)
[09:06:30]     s0187 -> 0 saved, 5 skipped (resume)
[09:06:30]     s0188 -> 0 saved, 5 skipped (resume)
[09:06:30]     s0189 -> 0 saved, 5 skipped (resume)
[09:06:30]     s0190 -> 0 saved, 5 skipped (resume)
[09:06:30]     s0191 -> 0 saved, 5 skipped (resume)
[09:06:30]     s0192 -> 0 saved, 5 skipped (resume)
[09:06:30]     s0193 -> 0 saved, 5 skipped (resume)
[09:06:30]     s0194 -> 0 saved, 5 skipped (resume)
[09:06:30]     s0195 -> 0 saved, 5 skipped (resume)
[09:06:30]     s0196 -> 0 saved, 5 skipped (resume)
[09:06:30]     s0197 -> 0 saved, 5 skipped (resume)
[09:06:30]     s0198 -> 0 saved, 5 skipped (resume)
[09:06:30]     s0199 -> 0 saved, 5 skipped (resume)
[09:06:30]   qwen3:0.6b × spa_Latn (200 samples)
[09:06:30]     s0000 -> 0 saved, 5 skipped (resume)
[09:06:30]     s0001 -> 0 saved, 5 skipped (resume)
[09:06:30]     s0002 -> 0 saved, 5 skipped (resume)
[09:06:30]     s0003 -> 0 saved, 5 skipped (resume)
[09:06:30]     s0004 -> 0 saved, 5 skipped (resume)
[09:06:30]     s0005 -> 0 saved, 5 skipped (resume)
[09:06:30]     s0006 -> 0 saved, 5 skipped (resume)
[09:06:30]     s0007 -> 0 saved, 5 skipped (resume)
[09:06:30]     s0008 -> 0 saved, 5 skipped (resume)
[09:06:30]     s0009 -> 0 saved, 5 skipped (resume)
[09:06:30]     s0010 -> 0 saved, 5 skipped (resume)
[09:06:30]     s0011 -> 0 saved, 5 skipped (resume)
[09:06:30]     s0012 -> 0 saved, 5 skipped (resume)
[09:06:30]     s0013 -> 0 saved, 5 skipped (resume)
[09:06:30]     s0014 -> 0 saved, 5 skipped (resume)
[09:06:30]     s0015 -> 0 saved, 5 skipped (resume)
[09:06:30]     s0016 -> 0 saved, 5 skipped (resume)
[09:06:30]     s0017 -> 0 saved, 5 skipped (resume)
[09:06:30]     s0018 -> 0 saved, 5 skipped (resume)
[09:06:30]     s0019 -> 0 saved, 5 skipped (resume)
[09:06:30]     s0020 -> 0 saved, 5 skipped (resume)
[09:06:30]     s0021 -> 0 saved, 5 skipped (resume)
[09:06:30]     s0022 -> 0 saved, 5 skipped (resume)
[09:06:30]     s0023 -> 0 saved, 5 skipped (resume)
[09:06:30]     s0024 -> 0 saved, 5 skipped (resume)
[09:06:30]     s0025 -> 0 saved, 5 skipped (resume)
[09:06:30]     s0026 -> 0 saved, 5 skipped (resume)
[09:06:30]     s0027 -> 0 saved, 5 skipped (resume)
[09:06:30]     s0028 -> 0 saved, 5 skipped (resume)
[09:06:30]     s0029 -> 0 saved, 5 skipped (resume)
[09:06:30]     s0030 -> 0 saved, 5 skipped (resume)
[09:06:30]     s0031 -> 0 saved, 5 skipped (resume)
[09:06:30]     s0032 -> 0 saved, 5 skipped (resume)
[09:06:30]     s0033 -> 0 saved, 5 skipped (resume)
[09:06:30]     s0034 -> 0 saved, 5 skipped (resume)
[09:06:30]     s0035 -> 0 saved, 5 skipped (resume)
[09:06:30]     s0036 -> 0 saved, 5 skipped (resume)
[09:06:30]     s0037 -> 0 saved, 5 skipped (resume)
[09:06:30]     s0038 -> 0 saved, 5 skipped (resume)
[09:06:30]     s0039 -> 0 saved, 5 skipped (resume)
[09:06:30]     s0040 -> 0 saved, 5 skipped (resume)
[09:06:30]     s0041 -> 0 saved, 5 skipped (resume)
[09:06:30]     s0042 -> 0 saved, 5 skipped (resume)
[09:06:30]     s0043 -> 0 saved, 5 skipped (resume)
[09:06:30]     s0044 -> 0 saved, 5 skipped (resume)
[09:06:30]     s0045 -> 0 saved, 5 skipped (resume)
[09:06:30]     s0046 -> 0 saved, 5 skipped (resume)
[09:06:30]     s0047 -> 0 saved, 5 skipped (resume)
[09:06:30]     s0048 -> 0 saved, 5 skipped (resume)
[09:06:30]     s0049 -> 0 saved, 5 skipped (resume)
[09:06:30]     s0050 -> 0 saved, 5 skipped (resume)
[09:06:30]     s0051 -> 0 saved, 5 skipped (resume)
[09:06:30]     s0052 -> 0 saved, 5 skipped (resume)
[09:06:30]     s0053 -> 0 saved, 5 skipped (resume)
[09:06:30]     s0054 -> 0 saved, 5 skipped (resume)
[09:06:30]     s0055 -> 0 saved, 5 skipped (resume)
[09:06:30]     s0056 -> 0 saved, 5 skipped (resume)
[09:06:30]     s0057 -> 0 saved, 5 skipped (resume)
[09:06:30]     s0058 -> 0 saved, 5 skipped (resume)
[09:06:30]     s0059 -> 0 saved, 5 skipped (resume)
[09:06:30]     s0060 -> 0 saved, 5 skipped (resume)
[09:06:30]     s0061 -> 0 saved, 5 skipped (resume)
[09:06:30]     s0062 -> 0 saved, 5 skipped (resume)
[09:06:30]     s0063 -> 0 saved, 5 skipped (resume)
[09:06:30]     s0064 -> 0 saved, 5 skipped (resume)
[09:06:30]     s0065 -> 0 saved, 5 skipped (resume)
[09:06:30]     s0066 -> 0 saved, 5 skipped (resume)
[09:06:30]     s0067 -> 0 saved, 5 skipped (resume)
[09:06:30]     s0068 -> 0 saved, 5 skipped (resume)
[09:06:30]     s0069 -> 0 saved, 5 skipped (resume)
[09:06:30]     s0070 -> 0 saved, 5 skipped (resume)
[09:06:30]     s0071 -> 0 saved, 5 skipped (resume)
[09:06:30]     s0072 -> 0 saved, 5 skipped (resume)
[09:06:30]     s0073 -> 0 saved, 5 skipped (resume)
[09:06:30]     s0074 -> 0 saved, 5 skipped (resume)
[09:06:30]     s0075 -> 0 saved, 5 skipped (resume)
[09:06:30]     s0076 -> 0 saved, 5 skipped (resume)
[09:06:30]     s0077 -> 0 saved, 5 skipped (resume)
[09:06:30]     s0078 -> 0 saved, 5 skipped (resume)
[09:06:30]     s0079 -> 0 saved, 5 skipped (resume)
[09:06:30]     s0080 -> 0 saved, 5 skipped (resume)
[09:06:30]     s0081 -> 0 saved, 5 skipped (resume)
[09:06:30]     s0082 -> 0 saved, 5 skipped (resume)
[09:06:30]     s0083 -> 0 saved, 5 skipped (resume)
[09:06:30]     s0084 -> 0 saved, 5 skipped (resume)
[09:06:30]     s0085 -> 0 saved, 5 skipped (resume)
[09:06:30]     s0086 -> 0 saved, 5 skipped (resume)
[09:06:30]     s0087 -> 0 saved, 5 skipped (resume)
[09:06:30]     s0088 -> 0 saved, 5 skipped (resume)
[09:06:30]     s0089 -> 0 saved, 5 skipped (resume)
[09:06:30]     s0090 -> 0 saved, 5 skipped (resume)
[09:06:30]     s0091 -> 0 saved, 5 skipped (resume)
[09:06:30]     s0092 -> 0 saved, 5 skipped (resume)
[09:06:30]     s0093 -> 0 saved, 5 skipped (resume)
[09:06:30]     s0094 -> 0 saved, 5 skipped (resume)
[09:06:30]     s0095 -> 0 saved, 5 skipped (resume)
[09:06:30]     s0096 -> 0 saved, 5 skipped (resume)
[09:06:30]     s0097 -> 0 saved, 5 skipped (resume)
[09:06:30]     s0098 -> 0 saved, 5 skipped (resume)
[09:06:30]     s0099 -> 0 saved, 5 skipped (resume)
[09:06:30]     s0100 -> 0 saved, 5 skipped (resume)
[09:06:30]     s0101 -> 0 saved, 5 skipped (resume)
[09:06:30]     s0102 -> 0 saved, 5 skipped (resume)
[09:06:30]     s0103 -> 0 saved, 5 skipped (resume)
[09:06:30]     s0104 -> 0 saved, 5 skipped (resume)
[09:06:30]     s0105 -> 0 saved, 5 skipped (resume)
[09:06:30]     s0106 -> 0 saved, 5 skipped (resume)
[09:06:30]     s0107 -> 0 saved, 5 skipped (resume)
[09:06:30]     s0108 -> 0 saved, 5 skipped (resume)
[09:06:30]     s0109 -> 0 saved, 5 skipped (resume)
[09:06:30]     s0110 -> 0 saved, 5 skipped (resume)
[09:06:30]     s0111 -> 0 saved, 5 skipped (resume)
[09:06:30]     s0112 -> 0 saved, 5 skipped (resume)
[09:06:30]     s0113 -> 0 saved, 5 skipped (resume)
[09:06:30]     s0114 -> 0 saved, 5 skipped (resume)
[09:06:30]     s0115 -> 0 saved, 5 skipped (resume)
[09:06:30]     s0116 -> 0 saved, 5 skipped (resume)
[09:06:30]     s0117 -> 0 saved, 5 skipped (resume)
[09:06:30]     s0118 -> 0 saved, 5 skipped (resume)
[09:06:30]     s0119 -> 0 saved, 5 skipped (resume)
[09:06:30]     s0120 -> 0 saved, 5 skipped (resume)
[09:06:30]     s0121 -> 0 saved, 5 skipped (resume)
[09:06:30]     s0122 -> 0 saved, 5 skipped (resume)
[09:06:30]     s0123 -> 0 saved, 5 skipped (resume)
[09:06:30]     s0124 -> 0 saved, 5 skipped (resume)
[09:06:30]     s0125 -> 0 saved, 5 skipped (resume)
[09:06:30]     s0126 -> 0 saved, 5 skipped (resume)
[09:06:30]     s0127 -> 0 saved, 5 skipped (resume)
[09:06:30]     s0128 -> 0 saved, 5 skipped (resume)
[09:06:30]     s0129 -> 0 saved, 5 skipped (resume)
[09:06:30]     s0130 -> 0 saved, 5 skipped (resume)
[09:06:30]     s0131 -> 0 saved, 5 skipped (resume)
[09:06:30]     s0132 -> 0 saved, 5 skipped (resume)
[09:06:30]     s0133 -> 0 saved, 5 skipped (resume)
[09:06:30]     s0134 -> 0 saved, 5 skipped (resume)
[09:06:30]     s0135 -> 0 saved, 5 skipped (resume)
[09:06:30]     s0136 -> 0 saved, 5 skipped (resume)
[09:06:30]     s0137 -> 0 saved, 5 skipped (resume)
[09:06:30]     s0138 -> 0 saved, 5 skipped (resume)
[09:06:30]     s0139 -> 0 saved, 5 skipped (resume)
[09:06:30]     s0140 -> 0 saved, 5 skipped (resume)
[09:06:30]     s0141 -> 0 saved, 5 skipped (resume)
[09:06:30]     s0142 -> 0 saved, 5 skipped (resume)
[09:06:30]     s0143 -> 0 saved, 5 skipped (resume)
[09:06:30]     s0144 -> 0 saved, 5 skipped (resume)
[09:06:30]     s0145 -> 0 saved, 5 skipped (resume)
[09:06:30]     s0146 -> 0 saved, 5 skipped (resume)
[09:06:30]     s0147 -> 0 saved, 5 skipped (resume)
[09:06:30]     s0148 -> 0 saved, 5 skipped (resume)
[09:06:30]     s0149 -> 0 saved, 5 skipped (resume)
[09:06:30]     s0150 -> 0 saved, 5 skipped (resume)
[09:06:30]     s0151 -> 0 saved, 5 skipped (resume)
[09:06:30]     s0152 -> 0 saved, 5 skipped (resume)
[09:06:30]     s0153 -> 0 saved, 5 skipped (resume)
[09:06:30]     s0154 -> 0 saved, 5 skipped (resume)
[09:06:30]     s0155 -> 0 saved, 5 skipped (resume)
[09:06:30]     s0156 -> 0 saved, 5 skipped (resume)
[09:06:30]     s0157 -> 0 saved, 5 skipped (resume)
[09:06:30]     s0158 -> 0 saved, 5 skipped (resume)
[09:06:30]     s0159 -> 0 saved, 5 skipped (resume)
[09:06:30]     s0160 -> 0 saved, 5 skipped (resume)
[09:06:30]     s0161 -> 0 saved, 5 skipped (resume)
[09:06:30]     s0162 -> 0 saved, 5 skipped (resume)
[09:06:30]     s0163 -> 0 saved, 5 skipped (resume)
[09:06:30]     s0164 -> 0 saved, 5 skipped (resume)
[09:06:30]     s0165 -> 0 saved, 5 skipped (resume)
[09:06:30]     s0166 -> 0 saved, 5 skipped (resume)
[09:06:30]     s0167 -> 0 saved, 5 skipped (resume)
[09:06:30]     s0168 -> 0 saved, 5 skipped (resume)
[09:06:30]     s0169 -> 0 saved, 5 skipped (resume)
[09:06:30]     s0170 -> 0 saved, 5 skipped (resume)
[09:06:30]     s0171 -> 0 saved, 5 skipped (resume)
[09:06:30]     s0172 -> 0 saved, 5 skipped (resume)
[09:06:30]     s0173 -> 0 saved, 5 skipped (resume)
[09:06:30]     s0174 -> 0 saved, 5 skipped (resume)
[09:06:30]     s0175 -> 0 saved, 5 skipped (resume)
[09:06:30]     s0176 -> 0 saved, 5 skipped (resume)
[09:06:30]     s0177 -> 0 saved, 5 skipped (resume)
[09:06:30]     s0178 -> 0 saved, 5 skipped (resume)
[09:06:30]     s0179 -> 0 saved, 5 skipped (resume)
[09:06:30]     s0180 -> 0 saved, 5 skipped (resume)
[09:06:30]     s0181 -> 0 saved, 5 skipped (resume)
[09:06:30]     s0182 -> 0 saved, 5 skipped (resume)
[09:06:30]     s0183 -> 0 saved, 5 skipped (resume)
[09:06:30]     s0184 -> 0 saved, 5 skipped (resume)
[09:06:30]     s0185 -> 0 saved, 5 skipped (resume)
[09:06:30]     s0186 -> 0 saved, 5 skipped (resume)
[09:06:30]     s0187 -> 0 saved, 5 skipped (resume)
[09:06:30]     s0188 -> 0 saved, 5 skipped (resume)
[09:06:30]     s0189 -> 0 saved, 5 skipped (resume)
[09:06:30]     s0190 -> 0 saved, 5 skipped (resume)
[09:06:30]     s0191 -> 0 saved, 5 skipped (resume)
[09:06:30]     s0192 -> 0 saved, 5 skipped (resume)
[09:06:30]     s0193 -> 0 saved, 5 skipped (resume)
[09:06:30]     s0194 -> 0 saved, 5 skipped (resume)
[09:06:30]     s0195 -> 0 saved, 5 skipped (resume)
[09:06:30]     s0196 -> 0 saved, 5 skipped (resume)
[09:06:30]     s0197 -> 0 saved, 5 skipped (resume)
[09:06:30]     s0198 -> 0 saved, 5 skipped (resume)
[09:06:30]     s0199 -> 0 saved, 5 skipped (resume)
[09:06:30]   qwen3:0.6b × fra_Latn (200 samples)
[09:06:30]     s0000 -> 0 saved, 5 skipped (resume)
[09:06:30]     s0001 -> 0 saved, 5 skipped (resume)
[09:06:30]     s0002 -> 0 saved, 5 skipped (resume)
[09:06:30]     s0003 -> 0 saved, 5 skipped (resume)
[09:06:30]     s0004 -> 0 saved, 5 skipped (resume)
[09:06:30]     s0005 -> 0 saved, 5 skipped (resume)
[09:06:30]     s0006 -> 0 saved, 5 skipped (resume)
[09:06:30]     s0007 -> 0 saved, 5 skipped (resume)
[09:06:30]     s0008 -> 0 saved, 5 skipped (resume)
[09:06:30]     s0009 -> 0 saved, 5 skipped (resume)
[09:06:30]     s0010 -> 0 saved, 5 skipped (resume)
[09:06:30]     s0011 -> 0 saved, 5 skipped (resume)
[09:06:30]     s0012 -> 0 saved, 5 skipped (resume)
[09:06:30]     s0013 -> 0 saved, 5 skipped (resume)
[09:06:30]     s0014 -> 0 saved, 5 skipped (resume)
[09:06:30]     s0015 -> 0 saved, 5 skipped (resume)
[09:06:30]     s0016 -> 0 saved, 5 skipped (resume)
[09:06:30]     s0017 -> 0 saved, 5 skipped (resume)
[09:06:30]     s0018 -> 0 saved, 5 skipped (resume)
[09:06:30]     s0019 -> 0 saved, 5 skipped (resume)
[09:06:30]     s0020 -> 0 saved, 5 skipped (resume)
[09:06:30]     s0021 -> 0 saved, 5 skipped (resume)
[09:06:30]     s0022 -> 0 saved, 5 skipped (resume)
[09:06:30]     s0023 -> 0 saved, 5 skipped (resume)
[09:06:30]     s0024 -> 0 saved, 5 skipped (resume)
[09:06:30]     s0025 -> 0 saved, 5 skipped (resume)
[09:06:30]     s0026 -> 0 saved, 5 skipped (resume)
[09:06:30]     s0027 -> 0 saved, 5 skipped (resume)
[09:06:30]     s0028 -> 0 saved, 5 skipped (resume)
[09:06:30]     s0029 -> 0 saved, 5 skipped (resume)
[09:06:30]     s0030 -> 0 saved, 5 skipped (resume)
[09:06:30]     s0031 -> 0 saved, 5 skipped (resume)
[09:06:30]     s0032 -> 0 saved, 5 skipped (resume)
[09:06:30]     s0033 -> 0 saved, 5 skipped (resume)
[09:06:30]     s0034 -> 0 saved, 5 skipped (resume)
[09:06:30]     s0035 -> 0 saved, 5 skipped (resume)
[09:06:30]     s0036 -> 0 saved, 5 skipped (resume)
[09:06:30]     s0037 -> 0 saved, 5 skipped (resume)
[09:06:30]     s0038 -> 0 saved, 5 skipped (resume)
[09:06:30]     s0039 -> 0 saved, 5 skipped (resume)
[09:06:30]     s0040 -> 0 saved, 5 skipped (resume)
[09:06:30]     s0041 -> 0 saved, 5 skipped (resume)
[09:06:30]     s0042 -> 0 saved, 5 skipped (resume)
[09:06:30]     s0043 -> 0 saved, 5 skipped (resume)
[09:06:30]     s0044 -> 0 saved, 5 skipped (resume)
[09:06:30]     s0045 -> 0 saved, 5 skipped (resume)
[09:06:30]     s0046 -> 0 saved, 5 skipped (resume)
[09:06:30]     s0047 -> 0 saved, 5 skipped (resume)
[09:06:30]     s0048 -> 0 saved, 5 skipped (resume)
[09:06:30]     s0049 -> 0 saved, 5 skipped (resume)
[09:06:30]     s0050 -> 0 saved, 5 skipped (resume)
[09:06:30]     s0051 -> 0 saved, 5 skipped (resume)
[09:06:30]     s0052 -> 0 saved, 5 skipped (resume)
[09:06:30]     s0053 -> 0 saved, 5 skipped (resume)
[09:06:30]     s0054 -> 0 saved, 5 skipped (resume)
[09:06:30]     s0055 -> 0 saved, 5 skipped (resume)
[09:06:30]     s0056 -> 0 saved, 5 skipped (resume)
[09:06:30]     s0057 -> 0 saved, 5 skipped (resume)
[09:06:30]     s0058 -> 0 saved, 5 skipped (resume)
[09:06:30]     s0059 -> 0 saved, 5 skipped (resume)
[09:06:30]     s0060 -> 0 saved, 5 skipped (resume)
[09:06:30]     s0061 -> 0 saved, 5 skipped (resume)
[09:06:30]     s0062 -> 0 saved, 5 skipped (resume)
[09:06:30]     s0063 -> 0 saved, 5 skipped (resume)
[09:06:30]     s0064 -> 0 saved, 5 skipped (resume)
[09:06:30]     s0065 -> 0 saved, 5 skipped (resume)
[09:06:30]     s0066 -> 0 saved, 5 skipped (resume)
[09:06:30]     s0067 -> 0 saved, 5 skipped (resume)
[09:06:30]     s0068 -> 0 saved, 5 skipped (resume)
[09:06:30]     s0069 -> 0 saved, 5 skipped (resume)
[09:06:30]     s0070 -> 0 saved, 5 skipped (resume)
[09:06:30]     s0071 -> 0 saved, 5 skipped (resume)
[09:06:30]     s0072 -> 0 saved, 5 skipped (resume)
[09:06:30]     s0073 -> 0 saved, 5 skipped (resume)
[09:06:30]     s0074 -> 0 saved, 5 skipped (resume)
[09:06:30]     s0075 -> 0 saved, 5 skipped (resume)
[09:06:30]     s0076 -> 0 saved, 5 skipped (resume)
[09:06:30]     s0077 -> 0 saved, 5 skipped (resume)
[09:06:30]     s0078 -> 0 saved, 5 skipped (resume)
[09:06:30]     s0079 -> 0 saved, 5 skipped (resume)
[09:06:30]     s0080 -> 0 saved, 5 skipped (resume)
[09:06:30]     s0081 -> 0 saved, 5 skipped (resume)
[09:06:30]     s0082 -> 0 saved, 5 skipped (resume)
[09:06:30]     s0083 -> 0 saved, 5 skipped (resume)
[09:06:30]     s0084 -> 0 saved, 5 skipped (resume)
[09:06:30]     s0085 -> 0 saved, 5 skipped (resume)
[09:06:30]     s0086 -> 0 saved, 5 skipped (resume)
[09:06:30]     s0087 -> 0 saved, 5 skipped (resume)
[09:06:30]     s0088 -> 0 saved, 5 skipped (resume)
[09:06:30]     s0089 -> 0 saved, 5 skipped (resume)
[09:06:30]     s0090 -> 0 saved, 5 skipped (resume)
[09:06:30]     s0091 -> 0 saved, 5 skipped (resume)
[09:06:30]     s0092 -> 0 saved, 5 skipped (resume)
[09:06:30]     s0093 -> 0 saved, 5 skipped (resume)
[09:06:30]     s0094 -> 0 saved, 5 skipped (resume)
[09:06:30]     s0095 -> 0 saved, 5 skipped (resume)
[09:06:30]     s0096 -> 0 saved, 5 skipped (resume)
[09:06:30]     s0097 -> 0 saved, 5 skipped (resume)
[09:06:30]     s0098 -> 0 saved, 5 skipped (resume)
[09:06:30]     s0099 -> 0 saved, 5 skipped (resume)
[09:06:30]     s0100 -> 0 saved, 5 skipped (resume)
[09:06:30]     s0101 -> 0 saved, 5 skipped (resume)
[09:06:30]     s0102 -> 0 saved, 5 skipped (resume)
[09:06:30]     s0103 -> 0 saved, 5 skipped (resume)
[09:06:30]     s0104 -> 0 saved, 5 skipped (resume)
[09:06:30]     s0105 -> 0 saved, 5 skipped (resume)
[09:06:30]     s0106 -> 0 saved, 5 skipped (resume)
[09:06:30]     s0107 -> 0 saved, 5 skipped (resume)
[09:06:30]     s0108 -> 0 saved, 5 skipped (resume)
[09:06:30]     s0109 -> 0 saved, 5 skipped (resume)
[09:06:30]     s0110 -> 0 saved, 5 skipped (resume)
[09:06:30]     s0111 -> 0 saved, 5 skipped (resume)
[09:06:30]     s0112 -> 0 saved, 5 skipped (resume)
[09:06:30]     s0113 -> 0 saved, 5 skipped (resume)
[09:06:30]     s0114 -> 0 saved, 5 skipped (resume)
[09:06:30]     s0115 -> 0 saved, 5 skipped (resume)
[09:06:30]     s0116 -> 0 saved, 5 skipped (resume)
[09:06:30]     s0117 -> 0 saved, 5 skipped (resume)
[09:06:30]     s0118 -> 0 saved, 5 skipped (resume)
[09:06:30]     s0119 -> 0 saved, 5 skipped (resume)
[09:06:30]     s0120 -> 0 saved, 5 skipped (resume)
[09:06:30]     s0121 -> 0 saved, 5 skipped (resume)
[09:06:30]     s0122 -> 0 saved, 5 skipped (resume)
[09:06:30]     s0123 -> 0 saved, 5 skipped (resume)
[09:06:30]     s0124 -> 0 saved, 5 skipped (resume)
[09:06:30]     s0125 -> 0 saved, 5 skipped (resume)
[09:06:30]     s0126 -> 0 saved, 5 skipped (resume)
[09:06:30]     s0127 -> 0 saved, 5 skipped (resume)
[09:06:30]     s0128 -> 0 saved, 5 skipped (resume)
[09:06:30]     s0129 -> 0 saved, 5 skipped (resume)
[09:06:30]     s0130 -> 0 saved, 5 skipped (resume)
[09:06:30]     s0131 -> 0 saved, 5 skipped (resume)
[09:06:30]     s0132 -> 0 saved, 5 skipped (resume)
[09:06:30]     s0133 -> 0 saved, 5 skipped (resume)
[09:06:30]     s0134 -> 0 saved, 5 skipped (resume)
[09:06:30]     s0135 -> 0 saved, 5 skipped (resume)
[09:06:30]     s0136 -> 0 saved, 5 skipped (resume)
[09:06:30]     s0137 -> 0 saved, 5 skipped (resume)
[09:06:30]     s0138 -> 0 saved, 5 skipped (resume)
[09:06:30]     s0139 -> 0 saved, 5 skipped (resume)
[09:06:30]     s0140 -> 0 saved, 5 skipped (resume)
[09:06:30]     s0141 -> 0 saved, 5 skipped (resume)
[09:06:30]     s0142 -> 0 saved, 5 skipped (resume)
[09:06:30]     s0143 -> 0 saved, 5 skipped (resume)
[09:06:30]     s0144 -> 0 saved, 5 skipped (resume)
[09:06:30]     s0145 -> 0 saved, 5 skipped (resume)
[09:06:30]     s0146 -> 0 saved, 5 skipped (resume)
[09:06:30]     s0147 -> 0 saved, 5 skipped (resume)
[09:06:30]     s0148 -> 0 saved, 5 skipped (resume)
[09:06:30]     s0149 -> 0 saved, 5 skipped (resume)
[09:06:30]     s0150 -> 0 saved, 5 skipped (resume)
[09:06:30]     s0151 -> 0 saved, 5 skipped (resume)
[09:06:30]     s0152 -> 0 saved, 5 skipped (resume)
[09:06:30]     s0153 -> 0 saved, 5 skipped (resume)
[09:06:30]     s0154 -> 0 saved, 5 skipped (resume)
[09:06:30]     s0155 -> 0 saved, 5 skipped (resume)
[09:06:30]     s0156 -> 0 saved, 5 skipped (resume)
[09:06:30]     s0157 -> 0 saved, 5 skipped (resume)
[09:06:30]     s0158 -> 0 saved, 5 skipped (resume)
[09:06:30]     s0159 -> 0 saved, 5 skipped (resume)
[09:06:30]     s0160 -> 0 saved, 5 skipped (resume)
[09:06:30]     s0161 -> 0 saved, 5 skipped (resume)
[09:06:30]     s0162 -> 0 saved, 5 skipped (resume)
[09:06:30]     s0163 -> 0 saved, 5 skipped (resume)
[09:06:30]     s0164 -> 0 saved, 5 skipped (resume)
[09:06:30]     s0165 -> 0 saved, 5 skipped (resume)
[09:06:30]     s0166 -> 0 saved, 5 skipped (resume)
[09:06:30]     s0167 -> 0 saved, 5 skipped (resume)
[09:06:30]     s0168 -> 0 saved, 5 skipped (resume)
[09:06:30]     s0169 -> 0 saved, 5 skipped (resume)
[09:06:30]     s0170 -> 0 saved, 5 skipped (resume)
[09:06:30]     s0171 -> 0 saved, 5 skipped (resume)
[09:06:30]     s0172 -> 0 saved, 5 skipped (resume)
[09:06:30]     s0173 -> 0 saved, 5 skipped (resume)
[09:06:30]     s0174 -> 0 saved, 5 skipped (resume)
[09:06:30]     s0175 -> 0 saved, 5 skipped (resume)
[09:06:30]     s0176 -> 0 saved, 5 skipped (resume)
[09:06:30]     s0177 -> 0 saved, 5 skipped (resume)
[09:06:30]     s0178 -> 0 saved, 5 skipped (resume)
[09:06:30]     s0179 -> 0 saved, 5 skipped (resume)
[09:06:30]     s0180 -> 0 saved, 5 skipped (resume)
[09:06:30]     s0181 -> 0 saved, 5 skipped (resume)
[09:06:30]     s0182 -> 0 saved, 5 skipped (resume)
[09:06:30]     s0183 -> 0 saved, 5 skipped (resume)
[09:06:30]     s0184 -> 0 saved, 5 skipped (resume)
[09:06:30]     s0185 -> 0 saved, 5 skipped (resume)
[09:06:30]     s0186 -> 0 saved, 5 skipped (resume)
[09:06:30]     s0187 -> 0 saved, 5 skipped (resume)
[09:06:30]     s0188 -> 0 saved, 5 skipped (resume)
[09:06:30]     s0189 -> 0 saved, 5 skipped (resume)
[09:06:30]     s0190 -> 0 saved, 5 skipped (resume)
[09:06:30]     s0191 -> 0 saved, 5 skipped (resume)
[09:06:30]     s0192 -> 0 saved, 5 skipped (resume)
[09:06:30]     s0193 -> 0 saved, 5 skipped (resume)
[09:06:30]     s0194 -> 0 saved, 5 skipped (resume)
[09:06:30]     s0195 -> 0 saved, 5 skipped (resume)
[09:06:30]     s0196 -> 0 saved, 5 skipped (resume)
[09:06:30]     s0197 -> 0 saved, 5 skipped (resume)
[09:06:30]     s0198 -> 0 saved, 5 skipped (resume)
[09:06:30]     s0199 -> 0 saved, 5 skipped (resume)
[09:06:30]   qwen3:0.6b × deu_Latn (200 samples)
[09:06:30]     s0000 -> 0 saved, 5 skipped (resume)
[09:06:30]     s0001 -> 0 saved, 5 skipped (resume)
[09:06:30]     s0002 -> 0 saved, 5 skipped (resume)
[09:06:30]     s0003 -> 0 saved, 5 skipped (resume)
[09:06:30]     s0004 -> 0 saved, 5 skipped (resume)
[09:06:30]     s0005 -> 0 saved, 5 skipped (resume)
[09:06:30]     s0006 -> 0 saved, 5 skipped (resume)
[09:06:30]     s0007 -> 0 saved, 5 skipped (resume)
[09:06:30]     s0008 -> 0 saved, 5 skipped (resume)
[09:06:30]     s0009 -> 0 saved, 5 skipped (resume)
[09:06:30]     s0010 -> 0 saved, 5 skipped (resume)
[09:06:30]     s0011 -> 0 saved, 5 skipped (resume)
[09:06:30]     s0012 -> 0 saved, 5 skipped (resume)
[09:06:30]     s0013 -> 0 saved, 5 skipped (resume)
[09:06:30]     s0014 -> 0 saved, 5 skipped (resume)
[09:06:30]     s0015 -> 0 saved, 5 skipped (resume)
[09:06:30]     s0016 -> 0 saved, 5 skipped (resume)
[09:06:30]     s0017 -> 0 saved, 5 skipped (resume)
[09:06:30]     s0018 -> 0 saved, 5 skipped (resume)
[09:06:30]     s0019 -> 0 saved, 5 skipped (resume)
[09:06:30]     s0020 -> 0 saved, 5 skipped (resume)
[09:06:30]     s0021 -> 0 saved, 5 skipped (resume)
[09:06:30]     s0022 -> 0 saved, 5 skipped (resume)
[09:06:30]     s0023 -> 0 saved, 5 skipped (resume)
[09:06:30]     s0024 -> 0 saved, 5 skipped (resume)
[09:06:30]     s0025 -> 0 saved, 5 skipped (resume)
[09:06:30]     s0026 -> 0 saved, 5 skipped (resume)
[09:06:30]     s0027 -> 0 saved, 5 skipped (resume)
[09:06:30]     s0028 -> 0 saved, 5 skipped (resume)
[09:06:30]     s0029 -> 0 saved, 5 skipped (resume)
[09:06:30]     s0030 -> 0 saved, 5 skipped (resume)
[09:06:30]     s0031 -> 0 saved, 5 skipped (resume)
[09:06:30]     s0032 -> 0 saved, 5 skipped (resume)
[09:06:30]     s0033 -> 0 saved, 5 skipped (resume)
[09:06:30]     s0034 -> 0 saved, 5 skipped (resume)
[09:06:30]     s0035 -> 0 saved, 5 skipped (resume)
[09:06:30]     s0036 -> 0 saved, 5 skipped (resume)
[09:06:30]     s0037 -> 0 saved, 5 skipped (resume)
[09:06:30]     s0038 -> 0 saved, 5 skipped (resume)
[09:06:30]     s0039 -> 0 saved, 5 skipped (resume)
[09:06:30]     s0040 -> 0 saved, 5 skipped (resume)
[09:06:30]     s0041 -> 0 saved, 5 skipped (resume)
[09:06:30]     s0042 -> 0 saved, 5 skipped (resume)
[09:06:30]     s0043 -> 0 saved, 5 skipped (resume)
[09:06:30]     s0044 -> 0 saved, 5 skipped (resume)
[09:06:30]     s0045 -> 0 saved, 5 skipped (resume)
[09:06:30]     s0046 -> 0 saved, 5 skipped (resume)
[09:06:30]     s0047 -> 0 saved, 5 skipped (resume)
[09:06:30]     s0048 -> 0 saved, 5 skipped (resume)
[09:06:30]     s0049 -> 0 saved, 5 skipped (resume)
[09:06:30]     s0050 -> 0 saved, 5 skipped (resume)
[09:06:30]     s0051 -> 0 saved, 5 skipped (resume)
[09:06:30]     s0052 -> 0 saved, 5 skipped (resume)
[09:06:30]     s0053 -> 0 saved, 5 skipped (resume)
[09:06:30]     s0054 -> 0 saved, 5 skipped (resume)
[09:06:30]     s0055 -> 0 saved, 5 skipped (resume)
[09:06:30]     s0056 -> 0 saved, 5 skipped (resume)
[09:06:30]     s0057 -> 0 saved, 5 skipped (resume)
[09:06:30]     s0058 -> 0 saved, 5 skipped (resume)
[09:06:30]     s0059 -> 0 saved, 5 skipped (resume)
[09:06:30]     s0060 -> 0 saved, 5 skipped (resume)
[09:06:30]     s0061 -> 0 saved, 5 skipped (resume)
[09:06:30]     s0062 -> 0 saved, 5 skipped (resume)
[09:06:30]     s0063 -> 0 saved, 5 skipped (resume)
[09:06:30]     s0064 -> 0 saved, 5 skipped (resume)
[09:06:30]     s0065 -> 0 saved, 5 skipped (resume)
[09:06:30]     s0066 -> 0 saved, 5 skipped (resume)
[09:06:30]     s0067 -> 0 saved, 5 skipped (resume)
[09:06:30]     s0068 -> 0 saved, 5 skipped (resume)
[09:06:30]     s0069 -> 0 saved, 5 skipped (resume)
[09:06:30]     s0070 -> 0 saved, 5 skipped (resume)
[09:06:30]     s0071 -> 0 saved, 5 skipped (resume)
[09:06:30]     s0072 -> 0 saved, 5 skipped (resume)
[09:06:30]     s0073 -> 0 saved, 5 skipped (resume)
[09:06:30]     s0074 -> 0 saved, 5 skipped (resume)
[09:06:30]     s0075 -> 0 saved, 5 skipped (resume)
[09:06:30]     s0076 -> 0 saved, 5 skipped (resume)
[09:06:30]     s0077 -> 0 saved, 5 skipped (resume)
[09:06:30]     s0078 -> 0 saved, 5 skipped (resume)
[09:06:30]     s0079 -> 0 saved, 5 skipped (resume)
[09:06:30]     s0080 -> 0 saved, 5 skipped (resume)
[09:06:30]     s0081 -> 0 saved, 5 skipped (resume)
[09:06:30]     s0082 -> 0 saved, 5 skipped (resume)
[09:06:30]     s0083 -> 0 saved, 5 skipped (resume)
[09:06:30]     s0084 -> 0 saved, 5 skipped (resume)
[09:06:30]     s0085 -> 0 saved, 5 skipped (resume)
[09:06:30]     s0086 -> 0 saved, 5 skipped (resume)
[09:06:30]     s0087 -> 0 saved, 5 skipped (resume)
[09:06:30]     s0088 -> 0 saved, 5 skipped (resume)
[09:06:30]     s0089 -> 0 saved, 5 skipped (resume)
[09:06:30]     s0090 -> 0 saved, 5 skipped (resume)
[09:06:30]     s0091 -> 0 saved, 5 skipped (resume)
[09:06:30]     s0092 -> 0 saved, 5 skipped (resume)
[09:06:30]     s0093 -> 0 saved, 5 skipped (resume)
[09:06:30]     s0094 -> 0 saved, 5 skipped (resume)
[09:06:30]     s0095 -> 0 saved, 5 skipped (resume)
[09:06:30]     s0096 -> 0 saved, 5 skipped (resume)
[09:06:30]     s0097 -> 0 saved, 5 skipped (resume)
[09:06:30]     s0098 -> 0 saved, 5 skipped (resume)
[09:06:30]     s0099 -> 0 saved, 5 skipped (resume)
[09:06:30]     s0100 -> 0 saved, 5 skipped (resume)
[09:06:30]     s0101 -> 0 saved, 5 skipped (resume)
[09:06:30]     s0102 -> 0 saved, 5 skipped (resume)
[09:06:30]     s0103 -> 0 saved, 5 skipped (resume)
[09:06:30]     s0104 -> 0 saved, 5 skipped (resume)
[09:06:30]     s0105 -> 0 saved, 5 skipped (resume)
[09:06:30]     s0106 -> 0 saved, 5 skipped (resume)
[09:06:30]     s0107 -> 0 saved, 5 skipped (resume)
[09:06:30]     s0108 -> 0 saved, 5 skipped (resume)
[09:06:30]     s0109 -> 0 saved, 5 skipped (resume)
[09:06:30]     s0110 -> 0 saved, 5 skipped (resume)
[09:06:30]     s0111 -> 0 saved, 5 skipped (resume)
[09:06:30]     s0112 -> 0 saved, 5 skipped (resume)
[09:06:30]     s0113 -> 0 saved, 5 skipped (resume)
[09:06:30]     s0114 -> 0 saved, 5 skipped (resume)
[09:06:30]     s0115 -> 0 saved, 5 skipped (resume)
[09:06:30]     s0116 -> 0 saved, 5 skipped (resume)
[09:06:30]     s0117 -> 0 saved, 5 skipped (resume)
[09:06:30]     s0118 -> 0 saved, 5 skipped (resume)
[09:06:30]     s0119 -> 0 saved, 5 skipped (resume)
[09:06:30]     s0120 -> 0 saved, 5 skipped (resume)
[09:06:30]     s0121 -> 0 saved, 5 skipped (resume)
[09:06:30]     s0122 -> 0 saved, 5 skipped (resume)
[09:06:30]     s0123 -> 0 saved, 5 skipped (resume)
[09:06:30]     s0124 -> 0 saved, 5 skipped (resume)
[09:06:30]     s0125 -> 0 saved, 5 skipped (resume)
[09:06:30]     s0126 -> 0 saved, 5 skipped (resume)
[09:06:30]     s0127 -> 0 saved, 5 skipped (resume)
[09:06:30]     s0128 -> 0 saved, 5 skipped (resume)
[09:06:30]     s0129 -> 0 saved, 5 skipped (resume)
[09:06:30]     s0130 -> 0 saved, 5 skipped (resume)
[09:06:30]     s0131 -> 0 saved, 5 skipped (resume)
[09:06:30]     s0132 -> 0 saved, 5 skipped (resume)
[09:06:30]     s0133 -> 0 saved, 5 skipped (resume)
[09:06:30]     s0134 -> 0 saved, 5 skipped (resume)
[09:06:30]     s0135 -> 0 saved, 5 skipped (resume)
[09:06:30]     s0136 -> 0 saved, 5 skipped (resume)
[09:06:30]     s0137 -> 0 saved, 5 skipped (resume)
[09:06:30]     s0138 -> 0 saved, 5 skipped (resume)
[09:06:30]     s0139 -> 0 saved, 5 skipped (resume)
[09:06:30]     s0140 -> 0 saved, 5 skipped (resume)
[09:06:30]     s0141 -> 0 saved, 5 skipped (resume)
[09:06:30]     s0142 -> 0 saved, 5 skipped (resume)
[09:06:30]     s0143 -> 0 saved, 5 skipped (resume)
[09:06:30]     s0144 -> 0 saved, 5 skipped (resume)
[09:06:30]     s0145 -> 0 saved, 5 skipped (resume)
[09:06:30]     s0146 -> 0 saved, 5 skipped (resume)
[09:06:30]     s0147 -> 0 saved, 5 skipped (resume)
[09:06:30]     s0148 -> 0 saved, 5 skipped (resume)
[09:06:30]     s0149 -> 0 saved, 5 skipped (resume)
[09:06:30]     s0150 -> 0 saved, 5 skipped (resume)
[09:06:30]     s0151 -> 0 saved, 5 skipped (resume)
[09:06:30]     s0152 -> 0 saved, 5 skipped (resume)
[09:06:30]     s0153 -> 0 saved, 5 skipped (resume)
[09:06:30]     s0154 -> 0 saved, 5 skipped (resume)
[09:06:30]     s0155 -> 0 saved, 5 skipped (resume)
[09:06:30]     s0156 -> 0 saved, 5 skipped (resume)
[09:06:30]     s0157 -> 0 saved, 5 skipped (resume)
[09:06:30]     s0158 -> 0 saved, 5 skipped (resume)
[09:06:30]     s0159 -> 0 saved, 5 skipped (resume)
[09:06:30]     s0160 -> 0 saved, 5 skipped (resume)
[09:06:30]     s0161 -> 0 saved, 5 skipped (resume)
[09:06:30]     s0162 -> 0 saved, 5 skipped (resume)
[09:06:30]     s0163 -> 0 saved, 5 skipped (resume)
[09:06:30]     s0164 -> 0 saved, 5 skipped (resume)
[09:06:30]     s0165 -> 0 saved, 5 skipped (resume)
[09:06:30]     s0166 -> 0 saved, 5 skipped (resume)
[09:06:30]     s0167 -> 0 saved, 5 skipped (resume)
[09:06:30]     s0168 -> 0 saved, 5 skipped (resume)
[09:06:30]     s0169 -> 0 saved, 5 skipped (resume)
[09:06:30]     s0170 -> 0 saved, 5 skipped (resume)
[09:06:30]     s0171 -> 0 saved, 5 skipped (resume)
[09:06:30]     s0172 -> 0 saved, 5 skipped (resume)
[09:06:30]     s0173 -> 0 saved, 5 skipped (resume)
[09:06:30]     s0174 -> 0 saved, 5 skipped (resume)
[09:06:30]     s0175 -> 0 saved, 5 skipped (resume)
[09:06:30]     s0176 -> 0 saved, 5 skipped (resume)
[09:06:30]     s0177 -> 0 saved, 5 skipped (resume)
[09:06:30]     s0178 -> 0 saved, 5 skipped (resume)
[09:06:30]     s0179 -> 0 saved, 5 skipped (resume)
[09:06:30]     s0180 -> 0 saved, 5 skipped (resume)
[09:06:30]     s0181 -> 0 saved, 5 skipped (resume)
[09:06:30]     s0182 -> 0 saved, 5 skipped (resume)
[09:06:30]     s0183 -> 0 saved, 5 skipped (resume)
[09:06:30]     s0184 -> 0 saved, 5 skipped (resume)
[09:06:30]     s0185 -> 0 saved, 5 skipped (resume)
[09:06:30]     s0186 -> 0 saved, 5 skipped (resume)
[09:06:30]     s0187 -> 0 saved, 5 skipped (resume)
[09:06:30]     s0188 -> 0 saved, 5 skipped (resume)
[09:06:30]     s0189 -> 0 saved, 5 skipped (resume)
[09:06:30]     s0190 -> 0 saved, 5 skipped (resume)
[09:06:30]     s0191 -> 0 saved, 5 skipped (resume)
[09:06:30]     s0192 -> 0 saved, 5 skipped (resume)
[09:06:30]     s0193 -> 0 saved, 5 skipped (resume)
[09:06:30]     s0194 -> 0 saved, 5 skipped (resume)
[09:06:30]     s0195 -> 0 saved, 5 skipped (resume)
[09:06:30]     s0196 -> 0 saved, 5 skipped (resume)
[09:06:30]     s0197 -> 0 saved, 5 skipped (resume)
[09:06:30]     s0198 -> 0 saved, 5 skipped (resume)
[09:06:30]     s0199 -> 0 saved, 5 skipped (resume)
[09:06:30] -- experiment B_fixed_semantic_length --
[09:06:30]   granite4:350m-h × eng_Latn (200 samples)
[09:06:30]     s0000 -> 0 saved, 5 skipped (resume)
[09:06:30]     s0001 -> 0 saved, 5 skipped (resume)
[09:06:30]     s0002 -> 0 saved, 5 skipped (resume)
[09:06:30]     s0003 -> 0 saved, 5 skipped (resume)
[09:06:30]     s0004 -> 0 saved, 5 skipped (resume)
[09:06:30]     s0005 -> 0 saved, 5 skipped (resume)
[09:06:30]     s0006 -> 0 saved, 5 skipped (resume)
[09:06:30]     s0007 -> 0 saved, 5 skipped (resume)
[09:06:30]     s0008 -> 0 saved, 5 skipped (resume)
[09:06:30]     s0009 -> 0 saved, 5 skipped (resume)
[09:06:30]     s0010 -> 0 saved, 5 skipped (resume)
[09:06:30]     s0011 -> 0 saved, 5 skipped (resume)
[09:06:30]     s0012 -> 0 saved, 5 skipped (resume)
[09:06:30]     s0013 -> 0 saved, 5 skipped (resume)
[09:06:30]     s0014 -> 0 saved, 5 skipped (resume)
[09:06:30]     s0015 -> 0 saved, 5 skipped (resume)
[09:06:30]     s0016 -> 0 saved, 5 skipped (resume)
[09:06:30]     s0017 -> 0 saved, 5 skipped (resume)
[09:06:30]     s0018 -> 0 saved, 5 skipped (resume)
[09:06:30]     s0019 -> 0 saved, 5 skipped (resume)
[09:06:30]     s0020 -> 0 saved, 5 skipped (resume)
[09:06:30]     s0021 -> 0 saved, 5 skipped (resume)
[09:06:30]     s0022 -> 0 saved, 5 skipped (resume)
[09:06:30]     s0023 -> 0 saved, 5 skipped (resume)
[09:06:30]     s0024 -> 0 saved, 5 skipped (resume)
[09:06:30]     s0025 -> 0 saved, 5 skipped (resume)
[09:06:30]     s0026 -> 0 saved, 5 skipped (resume)
[09:06:30]     s0027 -> 0 saved, 5 skipped (resume)
[09:06:30]     s0028 -> 0 saved, 5 skipped (resume)
[09:06:30]     s0029 -> 0 saved, 5 skipped (resume)
[09:06:30]     s0030 -> 0 saved, 5 skipped (resume)
[09:06:30]     s0031 -> 0 saved, 5 skipped (resume)
[09:06:30]     s0032 -> 0 saved, 5 skipped (resume)
[09:06:30]     s0033 -> 0 saved, 5 skipped (resume)
[09:06:30]     s0034 -> 0 saved, 5 skipped (resume)
[09:06:30]     s0035 -> 0 saved, 5 skipped (resume)
[09:06:30]     s0036 -> 0 saved, 5 skipped (resume)
[09:06:30]     s0037 -> 0 saved, 5 skipped (resume)
[09:06:30]     s0038 -> 0 saved, 5 skipped (resume)
[09:06:30]     s0039 -> 0 saved, 5 skipped (resume)
[09:06:30]     s0040 -> 0 saved, 5 skipped (resume)
[09:06:30]     s0041 -> 0 saved, 5 skipped (resume)
[09:06:30]     s0042 -> 0 saved, 5 skipped (resume)
[09:06:30]     s0043 -> 0 saved, 5 skipped (resume)
[09:06:30]     s0044 -> 0 saved, 5 skipped (resume)
[09:06:30]     s0045 -> 0 saved, 5 skipped (resume)
[09:06:30]     s0046 -> 0 saved, 5 skipped (resume)
[09:06:30]     s0047 -> 0 saved, 5 skipped (resume)
[09:06:30]     s0048 -> 0 saved, 5 skipped (resume)
[09:06:30]     s0049 -> 0 saved, 5 skipped (resume)
[09:06:30]     s0050 -> 0 saved, 5 skipped (resume)
[09:06:30]     s0051 -> 0 saved, 5 skipped (resume)
[09:06:30]     s0052 -> 0 saved, 5 skipped (resume)
[09:06:30]     s0053 -> 0 saved, 5 skipped (resume)
[09:06:30]     s0054 -> 0 saved, 5 skipped (resume)
[09:06:30]     s0055 -> 0 saved, 5 skipped (resume)
[09:06:30]     s0056 -> 0 saved, 5 skipped (resume)
[09:06:30]     s0057 -> 0 saved, 5 skipped (resume)
[09:06:30]     s0058 -> 0 saved, 5 skipped (resume)
[09:06:30]     s0059 -> 0 saved, 5 skipped (resume)
[09:06:30]     s0060 -> 0 saved, 5 skipped (resume)
[09:06:30]     s0061 -> 0 saved, 5 skipped (resume)
[09:06:30]     s0062 -> 0 saved, 5 skipped (resume)
[09:06:30]     s0063 -> 0 saved, 5 skipped (resume)
[09:06:30]     s0064 -> 0 saved, 5 skipped (resume)
[09:06:30]     s0065 -> 0 saved, 5 skipped (resume)
[09:06:30]     s0066 -> 0 saved, 5 skipped (resume)
[09:06:30]     s0067 -> 0 saved, 5 skipped (resume)
[09:06:30]     s0068 -> 0 saved, 5 skipped (resume)
[09:06:30]     s0069 -> 0 saved, 5 skipped (resume)
[09:06:30]     s0070 -> 0 saved, 5 skipped (resume)
[09:06:30]     s0071 -> 0 saved, 5 skipped (resume)
[09:06:30]     s0072 -> 0 saved, 5 skipped (resume)
[09:06:30]     s0073 -> 0 saved, 5 skipped (resume)
[09:06:30]     s0074 -> 0 saved, 5 skipped (resume)
[09:06:30]     s0075 -> 0 saved, 5 skipped (resume)
[09:06:30]     s0076 -> 0 saved, 5 skipped (resume)
[09:06:30]     s0077 -> 0 saved, 5 skipped (resume)
[09:06:30]     s0078 -> 0 saved, 5 skipped (resume)
[09:06:30]     s0079 -> 0 saved, 5 skipped (resume)
[09:06:30]     s0080 -> 0 saved, 5 skipped (resume)
[09:06:30]     s0081 -> 0 saved, 5 skipped (resume)
[09:06:30]     s0082 -> 0 saved, 5 skipped (resume)
[09:06:30]     s0083 -> 0 saved, 5 skipped (resume)
[09:06:30]     s0084 -> 0 saved, 5 skipped (resume)
[09:06:30]     s0085 -> 0 saved, 5 skipped (resume)
[09:06:30]     s0086 -> 0 saved, 5 skipped (resume)
[09:06:30]     s0087 -> 0 saved, 5 skipped (resume)
[09:06:30]     s0088 -> 0 saved, 5 skipped (resume)
[09:06:30]     s0089 -> 0 saved, 5 skipped (resume)
[09:06:30]     s0090 -> 0 saved, 5 skipped (resume)
[09:06:30]     s0091 -> 0 saved, 5 skipped (resume)
[09:06:30]     s0092 -> 0 saved, 5 skipped (resume)
[09:06:30]     s0093 -> 0 saved, 5 skipped (resume)
[09:06:30]     s0094 -> 0 saved, 5 skipped (resume)
[09:06:30]     s0095 -> 0 saved, 5 skipped (resume)
[09:06:30]     s0096 -> 0 saved, 5 skipped (resume)
[09:06:30]     s0097 -> 0 saved, 5 skipped (resume)
[09:06:30]     s0098 -> 0 saved, 5 skipped (resume)
[09:06:30]     s0099 -> 0 saved, 5 skipped (resume)
[09:06:30]     s0100 -> 0 saved, 5 skipped (resume)
[09:06:30]     s0101 -> 0 saved, 5 skipped (resume)
[09:06:30]     s0102 -> 0 saved, 5 skipped (resume)
[09:06:30]     s0103 -> 0 saved, 5 skipped (resume)
[09:06:30]     s0104 -> 0 saved, 5 skipped (resume)
[09:06:30]     s0105 -> 0 saved, 5 skipped (resume)
[09:06:30]     s0106 -> 0 saved, 5 skipped (resume)
[09:06:30]     s0107 -> 0 saved, 5 skipped (resume)
[09:06:30]     s0108 -> 0 saved, 5 skipped (resume)
[09:06:30]     s0109 -> 0 saved, 5 skipped (resume)
[09:06:30]     s0110 -> 0 saved, 5 skipped (resume)
[09:06:30]     s0111 -> 0 saved, 5 skipped (resume)
[09:06:30]     s0112 -> 0 saved, 5 skipped (resume)
[09:06:30]     s0113 -> 0 saved, 5 skipped (resume)
[09:06:30]     s0114 -> 0 saved, 5 skipped (resume)
[09:06:30]     s0115 -> 0 saved, 5 skipped (resume)
[09:06:30]     s0116 -> 0 saved, 5 skipped (resume)
[09:06:30]     s0117 -> 0 saved, 5 skipped (resume)
[09:06:30]     s0118 -> 0 saved, 5 skipped (resume)
[09:06:30]     s0119 -> 0 saved, 5 skipped (resume)
[09:06:30]     s0120 -> 0 saved, 5 skipped (resume)
[09:06:30]     s0121 -> 0 saved, 5 skipped (resume)
[09:06:30]     s0122 -> 0 saved, 5 skipped (resume)
[09:06:30]     s0123 -> 0 saved, 5 skipped (resume)
[09:06:30]     s0124 -> 0 saved, 5 skipped (resume)
[09:06:30]     s0125 -> 0 saved, 5 skipped (resume)
[09:06:30]     s0126 -> 0 saved, 5 skipped (resume)
[09:06:30]     s0127 -> 0 saved, 5 skipped (resume)
[09:06:30]     s0128 -> 0 saved, 5 skipped (resume)
[09:06:30]     s0129 -> 0 saved, 5 skipped (resume)
[09:06:30]     s0130 -> 0 saved, 5 skipped (resume)
[09:06:30]     s0131 -> 0 saved, 5 skipped (resume)
[09:06:30]     s0132 -> 0 saved, 5 skipped (resume)
[09:06:30]     s0133 -> 0 saved, 5 skipped (resume)
[09:06:30]     s0134 -> 0 saved, 5 skipped (resume)
[09:06:30]     s0135 -> 0 saved, 5 skipped (resume)
[09:06:30]     s0136 -> 0 saved, 5 skipped (resume)
[09:06:30]     s0137 -> 0 saved, 5 skipped (resume)
[09:06:30]     s0138 -> 0 saved, 5 skipped (resume)
[09:06:30]     s0139 -> 0 saved, 5 skipped (resume)
[09:06:30]     s0140 -> 0 saved, 5 skipped (resume)
[09:06:30]     s0141 -> 0 saved, 5 skipped (resume)
[09:06:30]     s0142 -> 0 saved, 5 skipped (resume)
[09:06:30]     s0143 -> 0 saved, 5 skipped (resume)
[09:06:30]     s0144 -> 0 saved, 5 skipped (resume)
[09:06:30]     s0145 -> 0 saved, 5 skipped (resume)
[09:06:30]     s0146 -> 0 saved, 5 skipped (resume)
[09:06:30]     s0147 -> 0 saved, 5 skipped (resume)
[09:06:30]     s0148 -> 0 saved, 5 skipped (resume)
[09:06:30]     s0149 -> 0 saved, 5 skipped (resume)
[09:06:30]     s0150 -> 0 saved, 5 skipped (resume)
[09:06:30]     s0151 -> 0 saved, 5 skipped (resume)
[09:06:30]     s0152 -> 0 saved, 5 skipped (resume)
[09:06:30]     s0153 -> 0 saved, 5 skipped (resume)
[09:06:30]     s0154 -> 0 saved, 5 skipped (resume)
[09:06:30]     s0155 -> 0 saved, 5 skipped (resume)
[09:06:30]     s0156 -> 0 saved, 5 skipped (resume)
[09:06:30]     s0157 -> 0 saved, 5 skipped (resume)
[09:06:30]     s0158 -> 0 saved, 5 skipped (resume)
[09:06:30]     s0159 -> 0 saved, 5 skipped (resume)
[09:06:30]     s0160 -> 0 saved, 5 skipped (resume)
[09:06:30]     s0161 -> 0 saved, 5 skipped (resume)
[09:06:30]     s0162 -> 0 saved, 5 skipped (resume)
[09:06:30]     s0163 -> 0 saved, 5 skipped (resume)
[09:06:30]     s0164 -> 0 saved, 5 skipped (resume)
[09:06:30]     s0165 -> 0 saved, 5 skipped (resume)
[09:06:30]     s0166 -> 0 saved, 5 skipped (resume)
[09:06:30]     s0167 -> 0 saved, 5 skipped (resume)
[09:06:30]     s0168 -> 0 saved, 5 skipped (resume)
[09:06:30]     s0169 -> 0 saved, 5 skipped (resume)
[09:06:30]     s0170 -> 0 saved, 5 skipped (resume)
[09:06:30]     s0171 -> 0 saved, 5 skipped (resume)
[09:06:30]     s0172 -> 0 saved, 5 skipped (resume)
[09:06:30]     s0173 -> 0 saved, 5 skipped (resume)
[09:06:30]     s0174 -> 0 saved, 5 skipped (resume)
[09:06:30]     s0175 -> 0 saved, 5 skipped (resume)
[09:06:30]     s0176 -> 0 saved, 5 skipped (resume)
[09:06:30]     s0177 -> 0 saved, 5 skipped (resume)
[09:06:30]     s0178 -> 0 saved, 5 skipped (resume)
[09:06:30]     s0179 -> 0 saved, 5 skipped (resume)
[09:06:30]     s0180 -> 0 saved, 5 skipped (resume)
[09:06:30]     s0181 -> 0 saved, 5 skipped (resume)
[09:06:30]     s0182 -> 0 saved, 5 skipped (resume)
[09:06:30]     s0183 -> 0 saved, 5 skipped (resume)
[09:06:30]     s0184 -> 0 saved, 5 skipped (resume)
[09:06:30]     s0185 -> 0 saved, 5 skipped (resume)
[09:06:30]     s0186 -> 0 saved, 5 skipped (resume)
[09:06:30]     s0187 -> 0 saved, 5 skipped (resume)
[09:06:30]     s0188 -> 0 saved, 5 skipped (resume)
[09:06:30]     s0189 -> 0 saved, 5 skipped (resume)
[09:06:30]     s0190 -> 0 saved, 5 skipped (resume)
[09:06:30]     s0191 -> 0 saved, 5 skipped (resume)
[09:06:30]     s0192 -> 0 saved, 5 skipped (resume)
[09:06:30]     s0193 -> 0 saved, 5 skipped (resume)
[09:06:30]     s0194 -> 0 saved, 5 skipped (resume)
[09:06:30]     s0195 -> 0 saved, 5 skipped (resume)
[09:06:30]     s0196 -> 0 saved, 5 skipped (resume)
[09:06:30]     s0197 -> 0 saved, 5 skipped (resume)
[09:06:30]     s0198 -> 0 saved, 5 skipped (resume)
[09:06:30]     s0199 -> 0 saved, 5 skipped (resume)
[09:06:30]   granite4:350m-h × zho_Hans (200 samples)
[09:06:30]     s0000 -> 0 saved, 5 skipped (resume)
[09:06:30]     s0001 -> 0 saved, 5 skipped (resume)
[09:06:30]     s0002 -> 0 saved, 5 skipped (resume)
[09:06:30]     s0003 -> 0 saved, 5 skipped (resume)
[09:06:30]     s0004 -> 0 saved, 5 skipped (resume)
[09:06:30]     s0005 -> 0 saved, 5 skipped (resume)
[09:06:30]     s0006 -> 0 saved, 5 skipped (resume)
[09:06:30]     s0007 -> 0 saved, 5 skipped (resume)
[09:06:30]     s0008 -> 0 saved, 5 skipped (resume)
[09:06:30]     s0009 -> 0 saved, 5 skipped (resume)
[09:06:30]     s0010 -> 0 saved, 5 skipped (resume)
[09:06:30]     s0011 -> 0 saved, 5 skipped (resume)
[09:06:30]     s0012 -> 0 saved, 5 skipped (resume)
[09:06:30]     s0013 -> 0 saved, 5 skipped (resume)
[09:06:30]     s0014 -> 0 saved, 5 skipped (resume)
[09:06:30]     s0015 -> 0 saved, 5 skipped (resume)
[09:06:30]     s0016 -> 0 saved, 5 skipped (resume)
[09:06:30]     s0017 -> 0 saved, 5 skipped (resume)
[09:06:30]     s0018 -> 0 saved, 5 skipped (resume)
[09:06:30]     s0019 -> 0 saved, 5 skipped (resume)
[09:06:30]     s0020 -> 0 saved, 5 skipped (resume)
[09:06:30]     s0021 -> 0 saved, 5 skipped (resume)
[09:06:30]     s0022 -> 0 saved, 5 skipped (resume)
[09:06:30]     s0023 -> 0 saved, 5 skipped (resume)
[09:06:30]     s0024 -> 0 saved, 5 skipped (resume)
[09:06:30]     s0025 -> 0 saved, 5 skipped (resume)
[09:06:30]     s0026 -> 0 saved, 5 skipped (resume)
[09:06:30]     s0027 -> 0 saved, 5 skipped (resume)
[09:06:30]     s0028 -> 0 saved, 5 skipped (resume)
[09:06:30]     s0029 -> 0 saved, 5 skipped (resume)
[09:06:30]     s0030 -> 0 saved, 5 skipped (resume)
[09:06:30]     s0031 -> 0 saved, 5 skipped (resume)
[09:06:30]     s0032 -> 0 saved, 5 skipped (resume)
[09:06:30]     s0033 -> 0 saved, 5 skipped (resume)
[09:06:30]     s0034 -> 0 saved, 5 skipped (resume)
[09:06:30]     s0035 -> 0 saved, 5 skipped (resume)
[09:06:30]     s0036 -> 0 saved, 5 skipped (resume)
[09:06:30]     s0037 -> 0 saved, 5 skipped (resume)
[09:06:30]     s0038 -> 0 saved, 5 skipped (resume)
[09:06:30]     s0039 -> 0 saved, 5 skipped (resume)
[09:06:30]     s0040 -> 0 saved, 5 skipped (resume)
[09:06:30]     s0041 -> 0 saved, 5 skipped (resume)
[09:06:30]     s0042 -> 0 saved, 5 skipped (resume)
[09:06:30]     s0043 -> 0 saved, 5 skipped (resume)
[09:06:30]     s0044 -> 0 saved, 5 skipped (resume)
[09:06:30]     s0045 -> 0 saved, 5 skipped (resume)
[09:06:30]     s0046 -> 0 saved, 5 skipped (resume)
[09:06:30]     s0047 -> 0 saved, 5 skipped (resume)
[09:06:30]     s0048 -> 0 saved, 5 skipped (resume)
[09:06:30]     s0049 -> 0 saved, 5 skipped (resume)
[09:06:30]     s0050 -> 0 saved, 5 skipped (resume)
[09:06:30]     s0051 -> 0 saved, 5 skipped (resume)
[09:06:30]     s0052 -> 0 saved, 5 skipped (resume)
[09:06:30]     s0053 -> 0 saved, 5 skipped (resume)
[09:06:30]     s0054 -> 0 saved, 5 skipped (resume)
[09:06:30]     s0055 -> 0 saved, 5 skipped (resume)
[09:06:30]     s0056 -> 0 saved, 5 skipped (resume)
[09:06:30]     s0057 -> 0 saved, 5 skipped (resume)
[09:06:30]     s0058 -> 0 saved, 5 skipped (resume)
[09:06:30]     s0059 -> 0 saved, 5 skipped (resume)
[09:06:30]     s0060 -> 0 saved, 5 skipped (resume)
[09:06:30]     s0061 -> 0 saved, 5 skipped (resume)
[09:06:30]     s0062 -> 0 saved, 5 skipped (resume)
[09:06:30]     s0063 -> 0 saved, 5 skipped (resume)
[09:06:30]     s0064 -> 0 saved, 5 skipped (resume)
[09:06:30]     s0065 -> 0 saved, 5 skipped (resume)
[09:06:30]     s0066 -> 0 saved, 5 skipped (resume)
[09:06:30]     s0067 -> 0 saved, 5 skipped (resume)
[09:06:30]     s0068 -> 0 saved, 5 skipped (resume)
[09:06:30]     s0069 -> 0 saved, 5 skipped (resume)
[09:06:30]     s0070 -> 0 saved, 5 skipped (resume)
[09:06:30]     s0071 -> 0 saved, 5 skipped (resume)
[09:06:30]     s0072 -> 0 saved, 5 skipped (resume)
[09:06:30]     s0073 -> 0 saved, 5 skipped (resume)
[09:06:30]     s0074 -> 0 saved, 5 skipped (resume)
[09:06:30]     s0075 -> 0 saved, 5 skipped (resume)
[09:06:30]     s0076 -> 0 saved, 5 skipped (resume)
[09:06:30]     s0077 -> 0 saved, 5 skipped (resume)
[09:06:30]     s0078 -> 0 saved, 5 skipped (resume)
[09:06:30]     s0079 -> 0 saved, 5 skipped (resume)
[09:06:30]     s0080 -> 0 saved, 5 skipped (resume)
[09:06:30]     s0081 -> 0 saved, 5 skipped (resume)
[09:06:30]     s0082 -> 0 saved, 5 skipped (resume)
[09:06:30]     s0083 -> 0 saved, 5 skipped (resume)
[09:06:30]     s0084 -> 0 saved, 5 skipped (resume)
[09:06:30]     s0085 -> 0 saved, 5 skipped (resume)
[09:06:30]     s0086 -> 0 saved, 5 skipped (resume)
[09:06:30]     s0087 -> 0 saved, 5 skipped (resume)
[09:06:30]     s0088 -> 0 saved, 5 skipped (resume)
[09:06:30]     s0089 -> 0 saved, 5 skipped (resume)
[09:06:30]     s0090 -> 0 saved, 5 skipped (resume)
[09:06:30]     s0091 -> 0 saved, 5 skipped (resume)
[09:06:30]     s0092 -> 0 saved, 5 skipped (resume)
[09:06:30]     s0093 -> 0 saved, 5 skipped (resume)
[09:06:30]     s0094 -> 0 saved, 5 skipped (resume)
[09:06:30]     s0095 -> 0 saved, 5 skipped (resume)
[09:06:30]     s0096 -> 0 saved, 5 skipped (resume)
[09:06:30]     s0097 -> 0 saved, 5 skipped (resume)
[09:06:30]     s0098 -> 0 saved, 5 skipped (resume)
[09:06:30]     s0099 -> 0 saved, 5 skipped (resume)
[09:06:30]     s0100 -> 0 saved, 5 skipped (resume)
[09:06:30]     s0101 -> 0 saved, 5 skipped (resume)
[09:06:30]     s0102 -> 0 saved, 5 skipped (resume)
[09:06:30]     s0103 -> 0 saved, 5 skipped (resume)
[09:06:30]     s0104 -> 0 saved, 5 skipped (resume)
[09:06:30]     s0105 -> 0 saved, 5 skipped (resume)
[09:06:30]     s0106 -> 0 saved, 5 skipped (resume)
[09:06:30]     s0107 -> 0 saved, 5 skipped (resume)
[09:06:30]     s0108 -> 0 saved, 5 skipped (resume)
[09:06:30]     s0109 -> 0 saved, 5 skipped (resume)
[09:06:30]     s0110 -> 0 saved, 5 skipped (resume)
[09:06:30]     s0111 -> 0 saved, 5 skipped (resume)
[09:06:30]     s0112 -> 0 saved, 5 skipped (resume)
[09:06:30]     s0113 -> 0 saved, 5 skipped (resume)
[09:06:30]     s0114 -> 0 saved, 5 skipped (resume)
[09:06:30]     s0115 -> 0 saved, 5 skipped (resume)
[09:06:30]     s0116 -> 0 saved, 5 skipped (resume)
[09:06:30]     s0117 -> 0 saved, 5 skipped (resume)
[09:06:30]     s0118 -> 0 saved, 5 skipped (resume)
[09:06:30]     s0119 -> 0 saved, 5 skipped (resume)
[09:06:30]     s0120 -> 0 saved, 5 skipped (resume)
[09:06:30]     s0121 -> 0 saved, 5 skipped (resume)
[09:06:30]     s0122 -> 0 saved, 5 skipped (resume)
[09:06:30]     s0123 -> 0 saved, 5 skipped (resume)
[09:06:30]     s0124 -> 0 saved, 5 skipped (resume)
[09:06:30]     s0125 -> 0 saved, 5 skipped (resume)
[09:06:30]     s0126 -> 0 saved, 5 skipped (resume)
[09:06:30]     s0127 -> 0 saved, 5 skipped (resume)
[09:06:30]     s0128 -> 0 saved, 5 skipped (resume)
[09:06:30]     s0129 -> 0 saved, 5 skipped (resume)
[09:06:30]     s0130 -> 0 saved, 5 skipped (resume)
[09:06:30]     s0131 -> 0 saved, 5 skipped (resume)
[09:06:30]     s0132 -> 0 saved, 5 skipped (resume)
[09:06:30]     s0133 -> 0 saved, 5 skipped (resume)
[09:06:30]     s0134 -> 0 saved, 5 skipped (resume)
[09:06:30]     s0135 -> 0 saved, 5 skipped (resume)
[09:06:30]     s0136 -> 0 saved, 5 skipped (resume)
[09:06:30]     s0137 -> 0 saved, 5 skipped (resume)
[09:06:30]     s0138 -> 0 saved, 5 skipped (resume)
[09:06:30]     s0139 -> 0 saved, 5 skipped (resume)
[09:06:30]     s0140 -> 0 saved, 5 skipped (resume)
[09:06:30]     s0141 -> 0 saved, 5 skipped (resume)
[09:06:30]     s0142 -> 0 saved, 5 skipped (resume)
[09:06:30]     s0143 -> 0 saved, 5 skipped (resume)
[09:06:30]     s0144 -> 0 saved, 5 skipped (resume)
[09:06:30]     s0145 -> 0 saved, 5 skipped (resume)
[09:06:30]     s0146 -> 0 saved, 5 skipped (resume)
[09:06:30]     s0147 -> 0 saved, 5 skipped (resume)
[09:06:30]     s0148 -> 0 saved, 5 skipped (resume)
[09:06:30]     s0149 -> 0 saved, 5 skipped (resume)
[09:06:30]     s0150 -> 0 saved, 5 skipped (resume)
[09:06:30]     s0151 -> 0 saved, 5 skipped (resume)
[09:06:30]     s0152 -> 0 saved, 5 skipped (resume)
[09:06:30]     s0153 -> 0 saved, 5 skipped (resume)
[09:06:30]     s0154 -> 0 saved, 5 skipped (resume)
[09:06:30]     s0155 -> 0 saved, 5 skipped (resume)
[09:06:30]     s0156 -> 0 saved, 5 skipped (resume)
[09:06:30]     s0157 -> 0 saved, 5 skipped (resume)
[09:06:30]     s0158 -> 0 saved, 5 skipped (resume)
[09:06:30]     s0159 -> 0 saved, 5 skipped (resume)
[09:06:30]     s0160 -> 0 saved, 5 skipped (resume)
[09:06:30]     s0161 -> 0 saved, 5 skipped (resume)
[09:06:30]     s0162 -> 0 saved, 5 skipped (resume)
[09:06:30]     s0163 -> 0 saved, 5 skipped (resume)
[09:06:30]     s0164 -> 0 saved, 5 skipped (resume)
[09:06:30]     s0165 -> 0 saved, 5 skipped (resume)
[09:06:30]     s0166 -> 0 saved, 5 skipped (resume)
[09:06:30]     s0167 -> 0 saved, 5 skipped (resume)
[09:06:30]     s0168 -> 0 saved, 5 skipped (resume)
[09:06:30]     s0169 -> 0 saved, 5 skipped (resume)
[09:06:30]     s0170 -> 0 saved, 5 skipped (resume)
[09:06:30]     s0171 -> 0 saved, 5 skipped (resume)
[09:06:30]     s0172 -> 0 saved, 5 skipped (resume)
[09:06:30]     s0173 -> 0 saved, 5 skipped (resume)
[09:06:30]     s0174 -> 0 saved, 5 skipped (resume)
[09:06:30]     s0175 -> 0 saved, 5 skipped (resume)
[09:06:30]     s0176 -> 0 saved, 5 skipped (resume)
[09:06:30]     s0177 -> 0 saved, 5 skipped (resume)
[09:06:30]     s0178 -> 0 saved, 5 skipped (resume)
[09:06:30]     s0179 -> 0 saved, 5 skipped (resume)
[09:06:30]     s0180 -> 0 saved, 5 skipped (resume)
[09:06:30]     s0181 -> 0 saved, 5 skipped (resume)
[09:06:30]     s0182 -> 0 saved, 5 skipped (resume)
[09:06:30]     s0183 -> 0 saved, 5 skipped (resume)
[09:06:30]     s0184 -> 0 saved, 5 skipped (resume)
[09:06:30]     s0185 -> 0 saved, 5 skipped (resume)
[09:06:30]     s0186 -> 0 saved, 5 skipped (resume)
[09:06:30]     s0187 -> 0 saved, 5 skipped (resume)
[09:06:30]     s0188 -> 0 saved, 5 skipped (resume)
[09:06:30]     s0189 -> 0 saved, 5 skipped (resume)
[09:06:30]     s0190 -> 0 saved, 5 skipped (resume)
[09:06:30]     s0191 -> 0 saved, 5 skipped (resume)
[09:06:30]     s0192 -> 0 saved, 5 skipped (resume)
[09:06:30]     s0193 -> 0 saved, 5 skipped (resume)
[09:06:30]     s0194 -> 0 saved, 5 skipped (resume)
[09:06:30]     s0195 -> 0 saved, 5 skipped (resume)
[09:06:30]     s0196 -> 0 saved, 5 skipped (resume)
[09:06:30]     s0197 -> 0 saved, 5 skipped (resume)
[09:06:30]     s0198 -> 0 saved, 5 skipped (resume)
[09:06:30]     s0199 -> 0 saved, 5 skipped (resume)
[09:06:30]   granite4:350m-h × jpn_Jpan (200 samples)
[09:06:30]     s0000 -> 0 saved, 5 skipped (resume)
[09:06:30]     s0001 -> 0 saved, 5 skipped (resume)
[09:06:30]     s0002 -> 0 saved, 5 skipped (resume)
[09:06:30]     s0003 -> 0 saved, 5 skipped (resume)
[09:06:30]     s0004 -> 0 saved, 5 skipped (resume)
[09:06:30]     s0005 -> 0 saved, 5 skipped (resume)
[09:06:30]     s0006 -> 0 saved, 5 skipped (resume)
[09:06:30]     s0007 -> 0 saved, 5 skipped (resume)
[09:06:30]     s0008 -> 0 saved, 5 skipped (resume)
[09:06:30]     s0009 -> 0 saved, 5 skipped (resume)
[09:06:30]     s0010 -> 0 saved, 5 skipped (resume)
[09:06:30]     s0011 -> 0 saved, 5 skipped (resume)
[09:06:30]     s0012 -> 0 saved, 5 skipped (resume)
[09:06:30]     s0013 -> 0 saved, 5 skipped (resume)
[09:06:30]     s0014 -> 0 saved, 5 skipped (resume)
[09:06:30]     s0015 -> 0 saved, 5 skipped (resume)
[09:06:30]     s0016 -> 0 saved, 5 skipped (resume)
[09:06:30]     s0017 -> 0 saved, 5 skipped (resume)
[09:06:30]     s0018 -> 0 saved, 5 skipped (resume)
[09:06:30]     s0019 -> 0 saved, 5 skipped (resume)
[09:06:30]     s0020 -> 0 saved, 5 skipped (resume)
[09:06:30]     s0021 -> 0 saved, 5 skipped (resume)
[09:06:30]     s0022 -> 0 saved, 5 skipped (resume)
[09:06:30]     s0023 -> 0 saved, 5 skipped (resume)
[09:06:30]     s0024 -> 0 saved, 5 skipped (resume)
[09:06:30]     s0025 -> 0 saved, 5 skipped (resume)
[09:06:30]     s0026 -> 0 saved, 5 skipped (resume)
[09:06:30]     s0027 -> 0 saved, 5 skipped (resume)
[09:06:30]     s0028 -> 0 saved, 5 skipped (resume)
[09:06:30]     s0029 -> 0 saved, 5 skipped (resume)
[09:06:30]     s0030 -> 0 saved, 5 skipped (resume)
[09:06:30]     s0031 -> 0 saved, 5 skipped (resume)
[09:06:30]     s0032 -> 0 saved, 5 skipped (resume)
[09:06:30]     s0033 -> 0 saved, 5 skipped (resume)
[09:06:30]     s0034 -> 0 saved, 5 skipped (resume)
[09:06:30]     s0035 -> 0 saved, 5 skipped (resume)
[09:06:30]     s0036 -> 0 saved, 5 skipped (resume)
[09:06:30]     s0037 -> 0 saved, 5 skipped (resume)
[09:06:30]     s0038 -> 0 saved, 5 skipped (resume)
[09:06:30]     s0039 -> 0 saved, 5 skipped (resume)
[09:06:30]     s0040 -> 0 saved, 5 skipped (resume)
[09:06:30]     s0041 -> 0 saved, 5 skipped (resume)
[09:06:30]     s0042 -> 0 saved, 5 skipped (resume)
[09:06:30]     s0043 -> 0 saved, 5 skipped (resume)
[09:06:30]     s0044 -> 0 saved, 5 skipped (resume)
[09:06:30]     s0045 -> 0 saved, 5 skipped (resume)
[09:06:30]     s0046 -> 0 saved, 5 skipped (resume)
[09:06:30]     s0047 -> 0 saved, 5 skipped (resume)
[09:06:30]     s0048 -> 0 saved, 5 skipped (resume)
[09:06:30]     s0049 -> 0 saved, 5 skipped (resume)
[09:06:30]     s0050 -> 0 saved, 5 skipped (resume)
[09:06:30]     s0051 -> 0 saved, 5 skipped (resume)
[09:06:30]     s0052 -> 0 saved, 5 skipped (resume)
[09:06:30]     s0053 -> 0 saved, 5 skipped (resume)
[09:06:30]     s0054 -> 0 saved, 5 skipped (resume)
[09:06:30]     s0055 -> 0 saved, 5 skipped (resume)
[09:06:30]     s0056 -> 0 saved, 5 skipped (resume)
[09:06:30]     s0057 -> 0 saved, 5 skipped (resume)
[09:06:30]     s0058 -> 0 saved, 5 skipped (resume)
[09:06:30]     s0059 -> 0 saved, 5 skipped (resume)
[09:06:30]     s0060 -> 0 saved, 5 skipped (resume)
[09:06:30]     s0061 -> 0 saved, 5 skipped (resume)
[09:06:30]     s0062 -> 0 saved, 5 skipped (resume)
[09:06:30]     s0063 -> 0 saved, 5 skipped (resume)
[09:06:30]     s0064 -> 0 saved, 5 skipped (resume)
[09:06:30]     s0065 -> 0 saved, 5 skipped (resume)
[09:06:30]     s0066 -> 0 saved, 5 skipped (resume)
[09:06:30]     s0067 -> 0 saved, 5 skipped (resume)
[09:06:30]     s0068 -> 0 saved, 5 skipped (resume)
[09:06:30]     s0069 -> 0 saved, 5 skipped (resume)
[09:06:30]     s0070 -> 0 saved, 5 skipped (resume)
[09:06:30]     s0071 -> 0 saved, 5 skipped (resume)
[09:06:30]     s0072 -> 0 saved, 5 skipped (resume)
[09:06:30]     s0073 -> 0 saved, 5 skipped (resume)
[09:06:30]     s0074 -> 0 saved, 5 skipped (resume)
[09:06:30]     s0075 -> 0 saved, 5 skipped (resume)
[09:06:30]     s0076 -> 0 saved, 5 skipped (resume)
[09:06:30]     s0077 -> 0 saved, 5 skipped (resume)
[09:06:30]     s0078 -> 0 saved, 5 skipped (resume)
[09:06:30]     s0079 -> 0 saved, 5 skipped (resume)
[09:06:30]     s0080 -> 0 saved, 5 skipped (resume)
[09:06:30]     s0081 -> 0 saved, 5 skipped (resume)
[09:06:30]     s0082 -> 0 saved, 5 skipped (resume)
[09:06:30]     s0083 -> 0 saved, 5 skipped (resume)
[09:06:30]     s0084 -> 0 saved, 5 skipped (resume)
[09:06:30]     s0085 -> 0 saved, 5 skipped (resume)
[09:06:30]     s0086 -> 0 saved, 5 skipped (resume)
[09:06:30]     s0087 -> 0 saved, 5 skipped (resume)
[09:06:30]     s0088 -> 0 saved, 5 skipped (resume)
[09:06:30]     s0089 -> 0 saved, 5 skipped (resume)
[09:06:30]     s0090 -> 0 saved, 5 skipped (resume)
[09:06:30]     s0091 -> 0 saved, 5 skipped (resume)
[09:06:30]     s0092 -> 0 saved, 5 skipped (resume)
[09:06:30]     s0093 -> 0 saved, 5 skipped (resume)
[09:06:30]     s0094 -> 0 saved, 5 skipped (resume)
[09:06:30]     s0095 -> 0 saved, 5 skipped (resume)
[09:06:30]     s0096 -> 0 saved, 5 skipped (resume)
[09:06:30]     s0097 -> 0 saved, 5 skipped (resume)
[09:06:30]     s0098 -> 0 saved, 5 skipped (resume)
[09:06:30]     s0099 -> 0 saved, 5 skipped (resume)
[09:06:30]     s0100 -> 0 saved, 5 skipped (resume)
[09:06:30]     s0101 -> 0 saved, 5 skipped (resume)
[09:06:30]     s0102 -> 0 saved, 5 skipped (resume)
[09:06:30]     s0103 -> 0 saved, 5 skipped (resume)
[09:06:30]     s0104 -> 0 saved, 5 skipped (resume)
[09:06:30]     s0105 -> 0 saved, 5 skipped (resume)
[09:06:30]     s0106 -> 0 saved, 5 skipped (resume)
[09:06:30]     s0107 -> 0 saved, 5 skipped (resume)
[09:06:30]     s0108 -> 0 saved, 5 skipped (resume)
[09:06:30]     s0109 -> 0 saved, 5 skipped (resume)
[09:06:30]     s0110 -> 0 saved, 5 skipped (resume)
[09:06:30]     s0111 -> 0 saved, 5 skipped (resume)
[09:06:30]     s0112 -> 0 saved, 5 skipped (resume)
[09:06:30]     s0113 -> 0 saved, 5 skipped (resume)
[09:06:30]     s0114 -> 0 saved, 5 skipped (resume)
[09:06:30]     s0115 -> 0 saved, 5 skipped (resume)
[09:06:30]     s0116 -> 0 saved, 5 skipped (resume)
[09:06:30]     s0117 -> 0 saved, 5 skipped (resume)
[09:06:30]     s0118 -> 0 saved, 5 skipped (resume)
[09:06:30]     s0119 -> 0 saved, 5 skipped (resume)
[09:06:30]     s0120 -> 0 saved, 5 skipped (resume)
[09:06:30]     s0121 -> 0 saved, 5 skipped (resume)
[09:06:30]     s0122 -> 0 saved, 5 skipped (resume)
[09:06:30]     s0123 -> 0 saved, 5 skipped (resume)
[09:06:30]     s0124 -> 0 saved, 5 skipped (resume)
[09:06:30]     s0125 -> 0 saved, 5 skipped (resume)
[09:06:30]     s0126 -> 0 saved, 5 skipped (resume)
[09:06:30]     s0127 -> 0 saved, 5 skipped (resume)
[09:06:30]     s0128 -> 0 saved, 5 skipped (resume)
[09:06:30]     s0129 -> 0 saved, 5 skipped (resume)
[09:06:30]     s0130 -> 0 saved, 5 skipped (resume)
[09:06:30]     s0131 -> 0 saved, 5 skipped (resume)
[09:06:30]     s0132 -> 0 saved, 5 skipped (resume)
[09:06:30]     s0133 -> 0 saved, 5 skipped (resume)
[09:06:30]     s0134 -> 0 saved, 5 skipped (resume)
[09:06:30]     s0135 -> 0 saved, 5 skipped (resume)
[09:06:30]     s0136 -> 0 saved, 5 skipped (resume)
[09:06:30]     s0137 -> 0 saved, 5 skipped (resume)
[09:06:30]     s0138 -> 0 saved, 5 skipped (resume)
[09:06:30]     s0139 -> 0 saved, 5 skipped (resume)
[09:06:30]     s0140 -> 0 saved, 5 skipped (resume)
[09:06:30]     s0141 -> 0 saved, 5 skipped (resume)
[09:06:30]     s0142 -> 0 saved, 5 skipped (resume)
[09:06:30]     s0143 -> 0 saved, 5 skipped (resume)
[09:06:30]     s0144 -> 0 saved, 5 skipped (resume)
[09:06:30]     s0145 -> 0 saved, 5 skipped (resume)
[09:06:30]     s0146 -> 0 saved, 5 skipped (resume)
[09:06:30]     s0147 -> 0 saved, 5 skipped (resume)
[09:06:30]     s0148 -> 0 saved, 5 skipped (resume)
[09:06:30]     s0149 -> 0 saved, 5 skipped (resume)
[09:06:30]     s0150 -> 0 saved, 5 skipped (resume)
[09:06:30]     s0151 -> 0 saved, 5 skipped (resume)
[09:06:30]     s0152 -> 0 saved, 5 skipped (resume)
[09:06:30]     s0153 -> 0 saved, 5 skipped (resume)
[09:06:30]     s0154 -> 0 saved, 5 skipped (resume)
[09:06:30]     s0155 -> 0 saved, 5 skipped (resume)
[09:06:30]     s0156 -> 0 saved, 5 skipped (resume)
[09:06:30]     s0157 -> 0 saved, 5 skipped (resume)
[09:06:30]     s0158 -> 0 saved, 5 skipped (resume)
[09:06:30]     s0159 -> 0 saved, 5 skipped (resume)
[09:06:30]     s0160 -> 0 saved, 5 skipped (resume)
[09:06:30]     s0161 -> 0 saved, 5 skipped (resume)
[09:06:30]     s0162 -> 0 saved, 5 skipped (resume)
[09:06:30]     s0163 -> 0 saved, 5 skipped (resume)
[09:06:30]     s0164 -> 0 saved, 5 skipped (resume)
[09:06:30]     s0165 -> 0 saved, 5 skipped (resume)
[09:06:30]     s0166 -> 0 saved, 5 skipped (resume)
[09:06:30]     s0167 -> 0 saved, 5 skipped (resume)
[09:06:30]     s0168 -> 0 saved, 5 skipped (resume)
[09:06:30]     s0169 -> 0 saved, 5 skipped (resume)
[09:06:30]     s0170 -> 0 saved, 5 skipped (resume)
[09:06:30]     s0171 -> 0 saved, 5 skipped (resume)
[09:06:30]     s0172 -> 0 saved, 5 skipped (resume)
[09:06:30]     s0173 -> 0 saved, 5 skipped (resume)
[09:06:30]     s0174 -> 0 saved, 5 skipped (resume)
[09:06:30]     s0175 -> 0 saved, 5 skipped (resume)
[09:06:30]     s0176 -> 0 saved, 5 skipped (resume)
[09:06:30]     s0177 -> 0 saved, 5 skipped (resume)
[09:06:30]     s0178 -> 0 saved, 5 skipped (resume)
[09:06:30]     s0179 -> 0 saved, 5 skipped (resume)
[09:06:30]     s0180 -> 0 saved, 5 skipped (resume)
[09:06:30]     s0181 -> 0 saved, 5 skipped (resume)
[09:06:30]     s0182 -> 0 saved, 5 skipped (resume)
[09:06:30]     s0183 -> 0 saved, 5 skipped (resume)
[09:06:30]     s0184 -> 0 saved, 5 skipped (resume)
[09:06:30]     s0185 -> 0 saved, 5 skipped (resume)
[09:06:30]     s0186 -> 0 saved, 5 skipped (resume)
[09:06:30]     s0187 -> 0 saved, 5 skipped (resume)
[09:06:30]     s0188 -> 0 saved, 5 skipped (resume)
[09:06:30]     s0189 -> 0 saved, 5 skipped (resume)
[09:06:30]     s0190 -> 0 saved, 5 skipped (resume)
[09:06:30]     s0191 -> 0 saved, 5 skipped (resume)
[09:06:30]     s0192 -> 0 saved, 5 skipped (resume)
[09:06:30]     s0193 -> 0 saved, 5 skipped (resume)
[09:06:30]     s0194 -> 0 saved, 5 skipped (resume)
[09:06:30]     s0195 -> 0 saved, 5 skipped (resume)
[09:06:30]     s0196 -> 0 saved, 5 skipped (resume)
[09:06:30]     s0197 -> 0 saved, 5 skipped (resume)
[09:06:30]     s0198 -> 0 saved, 5 skipped (resume)
[09:06:30]     s0199 -> 0 saved, 5 skipped (resume)
[09:06:30]   granite4:350m-h × kor_Hang (200 samples)
[09:06:30]     s0000 -> 0 saved, 5 skipped (resume)
[09:06:30]     s0001 -> 0 saved, 5 skipped (resume)
[09:06:30]     s0002 -> 0 saved, 5 skipped (resume)
[09:06:30]     s0003 -> 0 saved, 5 skipped (resume)
[09:06:30]     s0004 -> 0 saved, 5 skipped (resume)
[09:06:30]     s0005 -> 0 saved, 5 skipped (resume)
[09:06:30]     s0006 -> 0 saved, 5 skipped (resume)
[09:06:30]     s0007 -> 0 saved, 5 skipped (resume)
[09:06:30]     s0008 -> 0 saved, 5 skipped (resume)
[09:06:30]     s0009 -> 0 saved, 5 skipped (resume)
[09:06:30]     s0010 -> 0 saved, 5 skipped (resume)
[09:06:30]     s0011 -> 0 saved, 5 skipped (resume)
[09:06:30]     s0012 -> 0 saved, 5 skipped (resume)
[09:06:30]     s0013 -> 0 saved, 5 skipped (resume)
[09:06:30]     s0014 -> 0 saved, 5 skipped (resume)
[09:06:30]     s0015 -> 0 saved, 5 skipped (resume)
[09:06:30]     s0016 -> 0 saved, 5 skipped (resume)
[09:06:30]     s0017 -> 0 saved, 5 skipped (resume)
[09:06:30]     s0018 -> 0 saved, 5 skipped (resume)
[09:06:30]     s0019 -> 0 saved, 5 skipped (resume)
[09:06:30]     s0020 -> 0 saved, 5 skipped (resume)
[09:06:30]     s0021 -> 0 saved, 5 skipped (resume)
[09:06:30]     s0022 -> 0 saved, 5 skipped (resume)
[09:06:30]     s0023 -> 0 saved, 5 skipped (resume)
[09:06:30]     s0024 -> 0 saved, 5 skipped (resume)
[09:06:30]     s0025 -> 0 saved, 5 skipped (resume)
[09:06:30]     s0026 -> 0 saved, 5 skipped (resume)
[09:06:30]     s0027 -> 0 saved, 5 skipped (resume)
[09:06:30]     s0028 -> 0 saved, 5 skipped (resume)
[09:06:30]     s0029 -> 0 saved, 5 skipped (resume)
[09:06:30]     s0030 -> 0 saved, 5 skipped (resume)
[09:06:30]     s0031 -> 0 saved, 5 skipped (resume)
[09:06:30]     s0032 -> 0 saved, 5 skipped (resume)
[09:06:30]     s0033 -> 0 saved, 5 skipped (resume)
[09:06:30]     s0034 -> 0 saved, 5 skipped (resume)
[09:06:30]     s0035 -> 0 saved, 5 skipped (resume)
[09:06:30]     s0036 -> 0 saved, 5 skipped (resume)
[09:06:30]     s0037 -> 0 saved, 5 skipped (resume)
[09:06:30]     s0038 -> 0 saved, 5 skipped (resume)
[09:06:30]     s0039 -> 0 saved, 5 skipped (resume)
[09:06:30]     s0040 -> 0 saved, 5 skipped (resume)
[09:06:30]     s0041 -> 0 saved, 5 skipped (resume)
[09:06:30]     s0042 -> 0 saved, 5 skipped (resume)
[09:06:30]     s0043 -> 0 saved, 5 skipped (resume)
[09:06:30]     s0044 -> 0 saved, 5 skipped (resume)
[09:06:30]     s0045 -> 0 saved, 5 skipped (resume)
[09:06:30]     s0046 -> 0 saved, 5 skipped (resume)
[09:06:30]     s0047 -> 0 saved, 5 skipped (resume)
[09:06:30]     s0048 -> 0 saved, 5 skipped (resume)
[09:06:30]     s0049 -> 0 saved, 5 skipped (resume)
[09:06:30]     s0050 -> 0 saved, 5 skipped (resume)
[09:06:30]     s0051 -> 0 saved, 5 skipped (resume)
[09:06:30]     s0052 -> 0 saved, 5 skipped (resume)
[09:06:30]     s0053 -> 0 saved, 5 skipped (resume)
[09:06:30]     s0054 -> 0 saved, 5 skipped (resume)
[09:06:30]     s0055 -> 0 saved, 5 skipped (resume)
[09:06:30]     s0056 -> 0 saved, 5 skipped (resume)
[09:06:30]     s0057 -> 0 saved, 5 skipped (resume)
[09:06:30]     s0058 -> 0 saved, 5 skipped (resume)
[09:06:30]     s0059 -> 0 saved, 5 skipped (resume)
[09:06:30]     s0060 -> 0 saved, 5 skipped (resume)
[09:06:30]     s0061 -> 0 saved, 5 skipped (resume)
[09:06:30]     s0062 -> 0 saved, 5 skipped (resume)
[09:06:30]     s0063 -> 0 saved, 5 skipped (resume)
[09:06:30]     s0064 -> 0 saved, 5 skipped (resume)
[09:06:30]     s0065 -> 0 saved, 5 skipped (resume)
[09:06:30]     s0066 -> 0 saved, 5 skipped (resume)
[09:06:30]     s0067 -> 0 saved, 5 skipped (resume)
[09:06:30]     s0068 -> 0 saved, 5 skipped (resume)
[09:06:30]     s0069 -> 0 saved, 5 skipped (resume)
[09:06:30]     s0070 -> 0 saved, 5 skipped (resume)
[09:06:30]     s0071 -> 0 saved, 5 skipped (resume)
[09:06:30]     s0072 -> 0 saved, 5 skipped (resume)
[09:06:30]     s0073 -> 0 saved, 5 skipped (resume)
[09:06:30]     s0074 -> 0 saved, 5 skipped (resume)
[09:06:30]     s0075 -> 0 saved, 5 skipped (resume)
[09:06:30]     s0076 -> 0 saved, 5 skipped (resume)
[09:06:30]     s0077 -> 0 saved, 5 skipped (resume)
[09:06:30]     s0078 -> 0 saved, 5 skipped (resume)
[09:06:30]     s0079 -> 0 saved, 5 skipped (resume)
[09:06:30]     s0080 -> 0 saved, 5 skipped (resume)
[09:06:30]     s0081 -> 0 saved, 5 skipped (resume)
[09:06:30]     s0082 -> 0 saved, 5 skipped (resume)
[09:06:30]     s0083 -> 0 saved, 5 skipped (resume)
[09:06:30]     s0084 -> 0 saved, 5 skipped (resume)
[09:06:30]     s0085 -> 0 saved, 5 skipped (resume)
[09:06:30]     s0086 -> 0 saved, 5 skipped (resume)
[09:06:30]     s0087 -> 0 saved, 5 skipped (resume)
[09:06:30]     s0088 -> 0 saved, 5 skipped (resume)
[09:06:30]     s0089 -> 0 saved, 5 skipped (resume)
[09:06:30]     s0090 -> 0 saved, 5 skipped (resume)
[09:06:30]     s0091 -> 0 saved, 5 skipped (resume)
[09:06:30]     s0092 -> 0 saved, 5 skipped (resume)
[09:06:30]     s0093 -> 0 saved, 5 skipped (resume)
[09:06:30]     s0094 -> 0 saved, 5 skipped (resume)
[09:06:30]     s0095 -> 0 saved, 5 skipped (resume)
[09:06:30]     s0096 -> 0 saved, 5 skipped (resume)
[09:06:30]     s0097 -> 0 saved, 5 skipped (resume)
[09:06:30]     s0098 -> 0 saved, 5 skipped (resume)
[09:06:30]     s0099 -> 0 saved, 5 skipped (resume)
[09:06:30]     s0100 -> 0 saved, 5 skipped (resume)
[09:06:30]     s0101 -> 0 saved, 5 skipped (resume)
[09:06:30]     s0102 -> 0 saved, 5 skipped (resume)
[09:06:30]     s0103 -> 0 saved, 5 skipped (resume)
[09:06:30]     s0104 -> 0 saved, 5 skipped (resume)
[09:06:30]     s0105 -> 0 saved, 5 skipped (resume)
[09:06:30]     s0106 -> 0 saved, 5 skipped (resume)
[09:06:30]     s0107 -> 0 saved, 5 skipped (resume)
[09:06:30]     s0108 -> 0 saved, 5 skipped (resume)
[09:06:30]     s0109 -> 0 saved, 5 skipped (resume)
[09:06:30]     s0110 -> 0 saved, 5 skipped (resume)
[09:06:30]     s0111 -> 0 saved, 5 skipped (resume)
[09:06:30]     s0112 -> 0 saved, 5 skipped (resume)
[09:06:30]     s0113 -> 0 saved, 5 skipped (resume)
[09:06:30]     s0114 -> 0 saved, 5 skipped (resume)
[09:06:30]     s0115 -> 0 saved, 5 skipped (resume)
[09:06:30]     s0116 -> 0 saved, 5 skipped (resume)
[09:06:30]     s0117 -> 0 saved, 5 skipped (resume)
[09:06:30]     s0118 -> 0 saved, 5 skipped (resume)
[09:06:30]     s0119 -> 0 saved, 5 skipped (resume)
[09:06:30]     s0120 -> 0 saved, 5 skipped (resume)
[09:06:30]     s0121 -> 0 saved, 5 skipped (resume)
[09:06:30]     s0122 -> 0 saved, 5 skipped (resume)
[09:06:30]     s0123 -> 0 saved, 5 skipped (resume)
[09:06:30]     s0124 -> 0 saved, 5 skipped (resume)
[09:06:30]     s0125 -> 0 saved, 5 skipped (resume)
[09:06:30]     s0126 -> 0 saved, 5 skipped (resume)
[09:06:30]     s0127 -> 0 saved, 5 skipped (resume)
[09:06:30]     s0128 -> 0 saved, 5 skipped (resume)
[09:06:30]     s0129 -> 0 saved, 5 skipped (resume)
[09:06:30]     s0130 -> 0 saved, 5 skipped (resume)
[09:06:30]     s0131 -> 0 saved, 5 skipped (resume)
[09:06:30]     s0132 -> 0 saved, 5 skipped (resume)
[09:06:30]     s0133 -> 0 saved, 5 skipped (resume)
[09:06:30]     s0134 -> 0 saved, 5 skipped (resume)
[09:06:30]     s0135 -> 0 saved, 5 skipped (resume)
[09:06:30]     s0136 -> 0 saved, 5 skipped (resume)
[09:06:30]     s0137 -> 0 saved, 5 skipped (resume)
[09:06:30]     s0138 -> 0 saved, 5 skipped (resume)
[09:06:30]     s0139 -> 0 saved, 5 skipped (resume)
[09:06:30]     s0140 -> 0 saved, 5 skipped (resume)
[09:06:30]     s0141 -> 0 saved, 5 skipped (resume)
[09:06:30]     s0142 -> 0 saved, 5 skipped (resume)
[09:06:30]     s0143 -> 0 saved, 5 skipped (resume)
[09:06:30]     s0144 -> 0 saved, 5 skipped (resume)
[09:06:30]     s0145 -> 0 saved, 5 skipped (resume)
[09:06:30]     s0146 -> 0 saved, 5 skipped (resume)
[09:06:30]     s0147 -> 0 saved, 5 skipped (resume)
[09:06:30]     s0148 -> 0 saved, 5 skipped (resume)
[09:06:30]     s0149 -> 0 saved, 5 skipped (resume)
[09:06:30]     s0150 -> 0 saved, 5 skipped (resume)
[09:06:30]     s0151 -> 0 saved, 5 skipped (resume)
[09:06:30]     s0152 -> 0 saved, 5 skipped (resume)
[09:06:30]     s0153 -> 0 saved, 5 skipped (resume)
[09:06:30]     s0154 -> 0 saved, 5 skipped (resume)
[09:06:30]     s0155 -> 0 saved, 5 skipped (resume)
[09:06:30]     s0156 -> 0 saved, 5 skipped (resume)
[09:06:30]     s0157 -> 0 saved, 5 skipped (resume)
[09:06:30]     s0158 -> 0 saved, 5 skipped (resume)
[09:06:30]     s0159 -> 0 saved, 5 skipped (resume)
[09:06:30]     s0160 -> 0 saved, 5 skipped (resume)
[09:06:30]     s0161 -> 0 saved, 5 skipped (resume)
[09:06:30]     s0162 -> 0 saved, 5 skipped (resume)
[09:06:30]     s0163 -> 0 saved, 5 skipped (resume)
[09:06:30]     s0164 -> 0 saved, 5 skipped (resume)
[09:06:30]     s0165 -> 0 saved, 5 skipped (resume)
[09:06:30]     s0166 -> 0 saved, 5 skipped (resume)
[09:06:30]     s0167 -> 0 saved, 5 skipped (resume)
[09:06:30]     s0168 -> 0 saved, 5 skipped (resume)
[09:06:30]     s0169 -> 0 saved, 5 skipped (resume)
[09:06:30]     s0170 -> 0 saved, 5 skipped (resume)
[09:06:30]     s0171 -> 0 saved, 5 skipped (resume)
[09:06:30]     s0172 -> 0 saved, 5 skipped (resume)
[09:06:30]     s0173 -> 0 saved, 5 skipped (resume)
[09:06:30]     s0174 -> 0 saved, 5 skipped (resume)
[09:06:30]     s0175 -> 0 saved, 5 skipped (resume)
[09:06:30]     s0176 -> 0 saved, 5 skipped (resume)
[09:06:30]     s0177 -> 0 saved, 5 skipped (resume)
[09:06:30]     s0178 -> 0 saved, 5 skipped (resume)
[09:06:30]     s0179 -> 0 saved, 5 skipped (resume)
[09:06:30]     s0180 -> 0 saved, 5 skipped (resume)
[09:06:30]     s0181 -> 0 saved, 5 skipped (resume)
[09:06:30]     s0182 -> 0 saved, 5 skipped (resume)
[09:06:30]     s0183 -> 0 saved, 5 skipped (resume)
[09:06:30]     s0184 -> 0 saved, 5 skipped (resume)
[09:06:30]     s0185 -> 0 saved, 5 skipped (resume)
[09:06:30]     s0186 -> 0 saved, 5 skipped (resume)
[09:06:30]     s0187 -> 0 saved, 5 skipped (resume)
[09:06:30]     s0188 -> 0 saved, 5 skipped (resume)
[09:06:30]     s0189 -> 0 saved, 5 skipped (resume)
[09:06:30]     s0190 -> 0 saved, 5 skipped (resume)
[09:06:30]     s0191 -> 0 saved, 5 skipped (resume)
[09:06:30]     s0192 -> 0 saved, 5 skipped (resume)
[09:06:30]     s0193 -> 0 saved, 5 skipped (resume)
[09:06:30]     s0194 -> 0 saved, 5 skipped (resume)
[09:06:30]     s0195 -> 0 saved, 5 skipped (resume)
[09:06:30]     s0196 -> 0 saved, 5 skipped (resume)
[09:06:30]     s0197 -> 0 saved, 5 skipped (resume)
[09:06:30]     s0198 -> 0 saved, 5 skipped (resume)
[09:06:30]     s0199 -> 0 saved, 5 skipped (resume)
[09:06:30]   granite4:350m-h × spa_Latn (200 samples)
[09:06:30]     s0000 -> 0 saved, 5 skipped (resume)
[09:06:30]     s0001 -> 0 saved, 5 skipped (resume)
[09:06:30]     s0002 -> 0 saved, 5 skipped (resume)
[09:06:30]     s0003 -> 0 saved, 5 skipped (resume)
[09:06:30]     s0004 -> 0 saved, 5 skipped (resume)
[09:06:30]     s0005 -> 0 saved, 5 skipped (resume)
[09:06:30]     s0006 -> 0 saved, 5 skipped (resume)
[09:06:30]     s0007 -> 0 saved, 5 skipped (resume)
[09:06:30]     s0008 -> 0 saved, 5 skipped (resume)
[09:06:30]     s0009 -> 0 saved, 5 skipped (resume)
[09:06:30]     s0010 -> 0 saved, 5 skipped (resume)
[09:06:30]     s0011 -> 0 saved, 5 skipped (resume)
[09:06:30]     s0012 -> 0 saved, 5 skipped (resume)
[09:06:30]     s0013 -> 0 saved, 5 skipped (resume)
[09:06:30]     s0014 -> 0 saved, 5 skipped (resume)
[09:06:30]     s0015 -> 0 saved, 5 skipped (resume)
[09:06:30]     s0016 -> 0 saved, 5 skipped (resume)
[09:06:30]     s0017 -> 0 saved, 5 skipped (resume)
[09:06:30]     s0018 -> 0 saved, 5 skipped (resume)
[09:06:30]     s0019 -> 0 saved, 5 skipped (resume)
[09:06:30]     s0020 -> 0 saved, 5 skipped (resume)
[09:06:30]     s0021 -> 0 saved, 5 skipped (resume)
[09:06:30]     s0022 -> 0 saved, 5 skipped (resume)
[09:06:30]     s0023 -> 0 saved, 5 skipped (resume)
[09:06:30]     s0024 -> 0 saved, 5 skipped (resume)
[09:06:30]     s0025 -> 0 saved, 5 skipped (resume)
[09:06:30]     s0026 -> 0 saved, 5 skipped (resume)
[09:06:30]     s0027 -> 0 saved, 5 skipped (resume)
[09:06:30]     s0028 -> 0 saved, 5 skipped (resume)
[09:06:30]     s0029 -> 0 saved, 5 skipped (resume)
[09:06:30]     s0030 -> 0 saved, 5 skipped (resume)
[09:06:30]     s0031 -> 0 saved, 5 skipped (resume)
[09:06:30]     s0032 -> 0 saved, 5 skipped (resume)
[09:06:30]     s0033 -> 0 saved, 5 skipped (resume)
[09:06:30]     s0034 -> 0 saved, 5 skipped (resume)
[09:06:30]     s0035 -> 0 saved, 5 skipped (resume)
[09:06:30]     s0036 -> 0 saved, 5 skipped (resume)
[09:06:30]     s0037 -> 0 saved, 5 skipped (resume)
[09:06:30]     s0038 -> 0 saved, 5 skipped (resume)
[09:06:30]     s0039 -> 0 saved, 5 skipped (resume)
[09:06:30]     s0040 -> 0 saved, 5 skipped (resume)
[09:06:30]     s0041 -> 0 saved, 5 skipped (resume)
[09:06:30]     s0042 -> 0 saved, 5 skipped (resume)
[09:06:30]     s0043 -> 0 saved, 5 skipped (resume)
[09:06:30]     s0044 -> 0 saved, 5 skipped (resume)
[09:06:30]     s0045 -> 0 saved, 5 skipped (resume)
[09:06:30]     s0046 -> 0 saved, 5 skipped (resume)
[09:06:30]     s0047 -> 0 saved, 5 skipped (resume)
[09:06:30]     s0048 -> 0 saved, 5 skipped (resume)
[09:06:30]     s0049 -> 0 saved, 5 skipped (resume)
[09:06:30]     s0050 -> 0 saved, 5 skipped (resume)
[09:06:30]     s0051 -> 0 saved, 5 skipped (resume)
[09:06:30]     s0052 -> 0 saved, 5 skipped (resume)
[09:06:30]     s0053 -> 0 saved, 5 skipped (resume)
[09:06:30]     s0054 -> 0 saved, 5 skipped (resume)
[09:06:30]     s0055 -> 0 saved, 5 skipped (resume)
[09:06:30]     s0056 -> 0 saved, 5 skipped (resume)
[09:06:30]     s0057 -> 0 saved, 5 skipped (resume)
[09:06:30]     s0058 -> 0 saved, 5 skipped (resume)
[09:06:30]     s0059 -> 0 saved, 5 skipped (resume)
[09:06:30]     s0060 -> 0 saved, 5 skipped (resume)
[09:06:30]     s0061 -> 0 saved, 5 skipped (resume)
[09:06:30]     s0062 -> 0 saved, 5 skipped (resume)
[09:06:30]     s0063 -> 0 saved, 5 skipped (resume)
[09:06:30]     s0064 -> 0 saved, 5 skipped (resume)
[09:06:30]     s0065 -> 0 saved, 5 skipped (resume)
[09:06:30]     s0066 -> 0 saved, 5 skipped (resume)
[09:06:30]     s0067 -> 0 saved, 5 skipped (resume)
[09:06:30]     s0068 -> 0 saved, 5 skipped (resume)
[09:06:30]     s0069 -> 0 saved, 5 skipped (resume)
[09:06:30]     s0070 -> 0 saved, 5 skipped (resume)
[09:06:30]     s0071 -> 0 saved, 5 skipped (resume)
[09:06:30]     s0072 -> 0 saved, 5 skipped (resume)
[09:06:30]     s0073 -> 0 saved, 5 skipped (resume)
[09:06:30]     s0074 -> 0 saved, 5 skipped (resume)
[09:06:30]     s0075 -> 0 saved, 5 skipped (resume)
[09:06:30]     s0076 -> 0 saved, 5 skipped (resume)
[09:06:30]     s0077 -> 0 saved, 5 skipped (resume)
[09:06:30]     s0078 -> 0 saved, 5 skipped (resume)
[09:06:30]     s0079 -> 0 saved, 5 skipped (resume)
[09:06:30]     s0080 -> 0 saved, 5 skipped (resume)
[09:06:30]     s0081 -> 0 saved, 5 skipped (resume)
[09:06:30]     s0082 -> 0 saved, 5 skipped (resume)
[09:06:30]     s0083 -> 0 saved, 5 skipped (resume)
[09:06:30]     s0084 -> 0 saved, 5 skipped (resume)
[09:06:30]     s0085 -> 0 saved, 5 skipped (resume)
[09:06:30]     s0086 -> 0 saved, 5 skipped (resume)
[09:06:30]     s0087 -> 0 saved, 5 skipped (resume)
[09:06:30]     s0088 -> 0 saved, 5 skipped (resume)
[09:06:30]     s0089 -> 0 saved, 5 skipped (resume)
[09:06:30]     s0090 -> 0 saved, 5 skipped (resume)
[09:06:30]     s0091 -> 0 saved, 5 skipped (resume)
[09:06:30]     s0092 -> 0 saved, 5 skipped (resume)
[09:06:30]     s0093 -> 0 saved, 5 skipped (resume)
[09:06:30]     s0094 -> 0 saved, 5 skipped (resume)
[09:06:30]     s0095 -> 0 saved, 5 skipped (resume)
[09:06:30]     s0096 -> 0 saved, 5 skipped (resume)
[09:06:30]     s0097 -> 0 saved, 5 skipped (resume)
[09:06:30]     s0098 -> 0 saved, 5 skipped (resume)
[09:06:30]     s0099 -> 0 saved, 5 skipped (resume)
[09:06:30]     s0100 -> 0 saved, 5 skipped (resume)
[09:06:30]     s0101 -> 0 saved, 5 skipped (resume)
[09:06:30]     s0102 -> 0 saved, 5 skipped (resume)
[09:06:30]     s0103 -> 0 saved, 5 skipped (resume)
[09:06:30]     s0104 -> 0 saved, 5 skipped (resume)
[09:06:30]     s0105 -> 0 saved, 5 skipped (resume)
[09:06:30]     s0106 -> 0 saved, 5 skipped (resume)
[09:06:30]     s0107 -> 0 saved, 5 skipped (resume)
[09:06:30]     s0108 -> 0 saved, 5 skipped (resume)
[09:06:30]     s0109 -> 0 saved, 5 skipped (resume)
[09:06:30]     s0110 -> 0 saved, 5 skipped (resume)
[09:06:30]     s0111 -> 0 saved, 5 skipped (resume)
[09:06:30]     s0112 -> 0 saved, 5 skipped (resume)
[09:06:30]     s0113 -> 0 saved, 5 skipped (resume)
[09:06:30]     s0114 -> 0 saved, 5 skipped (resume)
[09:06:30]     s0115 -> 0 saved, 5 skipped (resume)
[09:06:30]     s0116 -> 0 saved, 5 skipped (resume)
[09:06:30]     s0117 -> 0 saved, 5 skipped (resume)
[09:06:30]     s0118 -> 0 saved, 5 skipped (resume)
[09:06:30]     s0119 -> 0 saved, 5 skipped (resume)
[09:06:30]     s0120 -> 0 saved, 5 skipped (resume)
[09:06:30]     s0121 -> 0 saved, 5 skipped (resume)
[09:06:30]     s0122 -> 0 saved, 5 skipped (resume)
[09:06:30]     s0123 -> 0 saved, 5 skipped (resume)
[09:06:30]     s0124 -> 0 saved, 5 skipped (resume)
[09:06:30]     s0125 -> 0 saved, 5 skipped (resume)
[09:06:30]     s0126 -> 0 saved, 5 skipped (resume)
[09:06:30]     s0127 -> 0 saved, 5 skipped (resume)
[09:06:30]     s0128 -> 0 saved, 5 skipped (resume)
[09:06:30]     s0129 -> 0 saved, 5 skipped (resume)
[09:06:30]     s0130 -> 0 saved, 5 skipped (resume)
[09:06:30]     s0131 -> 0 saved, 5 skipped (resume)
[09:06:30]     s0132 -> 0 saved, 5 skipped (resume)
[09:06:30]     s0133 -> 0 saved, 5 skipped (resume)
[09:06:30]     s0134 -> 0 saved, 5 skipped (resume)
[09:06:30]     s0135 -> 0 saved, 5 skipped (resume)
[09:06:30]     s0136 -> 0 saved, 5 skipped (resume)
[09:06:30]     s0137 -> 0 saved, 5 skipped (resume)
[09:06:30]     s0138 -> 0 saved, 5 skipped (resume)
[09:06:30]     s0139 -> 0 saved, 5 skipped (resume)
[09:06:30]     s0140 -> 0 saved, 5 skipped (resume)
[09:06:30]     s0141 -> 0 saved, 5 skipped (resume)
[09:06:30]     s0142 -> 0 saved, 5 skipped (resume)
[09:06:30]     s0143 -> 0 saved, 5 skipped (resume)
[09:06:30]     s0144 -> 0 saved, 5 skipped (resume)
[09:06:30]     s0145 -> 0 saved, 5 skipped (resume)
[09:06:30]     s0146 -> 0 saved, 5 skipped (resume)
[09:06:30]     s0147 -> 0 saved, 5 skipped (resume)
[09:06:30]     s0148 -> 0 saved, 5 skipped (resume)
[09:06:30]     s0149 -> 0 saved, 5 skipped (resume)
[09:06:30]     s0150 -> 0 saved, 5 skipped (resume)
[09:06:30]     s0151 -> 0 saved, 5 skipped (resume)
[09:06:30]     s0152 -> 0 saved, 5 skipped (resume)
[09:06:30]     s0153 -> 0 saved, 5 skipped (resume)
[09:06:30]     s0154 -> 0 saved, 5 skipped (resume)
[09:06:30]     s0155 -> 0 saved, 5 skipped (resume)
[09:06:30]     s0156 -> 0 saved, 5 skipped (resume)
[09:06:30]     s0157 -> 0 saved, 5 skipped (resume)
[09:06:30]     s0158 -> 0 saved, 5 skipped (resume)
[09:06:30]     s0159 -> 0 saved, 5 skipped (resume)
[09:06:30]     s0160 -> 0 saved, 5 skipped (resume)
[09:06:30]     s0161 -> 0 saved, 5 skipped (resume)
[09:06:30]     s0162 -> 0 saved, 5 skipped (resume)
[09:06:30]     s0163 -> 0 saved, 5 skipped (resume)
[09:06:30]     s0164 -> 0 saved, 5 skipped (resume)
[09:06:30]     s0165 -> 0 saved, 5 skipped (resume)
[09:06:30]     s0166 -> 0 saved, 5 skipped (resume)
[09:06:30]     s0167 -> 0 saved, 5 skipped (resume)
[09:06:30]     s0168 -> 0 saved, 5 skipped (resume)
[09:06:30]     s0169 -> 0 saved, 5 skipped (resume)
[09:06:30]     s0170 -> 0 saved, 5 skipped (resume)
[09:06:30]     s0171 -> 0 saved, 5 skipped (resume)
[09:06:30]     s0172 -> 0 saved, 5 skipped (resume)
[09:06:30]     s0173 -> 0 saved, 5 skipped (resume)
[09:06:30]     s0174 -> 0 saved, 5 skipped (resume)
[09:06:30]     s0175 -> 0 saved, 5 skipped (resume)
[09:06:30]     s0176 -> 0 saved, 5 skipped (resume)
[09:06:30]     s0177 -> 0 saved, 5 skipped (resume)
[09:06:30]     s0178 -> 0 saved, 5 skipped (resume)
[09:06:30]     s0179 -> 0 saved, 5 skipped (resume)
[09:06:30]     s0180 -> 0 saved, 5 skipped (resume)
[09:06:30]     s0181 -> 0 saved, 5 skipped (resume)
[09:06:30]     s0182 -> 0 saved, 5 skipped (resume)
[09:06:30]     s0183 -> 0 saved, 5 skipped (resume)
[09:06:30]     s0184 -> 0 saved, 5 skipped (resume)
[09:06:30]     s0185 -> 0 saved, 5 skipped (resume)
[09:06:30]     s0186 -> 0 saved, 5 skipped (resume)
[09:06:30]     s0187 -> 0 saved, 5 skipped (resume)
[09:06:30]     s0188 -> 0 saved, 5 skipped (resume)
[09:06:30]     s0189 -> 0 saved, 5 skipped (resume)
[09:06:30]     s0190 -> 0 saved, 5 skipped (resume)
[09:06:30]     s0191 -> 0 saved, 5 skipped (resume)
[09:06:30]     s0192 -> 0 saved, 5 skipped (resume)
[09:06:30]     s0193 -> 0 saved, 5 skipped (resume)
[09:06:30]     s0194 -> 0 saved, 5 skipped (resume)
[09:06:30]     s0195 -> 0 saved, 5 skipped (resume)
[09:06:30]     s0196 -> 0 saved, 5 skipped (resume)
[09:06:30]     s0197 -> 0 saved, 5 skipped (resume)
[09:06:30]     s0198 -> 0 saved, 5 skipped (resume)
[09:06:30]     s0199 -> 0 saved, 5 skipped (resume)
[09:06:30]   granite4:350m-h × fra_Latn (200 samples)
[09:06:30]     s0000 -> 0 saved, 5 skipped (resume)
[09:06:30]     s0001 -> 0 saved, 5 skipped (resume)
[09:06:30]     s0002 -> 0 saved, 5 skipped (resume)
[09:06:30]     s0003 -> 0 saved, 5 skipped (resume)
[09:06:30]     s0004 -> 0 saved, 5 skipped (resume)
[09:06:30]     s0005 -> 0 saved, 5 skipped (resume)
[09:06:30]     s0006 -> 0 saved, 5 skipped (resume)
[09:06:30]     s0007 -> 0 saved, 5 skipped (resume)
[09:06:30]     s0008 -> 0 saved, 5 skipped (resume)
[09:06:30]     s0009 -> 0 saved, 5 skipped (resume)
[09:06:30]     s0010 -> 0 saved, 5 skipped (resume)
[09:06:30]     s0011 -> 0 saved, 5 skipped (resume)
[09:06:30]     s0012 -> 0 saved, 5 skipped (resume)
[09:06:30]     s0013 -> 0 saved, 5 skipped (resume)
[09:06:30]     s0014 -> 0 saved, 5 skipped (resume)
[09:06:30]     s0015 -> 0 saved, 5 skipped (resume)
[09:06:30]     s0016 -> 0 saved, 5 skipped (resume)
[09:06:30]     s0017 -> 0 saved, 5 skipped (resume)
[09:06:30]     s0018 -> 0 saved, 5 skipped (resume)
[09:06:30]     s0019 -> 0 saved, 5 skipped (resume)
[09:06:30]     s0020 -> 0 saved, 5 skipped (resume)
[09:06:30]     s0021 -> 0 saved, 5 skipped (resume)
[09:06:30]     s0022 -> 0 saved, 5 skipped (resume)
[09:06:30]     s0023 -> 0 saved, 5 skipped (resume)
[09:06:30]     s0024 -> 0 saved, 5 skipped (resume)
[09:06:30]     s0025 -> 0 saved, 5 skipped (resume)
[09:06:30]     s0026 -> 0 saved, 5 skipped (resume)
[09:06:30]     s0027 -> 0 saved, 5 skipped (resume)
[09:06:30]     s0028 -> 0 saved, 5 skipped (resume)
[09:06:30]     s0029 -> 0 saved, 5 skipped (resume)
[09:06:30]     s0030 -> 0 saved, 5 skipped (resume)
[09:06:30]     s0031 -> 0 saved, 5 skipped (resume)
[09:06:30]     s0032 -> 0 saved, 5 skipped (resume)
[09:06:30]     s0033 -> 0 saved, 5 skipped (resume)
[09:06:30]     s0034 -> 0 saved, 5 skipped (resume)
[09:06:30]     s0035 -> 0 saved, 5 skipped (resume)
[09:06:30]     s0036 -> 0 saved, 5 skipped (resume)
[09:06:30]     s0037 -> 0 saved, 5 skipped (resume)
[09:06:30]     s0038 -> 0 saved, 5 skipped (resume)
[09:06:30]     s0039 -> 0 saved, 5 skipped (resume)
[09:06:30]     s0040 -> 0 saved, 5 skipped (resume)
[09:06:30]     s0041 -> 0 saved, 5 skipped (resume)
[09:06:30]     s0042 -> 0 saved, 5 skipped (resume)
[09:06:30]     s0043 -> 0 saved, 5 skipped (resume)
[09:06:30]     s0044 -> 0 saved, 5 skipped (resume)
[09:06:30]     s0045 -> 0 saved, 5 skipped (resume)
[09:06:30]     s0046 -> 0 saved, 5 skipped (resume)
[09:06:30]     s0047 -> 0 saved, 5 skipped (resume)
[09:06:30]     s0048 -> 0 saved, 5 skipped (resume)
[09:06:30]     s0049 -> 0 saved, 5 skipped (resume)
[09:06:30]     s0050 -> 0 saved, 5 skipped (resume)
[09:06:30]     s0051 -> 0 saved, 5 skipped (resume)
[09:06:30]     s0052 -> 0 saved, 5 skipped (resume)
[09:06:30]     s0053 -> 0 saved, 5 skipped (resume)
[09:06:30]     s0054 -> 0 saved, 5 skipped (resume)
[09:06:30]     s0055 -> 0 saved, 5 skipped (resume)
[09:06:30]     s0056 -> 0 saved, 5 skipped (resume)
[09:06:30]     s0057 -> 0 saved, 5 skipped (resume)
[09:06:30]     s0058 -> 0 saved, 5 skipped (resume)
[09:06:30]     s0059 -> 0 saved, 5 skipped (resume)
[09:06:30]     s0060 -> 0 saved, 5 skipped (resume)
[09:06:30]     s0061 -> 0 saved, 5 skipped (resume)
[09:06:30]     s0062 -> 0 saved, 5 skipped (resume)
[09:06:30]     s0063 -> 0 saved, 5 skipped (resume)
[09:06:30]     s0064 -> 0 saved, 5 skipped (resume)
[09:06:30]     s0065 -> 0 saved, 5 skipped (resume)
[09:06:30]     s0066 -> 0 saved, 5 skipped (resume)
[09:06:30]     s0067 -> 0 saved, 5 skipped (resume)
[09:06:30]     s0068 -> 0 saved, 5 skipped (resume)
[09:06:30]     s0069 -> 0 saved, 5 skipped (resume)
[09:06:30]     s0070 -> 0 saved, 5 skipped (resume)
[09:06:30]     s0071 -> 0 saved, 5 skipped (resume)
[09:06:30]     s0072 -> 0 saved, 5 skipped (resume)
[09:06:30]     s0073 -> 0 saved, 5 skipped (resume)
[09:06:30]     s0074 -> 0 saved, 5 skipped (resume)
[09:06:30]     s0075 -> 0 saved, 5 skipped (resume)
[09:06:30]     s0076 -> 0 saved, 5 skipped (resume)
[09:06:30]     s0077 -> 0 saved, 5 skipped (resume)
[09:06:30]     s0078 -> 0 saved, 5 skipped (resume)
[09:06:30]     s0079 -> 0 saved, 5 skipped (resume)
[09:06:30]     s0080 -> 0 saved, 5 skipped (resume)
[09:06:30]     s0081 -> 0 saved, 5 skipped (resume)
[09:06:30]     s0082 -> 0 saved, 5 skipped (resume)
[09:06:30]     s0083 -> 0 saved, 5 skipped (resume)
[09:06:30]     s0084 -> 0 saved, 5 skipped (resume)
[09:06:30]     s0085 -> 0 saved, 5 skipped (resume)
[09:06:30]     s0086 -> 0 saved, 5 skipped (resume)
[09:06:30]     s0087 -> 0 saved, 5 skipped (resume)
[09:06:30]     s0088 -> 0 saved, 5 skipped (resume)
[09:06:30]     s0089 -> 0 saved, 5 skipped (resume)
[09:06:30]     s0090 -> 0 saved, 5 skipped (resume)
[09:06:30]     s0091 -> 0 saved, 5 skipped (resume)
[09:06:30]     s0092 -> 0 saved, 5 skipped (resume)
[09:06:30]     s0093 -> 0 saved, 5 skipped (resume)
[09:06:30]     s0094 -> 0 saved, 5 skipped (resume)
[09:06:30]     s0095 -> 0 saved, 5 skipped (resume)
[09:06:30]     s0096 -> 0 saved, 5 skipped (resume)
[09:06:30]     s0097 -> 0 saved, 5 skipped (resume)
[09:06:30]     s0098 -> 0 saved, 5 skipped (resume)
[09:06:30]     s0099 -> 0 saved, 5 skipped (resume)
[09:06:30]     s0100 -> 0 saved, 5 skipped (resume)
[09:06:30]     s0101 -> 0 saved, 5 skipped (resume)
[09:06:30]     s0102 -> 0 saved, 5 skipped (resume)
[09:06:30]     s0103 -> 0 saved, 5 skipped (resume)
[09:06:30]     s0104 -> 0 saved, 5 skipped (resume)
[09:06:30]     s0105 -> 0 saved, 5 skipped (resume)
[09:06:30]     s0106 -> 0 saved, 5 skipped (resume)
[09:06:30]     s0107 -> 0 saved, 5 skipped (resume)
[09:06:30]     s0108 -> 0 saved, 5 skipped (resume)
[09:06:30]     s0109 -> 0 saved, 5 skipped (resume)
[09:06:30]     s0110 -> 0 saved, 5 skipped (resume)
[09:06:30]     s0111 -> 0 saved, 5 skipped (resume)
[09:06:30]     s0112 -> 0 saved, 5 skipped (resume)
[09:06:30]     s0113 -> 0 saved, 5 skipped (resume)
[09:06:30]     s0114 -> 0 saved, 5 skipped (resume)
[09:06:30]     s0115 -> 0 saved, 5 skipped (resume)
[09:06:30]     s0116 -> 0 saved, 5 skipped (resume)
[09:06:30]     s0117 -> 0 saved, 5 skipped (resume)
[09:06:30]     s0118 -> 0 saved, 5 skipped (resume)
[09:06:30]     s0119 -> 0 saved, 5 skipped (resume)
[09:06:30]     s0120 -> 0 saved, 5 skipped (resume)
[09:06:30]     s0121 -> 0 saved, 5 skipped (resume)
[09:06:30]     s0122 -> 0 saved, 5 skipped (resume)
[09:06:30]     s0123 -> 0 saved, 5 skipped (resume)
[09:06:30]     s0124 -> 0 saved, 5 skipped (resume)
[09:06:30]     s0125 -> 0 saved, 5 skipped (resume)
[09:06:30]     s0126 -> 0 saved, 5 skipped (resume)
[09:06:30]     s0127 -> 0 saved, 5 skipped (resume)
[09:06:30]     s0128 -> 0 saved, 5 skipped (resume)
[09:06:30]     s0129 -> 0 saved, 5 skipped (resume)
[09:06:30]     s0130 -> 0 saved, 5 skipped (resume)
[09:06:30]     s0131 -> 0 saved, 5 skipped (resume)
[09:06:30]     s0132 -> 0 saved, 5 skipped (resume)
[09:06:30]     s0133 -> 0 saved, 5 skipped (resume)
[09:06:30]     s0134 -> 0 saved, 5 skipped (resume)
[09:06:30]     s0135 -> 0 saved, 5 skipped (resume)
[09:06:30]     s0136 -> 0 saved, 5 skipped (resume)
[09:06:30]     s0137 -> 0 saved, 5 skipped (resume)
[09:06:30]     s0138 -> 0 saved, 5 skipped (resume)
[09:06:30]     s0139 -> 0 saved, 5 skipped (resume)
[09:06:30]     s0140 -> 0 saved, 5 skipped (resume)
[09:06:30]     s0141 -> 0 saved, 5 skipped (resume)
[09:06:30]     s0142 -> 0 saved, 5 skipped (resume)
[09:06:30]     s0143 -> 0 saved, 5 skipped (resume)
[09:06:30]     s0144 -> 0 saved, 5 skipped (resume)
[09:06:30]     s0145 -> 0 saved, 5 skipped (resume)
[09:06:30]     s0146 -> 0 saved, 5 skipped (resume)
[09:06:30]     s0147 -> 0 saved, 5 skipped (resume)
[09:06:30]     s0148 -> 0 saved, 5 skipped (resume)
[09:06:30]     s0149 -> 0 saved, 5 skipped (resume)
[09:06:30]     s0150 -> 0 saved, 5 skipped (resume)
[09:06:30]     s0151 -> 0 saved, 5 skipped (resume)
[09:06:30]     s0152 -> 0 saved, 5 skipped (resume)
[09:06:30]     s0153 -> 0 saved, 5 skipped (resume)
[09:06:30]     s0154 -> 0 saved, 5 skipped (resume)
[09:06:30]     s0155 -> 0 saved, 5 skipped (resume)
[09:06:30]     s0156 -> 0 saved, 5 skipped (resume)
[09:06:30]     s0157 -> 0 saved, 5 skipped (resume)
[09:06:30]     s0158 -> 0 saved, 5 skipped (resume)
[09:06:30]     s0159 -> 0 saved, 5 skipped (resume)
[09:06:30]     s0160 -> 0 saved, 5 skipped (resume)
[09:06:30]     s0161 -> 0 saved, 5 skipped (resume)
[09:06:30]     s0162 -> 0 saved, 5 skipped (resume)
[09:06:30]     s0163 -> 0 saved, 5 skipped (resume)
[09:06:30]     s0164 -> 0 saved, 5 skipped (resume)
[09:06:30]     s0165 -> 0 saved, 5 skipped (resume)
[09:06:30]     s0166 -> 0 saved, 5 skipped (resume)
[09:06:30]     s0167 -> 0 saved, 5 skipped (resume)
[09:06:30]     s0168 -> 0 saved, 5 skipped (resume)
[09:06:30]     s0169 -> 0 saved, 5 skipped (resume)
[09:06:30]     s0170 -> 0 saved, 5 skipped (resume)
[09:06:30]     s0171 -> 0 saved, 5 skipped (resume)
[09:06:30]     s0172 -> 0 saved, 5 skipped (resume)
[09:06:30]     s0173 -> 0 saved, 5 skipped (resume)
[09:06:30]     s0174 -> 0 saved, 5 skipped (resume)
[09:06:30]     s0175 -> 0 saved, 5 skipped (resume)
[09:06:30]     s0176 -> 0 saved, 5 skipped (resume)
[09:06:30]     s0177 -> 0 saved, 5 skipped (resume)
[09:06:30]     s0178 -> 0 saved, 5 skipped (resume)
[09:06:30]     s0179 -> 0 saved, 5 skipped (resume)
[09:06:30]     s0180 -> 0 saved, 5 skipped (resume)
[09:06:30]     s0181 -> 0 saved, 5 skipped (resume)
[09:06:30]     s0182 -> 0 saved, 5 skipped (resume)
[09:06:30]     s0183 -> 0 saved, 5 skipped (resume)
[09:06:30]     s0184 -> 0 saved, 5 skipped (resume)
[09:06:30]     s0185 -> 0 saved, 5 skipped (resume)
[09:06:30]     s0186 -> 0 saved, 5 skipped (resume)
[09:06:30]     s0187 -> 0 saved, 5 skipped (resume)
[09:06:30]     s0188 -> 0 saved, 5 skipped (resume)
[09:06:30]     s0189 -> 0 saved, 5 skipped (resume)
[09:06:30]     s0190 -> 0 saved, 5 skipped (resume)
[09:06:30]     s0191 -> 0 saved, 5 skipped (resume)
[09:06:30]     s0192 -> 0 saved, 5 skipped (resume)
[09:06:30]     s0193 -> 0 saved, 5 skipped (resume)
[09:06:30]     s0194 -> 0 saved, 5 skipped (resume)
[09:06:30]     s0195 -> 0 saved, 5 skipped (resume)
[09:06:30]     s0196 -> 0 saved, 5 skipped (resume)
[09:06:30]     s0197 -> 0 saved, 5 skipped (resume)
[09:06:30]     s0198 -> 0 saved, 5 skipped (resume)
[09:06:30]     s0199 -> 0 saved, 5 skipped (resume)
[09:06:30]   granite4:350m-h × deu_Latn (200 samples)
[09:06:30]     s0000 -> 0 saved, 5 skipped (resume)
[09:06:30]     s0001 -> 0 saved, 5 skipped (resume)
[09:06:30]     s0002 -> 0 saved, 5 skipped (resume)
[09:06:30]     s0003 -> 0 saved, 5 skipped (resume)
[09:06:30]     s0004 -> 0 saved, 5 skipped (resume)
[09:06:30]     s0005 -> 0 saved, 5 skipped (resume)
[09:06:30]     s0006 -> 0 saved, 5 skipped (resume)
[09:06:30]     s0007 -> 0 saved, 5 skipped (resume)
[09:06:30]     s0008 -> 0 saved, 5 skipped (resume)
[09:06:30]     s0009 -> 0 saved, 5 skipped (resume)
[09:06:30]     s0010 -> 0 saved, 5 skipped (resume)
[09:06:30]     s0011 -> 0 saved, 5 skipped (resume)
[09:06:30]     s0012 -> 0 saved, 5 skipped (resume)
[09:06:30]     s0013 -> 0 saved, 5 skipped (resume)
[09:06:30]     s0014 -> 0 saved, 5 skipped (resume)
[09:06:30]     s0015 -> 0 saved, 5 skipped (resume)
[09:06:30]     s0016 -> 0 saved, 5 skipped (resume)
[09:06:30]     s0017 -> 0 saved, 5 skipped (resume)
[09:06:30]     s0018 -> 0 saved, 5 skipped (resume)
[09:06:30]     s0019 -> 0 saved, 5 skipped (resume)
[09:06:30]     s0020 -> 0 saved, 5 skipped (resume)
[09:06:30]     s0021 -> 0 saved, 5 skipped (resume)
[09:06:30]     s0022 -> 0 saved, 5 skipped (resume)
[09:06:30]     s0023 -> 0 saved, 5 skipped (resume)
[09:06:30]     s0024 -> 0 saved, 5 skipped (resume)
[09:06:30]     s0025 -> 0 saved, 5 skipped (resume)
[09:06:30]     s0026 -> 0 saved, 5 skipped (resume)
[09:06:30]     s0027 -> 0 saved, 5 skipped (resume)
[09:06:30]     s0028 -> 0 saved, 5 skipped (resume)
[09:06:30]     s0029 -> 0 saved, 5 skipped (resume)
[09:06:30]     s0030 -> 0 saved, 5 skipped (resume)
[09:06:30]     s0031 -> 0 saved, 5 skipped (resume)
[09:06:30]     s0032 -> 0 saved, 5 skipped (resume)
[09:06:30]     s0033 -> 0 saved, 5 skipped (resume)
[09:06:30]     s0034 -> 0 saved, 5 skipped (resume)
[09:06:30]     s0035 -> 0 saved, 5 skipped (resume)
[09:06:30]     s0036 -> 0 saved, 5 skipped (resume)
[09:06:30]     s0037 -> 0 saved, 5 skipped (resume)
[09:06:30]     s0038 -> 0 saved, 5 skipped (resume)
[09:06:30]     s0039 -> 0 saved, 5 skipped (resume)
[09:06:30]     s0040 -> 0 saved, 5 skipped (resume)
[09:06:30]     s0041 -> 0 saved, 5 skipped (resume)
[09:06:30]     s0042 -> 0 saved, 5 skipped (resume)
[09:06:30]     s0043 -> 0 saved, 5 skipped (resume)
[09:06:30]     s0044 -> 0 saved, 5 skipped (resume)
[09:06:30]     s0045 -> 0 saved, 5 skipped (resume)
[09:06:30]     s0046 -> 0 saved, 5 skipped (resume)
[09:06:30]     s0047 -> 0 saved, 5 skipped (resume)
[09:06:30]     s0048 -> 0 saved, 5 skipped (resume)
[09:06:30]     s0049 -> 0 saved, 5 skipped (resume)
[09:06:30]     s0050 -> 0 saved, 5 skipped (resume)
[09:06:30]     s0051 -> 0 saved, 5 skipped (resume)
[09:06:30]     s0052 -> 0 saved, 5 skipped (resume)
[09:06:30]     s0053 -> 0 saved, 5 skipped (resume)
[09:06:30]     s0054 -> 0 saved, 5 skipped (resume)
[09:06:30]     s0055 -> 0 saved, 5 skipped (resume)
[09:06:30]     s0056 -> 0 saved, 5 skipped (resume)
[09:06:30]     s0057 -> 0 saved, 5 skipped (resume)
[09:06:30]     s0058 -> 0 saved, 5 skipped (resume)
[09:06:30]     s0059 -> 0 saved, 5 skipped (resume)
[09:06:30]     s0060 -> 0 saved, 5 skipped (resume)
[09:06:30]     s0061 -> 0 saved, 5 skipped (resume)
[09:06:30]     s0062 -> 0 saved, 5 skipped (resume)
[09:06:30]     s0063 -> 0 saved, 5 skipped (resume)
[09:06:30]     s0064 -> 0 saved, 5 skipped (resume)
[09:06:30]     s0065 -> 0 saved, 5 skipped (resume)
[09:06:30]     s0066 -> 0 saved, 5 skipped (resume)
[09:06:30]     s0067 -> 0 saved, 5 skipped (resume)
[09:06:30]     s0068 -> 0 saved, 5 skipped (resume)
[09:06:30]     s0069 -> 0 saved, 5 skipped (resume)
[09:06:30]     s0070 -> 0 saved, 5 skipped (resume)
[09:06:30]     s0071 -> 0 saved, 5 skipped (resume)
[09:06:30]     s0072 -> 0 saved, 5 skipped (resume)
[09:06:30]     s0073 -> 0 saved, 5 skipped (resume)
[09:06:30]     s0074 -> 0 saved, 5 skipped (resume)
[09:06:30]     s0075 -> 0 saved, 5 skipped (resume)
[09:06:30]     s0076 -> 0 saved, 5 skipped (resume)
[09:06:30]     s0077 -> 0 saved, 5 skipped (resume)
[09:06:30]     s0078 -> 0 saved, 5 skipped (resume)
[09:06:30]     s0079 -> 0 saved, 5 skipped (resume)
[09:06:30]     s0080 -> 0 saved, 5 skipped (resume)
[09:06:30]     s0081 -> 0 saved, 5 skipped (resume)
[09:06:30]     s0082 -> 0 saved, 5 skipped (resume)
[09:06:30]     s0083 -> 0 saved, 5 skipped (resume)
[09:06:30]     s0084 -> 0 saved, 5 skipped (resume)
[09:06:30]     s0085 -> 0 saved, 5 skipped (resume)
[09:06:30]     s0086 -> 0 saved, 5 skipped (resume)
[09:06:30]     s0087 -> 0 saved, 5 skipped (resume)
[09:06:30]     s0088 -> 0 saved, 5 skipped (resume)
[09:06:30]     s0089 -> 0 saved, 5 skipped (resume)
[09:06:30]     s0090 -> 0 saved, 5 skipped (resume)
[09:06:30]     s0091 -> 0 saved, 5 skipped (resume)
[09:06:30]     s0092 -> 0 saved, 5 skipped (resume)
[09:06:30]     s0093 -> 0 saved, 5 skipped (resume)
[09:06:30]     s0094 -> 0 saved, 5 skipped (resume)
[09:06:30]     s0095 -> 0 saved, 5 skipped (resume)
[09:06:30]     s0096 -> 0 saved, 5 skipped (resume)
[09:06:30]     s0097 -> 0 saved, 5 skipped (resume)
[09:06:30]     s0098 -> 0 saved, 5 skipped (resume)
[09:06:30]     s0099 -> 0 saved, 5 skipped (resume)
[09:06:30]     s0100 -> 0 saved, 5 skipped (resume)
[09:06:30]     s0101 -> 0 saved, 5 skipped (resume)
[09:06:30]     s0102 -> 0 saved, 5 skipped (resume)
[09:06:30]     s0103 -> 0 saved, 5 skipped (resume)
[09:06:30]     s0104 -> 0 saved, 5 skipped (resume)
[09:06:30]     s0105 -> 0 saved, 5 skipped (resume)
[09:06:30]     s0106 -> 0 saved, 5 skipped (resume)
[09:06:30]     s0107 -> 0 saved, 5 skipped (resume)
[09:06:30]     s0108 -> 0 saved, 5 skipped (resume)
[09:06:30]     s0109 -> 0 saved, 5 skipped (resume)
[09:06:30]     s0110 -> 0 saved, 5 skipped (resume)
[09:06:30]     s0111 -> 0 saved, 5 skipped (resume)
[09:06:30]     s0112 -> 0 saved, 5 skipped (resume)
[09:06:30]     s0113 -> 0 saved, 5 skipped (resume)
[09:06:30]     s0114 -> 0 saved, 5 skipped (resume)
[09:06:30]     s0115 -> 0 saved, 5 skipped (resume)
[09:06:30]     s0116 -> 0 saved, 5 skipped (resume)
[09:06:30]     s0117 -> 0 saved, 5 skipped (resume)
[09:06:30]     s0118 -> 0 saved, 5 skipped (resume)
[09:06:30]     s0119 -> 0 saved, 5 skipped (resume)
[09:06:30]     s0120 -> 0 saved, 5 skipped (resume)
[09:06:30]     s0121 -> 0 saved, 5 skipped (resume)
[09:06:30]     s0122 -> 0 saved, 5 skipped (resume)
[09:06:30]     s0123 -> 0 saved, 5 skipped (resume)
[09:06:30]     s0124 -> 0 saved, 5 skipped (resume)
[09:06:30]     s0125 -> 0 saved, 5 skipped (resume)
[09:06:30]     s0126 -> 0 saved, 5 skipped (resume)
[09:06:30]     s0127 -> 0 saved, 5 skipped (resume)
[09:06:30]     s0128 -> 0 saved, 5 skipped (resume)
[09:06:30]     s0129 -> 0 saved, 5 skipped (resume)
[09:06:30]     s0130 -> 0 saved, 5 skipped (resume)
[09:06:30]     s0131 -> 0 saved, 5 skipped (resume)
[09:06:30]     s0132 -> 0 saved, 5 skipped (resume)
[09:06:30]     s0133 -> 0 saved, 5 skipped (resume)
[09:06:30]     s0134 -> 0 saved, 5 skipped (resume)
[09:06:30]     s0135 -> 0 saved, 5 skipped (resume)
[09:06:30]     s0136 -> 0 saved, 5 skipped (resume)
[09:06:30]     s0137 -> 0 saved, 5 skipped (resume)
[09:06:30]     s0138 -> 0 saved, 5 skipped (resume)
[09:06:30]     s0139 -> 0 saved, 5 skipped (resume)
[09:06:30]     s0140 -> 0 saved, 5 skipped (resume)
[09:06:30]     s0141 -> 0 saved, 5 skipped (resume)
[09:06:30]     s0142 -> 0 saved, 5 skipped (resume)
[09:06:30]     s0143 -> 0 saved, 5 skipped (resume)
[09:06:30]     s0144 -> 0 saved, 5 skipped (resume)
[09:06:30]     s0145 -> 0 saved, 5 skipped (resume)
[09:06:30]     s0146 -> 0 saved, 5 skipped (resume)
[09:06:30]     s0147 -> 0 saved, 5 skipped (resume)
[09:06:30]     s0148 -> 0 saved, 5 skipped (resume)
[09:06:30]     s0149 -> 0 saved, 5 skipped (resume)
[09:06:30]     s0150 -> 0 saved, 5 skipped (resume)
[09:06:30]     s0151 -> 0 saved, 5 skipped (resume)
[09:06:30]     s0152 -> 0 saved, 5 skipped (resume)
[09:06:30]     s0153 -> 0 saved, 5 skipped (resume)
[09:06:30]     s0154 -> 0 saved, 5 skipped (resume)
[09:06:30]     s0155 -> 0 saved, 5 skipped (resume)
[09:06:30]     s0156 -> 0 saved, 5 skipped (resume)
[09:06:30]     s0157 -> 0 saved, 5 skipped (resume)
[09:06:30]     s0158 -> 0 saved, 5 skipped (resume)
[09:06:30]     s0159 -> 0 saved, 5 skipped (resume)
[09:06:30]     s0160 -> 0 saved, 5 skipped (resume)
[09:06:30]     s0161 -> 0 saved, 5 skipped (resume)
[09:06:30]     s0162 -> 0 saved, 5 skipped (resume)
[09:06:30]     s0163 -> 0 saved, 5 skipped (resume)
[09:06:30]     s0164 -> 0 saved, 5 skipped (resume)
[09:06:30]     s0165 -> 0 saved, 5 skipped (resume)
[09:06:30]     s0166 -> 0 saved, 5 skipped (resume)
[09:06:30]     s0167 -> 0 saved, 5 skipped (resume)
[09:06:30]     s0168 -> 0 saved, 5 skipped (resume)
[09:06:30]     s0169 -> 0 saved, 5 skipped (resume)
[09:06:30]     s0170 -> 0 saved, 5 skipped (resume)
[09:06:30]     s0171 -> 0 saved, 5 skipped (resume)
[09:06:30]     s0172 -> 0 saved, 5 skipped (resume)
[09:06:30]     s0173 -> 0 saved, 5 skipped (resume)
[09:06:30]     s0174 -> 0 saved, 5 skipped (resume)
[09:06:30]     s0175 -> 0 saved, 5 skipped (resume)
[09:06:30]     s0176 -> 0 saved, 5 skipped (resume)
[09:06:30]     s0177 -> 0 saved, 5 skipped (resume)
[09:06:30]     s0178 -> 0 saved, 5 skipped (resume)
[09:06:30]     s0179 -> 0 saved, 5 skipped (resume)
[09:06:30]     s0180 -> 0 saved, 5 skipped (resume)
[09:06:30]     s0181 -> 0 saved, 5 skipped (resume)
[09:06:30]     s0182 -> 0 saved, 5 skipped (resume)
[09:06:30]     s0183 -> 0 saved, 5 skipped (resume)
[09:06:30]     s0184 -> 0 saved, 5 skipped (resume)
[09:06:30]     s0185 -> 0 saved, 5 skipped (resume)
[09:06:30]     s0186 -> 0 saved, 5 skipped (resume)
[09:06:30]     s0187 -> 0 saved, 5 skipped (resume)
[09:06:30]     s0188 -> 0 saved, 5 skipped (resume)
[09:06:30]     s0189 -> 0 saved, 5 skipped (resume)
[09:06:30]     s0190 -> 0 saved, 5 skipped (resume)
[09:06:30]     s0191 -> 0 saved, 5 skipped (resume)
[09:06:30]     s0192 -> 0 saved, 5 skipped (resume)
[09:06:30]     s0193 -> 0 saved, 5 skipped (resume)
[09:06:30]     s0194 -> 0 saved, 5 skipped (resume)
[09:06:30]     s0195 -> 0 saved, 5 skipped (resume)
[09:06:30]     s0196 -> 0 saved, 5 skipped (resume)
[09:06:30]     s0197 -> 0 saved, 5 skipped (resume)
[09:06:30]     s0198 -> 0 saved, 5 skipped (resume)
[09:06:30]     s0199 -> 0 saved, 5 skipped (resume)
[09:06:30]   LiquidAI/lfm2.5-350m:latest × eng_Latn (200 samples)
[09:06:30]     s0000 -> 0 saved, 5 skipped (resume)
[09:06:30]     s0001 -> 0 saved, 5 skipped (resume)
[09:06:30]     s0002 -> 0 saved, 5 skipped (resume)
[09:06:30]     s0003 -> 0 saved, 5 skipped (resume)
[09:06:30]     s0004 -> 0 saved, 5 skipped (resume)
[09:06:30]     s0005 -> 0 saved, 5 skipped (resume)
[09:06:30]     s0006 -> 0 saved, 5 skipped (resume)
[09:06:30]     s0007 -> 0 saved, 5 skipped (resume)
[09:06:30]     s0008 -> 0 saved, 5 skipped (resume)
[09:06:30]     s0009 -> 0 saved, 5 skipped (resume)
[09:06:30]     s0010 -> 0 saved, 5 skipped (resume)
[09:06:30]     s0011 -> 0 saved, 5 skipped (resume)
[09:06:30]     s0012 -> 0 saved, 5 skipped (resume)
[09:06:30]     s0013 -> 0 saved, 5 skipped (resume)
[09:06:30]     s0014 -> 0 saved, 5 skipped (resume)
[09:06:30]     s0015 -> 0 saved, 5 skipped (resume)
[09:06:30]     s0016 -> 0 saved, 5 skipped (resume)
[09:06:30]     s0017 -> 0 saved, 5 skipped (resume)
[09:06:30]     s0018 -> 0 saved, 5 skipped (resume)
[09:06:30]     s0019 -> 0 saved, 5 skipped (resume)
[09:06:30]     s0020 -> 0 saved, 5 skipped (resume)
[09:06:30]     s0021 -> 0 saved, 5 skipped (resume)
[09:06:30]     s0022 -> 0 saved, 5 skipped (resume)
[09:06:30]     s0023 -> 0 saved, 5 skipped (resume)
[09:06:30]     s0024 -> 0 saved, 5 skipped (resume)
[09:06:30]     s0025 -> 0 saved, 5 skipped (resume)
[09:06:30]     s0026 -> 0 saved, 5 skipped (resume)
[09:06:30]     s0027 -> 0 saved, 5 skipped (resume)
[09:06:30]     s0028 -> 0 saved, 5 skipped (resume)
[09:06:30]     s0029 -> 0 saved, 5 skipped (resume)
[09:06:30]     s0030 -> 0 saved, 5 skipped (resume)
[09:06:30]     s0031 -> 0 saved, 5 skipped (resume)
[09:06:30]     s0032 -> 0 saved, 5 skipped (resume)
[09:06:30]     s0033 -> 0 saved, 5 skipped (resume)
[09:06:30]     s0034 -> 0 saved, 5 skipped (resume)
[09:06:30]     s0035 -> 0 saved, 5 skipped (resume)
[09:06:30]     s0036 -> 0 saved, 5 skipped (resume)
[09:06:30]     s0037 -> 0 saved, 5 skipped (resume)
[09:06:30]     s0038 -> 0 saved, 5 skipped (resume)
[09:06:30]     s0039 -> 0 saved, 5 skipped (resume)
[09:06:30]     s0040 -> 0 saved, 5 skipped (resume)
[09:06:30]     s0041 -> 0 saved, 5 skipped (resume)
[09:06:30]     s0042 -> 0 saved, 5 skipped (resume)
[09:06:30]     s0043 -> 0 saved, 5 skipped (resume)
[09:06:30]     s0044 -> 0 saved, 5 skipped (resume)
[09:06:30]     s0045 -> 0 saved, 5 skipped (resume)
[09:06:30]     s0046 -> 0 saved, 5 skipped (resume)
[09:06:30]     s0047 -> 0 saved, 5 skipped (resume)
[09:06:30]     s0048 -> 0 saved, 5 skipped (resume)
[09:06:30]     s0049 -> 0 saved, 5 skipped (resume)
[09:06:30]     s0050 -> 0 saved, 5 skipped (resume)
[09:06:30]     s0051 -> 0 saved, 5 skipped (resume)
[09:06:30]     s0052 -> 0 saved, 5 skipped (resume)
[09:06:30]     s0053 -> 0 saved, 5 skipped (resume)
[09:06:30]     s0054 -> 0 saved, 5 skipped (resume)
[09:06:30]     s0055 -> 0 saved, 5 skipped (resume)
[09:06:30]     s0056 -> 0 saved, 5 skipped (resume)
[09:06:30]     s0057 -> 0 saved, 5 skipped (resume)
[09:06:30]     s0058 -> 0 saved, 5 skipped (resume)
[09:06:30]     s0059 -> 0 saved, 5 skipped (resume)
[09:06:30]     s0060 -> 0 saved, 5 skipped (resume)
[09:06:30]     s0061 -> 0 saved, 5 skipped (resume)
[09:06:30]     s0062 -> 0 saved, 5 skipped (resume)
[09:06:30]     s0063 -> 0 saved, 5 skipped (resume)
[09:06:30]     s0064 -> 0 saved, 5 skipped (resume)
[09:06:30]     s0065 -> 0 saved, 5 skipped (resume)
[09:06:30]     s0066 -> 0 saved, 5 skipped (resume)
[09:06:30]     s0067 -> 0 saved, 5 skipped (resume)
[09:06:30]     s0068 -> 0 saved, 5 skipped (resume)
[09:06:30]     s0069 -> 0 saved, 5 skipped (resume)
[09:06:30]     s0070 -> 0 saved, 5 skipped (resume)
[09:06:30]     s0071 -> 0 saved, 5 skipped (resume)
[09:06:30]     s0072 -> 0 saved, 5 skipped (resume)
[09:06:30]     s0073 -> 0 saved, 5 skipped (resume)
[09:06:30]     s0074 -> 0 saved, 5 skipped (resume)
[09:06:30]     s0075 -> 0 saved, 5 skipped (resume)
[09:06:30]     s0076 -> 0 saved, 5 skipped (resume)
[09:06:30]     s0077 -> 0 saved, 5 skipped (resume)
[09:06:30]     s0078 -> 0 saved, 5 skipped (resume)
[09:06:30]     s0079 -> 0 saved, 5 skipped (resume)
[09:06:30]     s0080 -> 0 saved, 5 skipped (resume)
[09:06:30]     s0081 -> 0 saved, 5 skipped (resume)
[09:06:30]     s0082 -> 0 saved, 5 skipped (resume)
[09:06:30]     s0083 -> 0 saved, 5 skipped (resume)
[09:06:30]     s0084 -> 0 saved, 5 skipped (resume)
[09:06:30]     s0085 -> 0 saved, 5 skipped (resume)
[09:06:30]     s0086 -> 0 saved, 5 skipped (resume)
[09:06:30]     s0087 -> 0 saved, 5 skipped (resume)
[09:06:30]     s0088 -> 0 saved, 5 skipped (resume)
[09:06:30]     s0089 -> 0 saved, 5 skipped (resume)
[09:06:30]     s0090 -> 0 saved, 5 skipped (resume)
[09:06:30]     s0091 -> 0 saved, 5 skipped (resume)
[09:06:30]     s0092 -> 0 saved, 5 skipped (resume)
[09:06:30]     s0093 -> 0 saved, 5 skipped (resume)
[09:06:30]     s0094 -> 0 saved, 5 skipped (resume)
[09:06:30]     s0095 -> 0 saved, 5 skipped (resume)
[09:06:30]     s0096 -> 0 saved, 5 skipped (resume)
[09:06:30]     s0097 -> 0 saved, 5 skipped (resume)
[09:06:30]     s0098 -> 0 saved, 5 skipped (resume)
[09:06:30]     s0099 -> 0 saved, 5 skipped (resume)
[09:06:30]     s0100 -> 0 saved, 5 skipped (resume)
[09:06:30]     s0101 -> 0 saved, 5 skipped (resume)
[09:06:30]     s0102 -> 0 saved, 5 skipped (resume)
[09:06:30]     s0103 -> 0 saved, 5 skipped (resume)
[09:06:30]     s0104 -> 0 saved, 5 skipped (resume)
[09:06:30]     s0105 -> 0 saved, 5 skipped (resume)
[09:06:30]     s0106 -> 0 saved, 5 skipped (resume)
[09:06:30]     s0107 -> 0 saved, 5 skipped (resume)
[09:06:30]     s0108 -> 0 saved, 5 skipped (resume)
[09:06:30]     s0109 -> 0 saved, 5 skipped (resume)
[09:06:30]     s0110 -> 0 saved, 5 skipped (resume)
[09:06:30]     s0111 -> 0 saved, 5 skipped (resume)
[09:06:30]     s0112 -> 0 saved, 5 skipped (resume)
[09:06:30]     s0113 -> 0 saved, 5 skipped (resume)
[09:06:30]     s0114 -> 0 saved, 5 skipped (resume)
[09:06:30]     s0115 -> 0 saved, 5 skipped (resume)
[09:06:30]     s0116 -> 0 saved, 5 skipped (resume)
[09:06:30]     s0117 -> 0 saved, 5 skipped (resume)
[09:06:30]     s0118 -> 0 saved, 5 skipped (resume)
[09:06:30]     s0119 -> 0 saved, 5 skipped (resume)
[09:06:30]     s0120 -> 0 saved, 5 skipped (resume)
[09:06:30]     s0121 -> 0 saved, 5 skipped (resume)
[09:06:30]     s0122 -> 0 saved, 5 skipped (resume)
[09:06:30]     s0123 -> 0 saved, 5 skipped (resume)
[09:06:30]     s0124 -> 0 saved, 5 skipped (resume)
[09:06:30]     s0125 -> 0 saved, 5 skipped (resume)
[09:06:30]     s0126 -> 0 saved, 5 skipped (resume)
[09:06:30]     s0127 -> 0 saved, 5 skipped (resume)
[09:06:30]     s0128 -> 0 saved, 5 skipped (resume)
[09:06:30]     s0129 -> 0 saved, 5 skipped (resume)
[09:06:30]     s0130 -> 0 saved, 5 skipped (resume)
[09:06:30]     s0131 -> 0 saved, 5 skipped (resume)
[09:06:30]     s0132 -> 0 saved, 5 skipped (resume)
[09:06:30]     s0133 -> 0 saved, 5 skipped (resume)
[09:06:30]     s0134 -> 0 saved, 5 skipped (resume)
[09:06:30]     s0135 -> 0 saved, 5 skipped (resume)
[09:06:30]     s0136 -> 0 saved, 5 skipped (resume)
[09:06:30]     s0137 -> 0 saved, 5 skipped (resume)
[09:06:30]     s0138 -> 0 saved, 5 skipped (resume)
[09:06:30]     s0139 -> 0 saved, 5 skipped (resume)
[09:06:30]     s0140 -> 0 saved, 5 skipped (resume)
[09:06:30]     s0141 -> 0 saved, 5 skipped (resume)
[09:06:30]     s0142 -> 0 saved, 5 skipped (resume)
[09:06:30]     s0143 -> 0 saved, 5 skipped (resume)
[09:06:30]     s0144 -> 0 saved, 5 skipped (resume)
[09:06:30]     s0145 -> 0 saved, 5 skipped (resume)
[09:06:30]     s0146 -> 0 saved, 5 skipped (resume)
[09:06:30]     s0147 -> 0 saved, 5 skipped (resume)
[09:06:30]     s0148 -> 0 saved, 5 skipped (resume)
[09:06:30]     s0149 -> 0 saved, 5 skipped (resume)
[09:06:30]     s0150 -> 0 saved, 5 skipped (resume)
[09:06:30]     s0151 -> 0 saved, 5 skipped (resume)
[09:06:30]     s0152 -> 0 saved, 5 skipped (resume)
[09:06:30]     s0153 -> 0 saved, 5 skipped (resume)
[09:06:30]     s0154 -> 0 saved, 5 skipped (resume)
[09:06:30]     s0155 -> 0 saved, 5 skipped (resume)
[09:06:30]     s0156 -> 0 saved, 5 skipped (resume)
[09:06:30]     s0157 -> 0 saved, 5 skipped (resume)
[09:06:30]     s0158 -> 0 saved, 5 skipped (resume)
[09:06:30]     s0159 -> 0 saved, 5 skipped (resume)
[09:06:30]     s0160 -> 0 saved, 5 skipped (resume)
[09:06:30]     s0161 -> 0 saved, 5 skipped (resume)
[09:06:30]     s0162 -> 0 saved, 5 skipped (resume)
[09:06:30]     s0163 -> 0 saved, 5 skipped (resume)
[09:06:30]     s0164 -> 0 saved, 5 skipped (resume)
[09:06:30]     s0165 -> 0 saved, 5 skipped (resume)
[09:06:30]     s0166 -> 0 saved, 5 skipped (resume)
[09:06:30]     s0167 -> 0 saved, 5 skipped (resume)
[09:06:30]     s0168 -> 0 saved, 5 skipped (resume)
[09:06:30]     s0169 -> 0 saved, 5 skipped (resume)
[09:06:30]     s0170 -> 0 saved, 5 skipped (resume)
[09:06:30]     s0171 -> 0 saved, 5 skipped (resume)
[09:06:30]     s0172 -> 0 saved, 5 skipped (resume)
[09:06:30]     s0173 -> 0 saved, 5 skipped (resume)
[09:06:30]     s0174 -> 0 saved, 5 skipped (resume)
[09:06:30]     s0175 -> 0 saved, 5 skipped (resume)
[09:06:30]     s0176 -> 0 saved, 5 skipped (resume)
[09:06:30]     s0177 -> 0 saved, 5 skipped (resume)
[09:06:30]     s0178 -> 0 saved, 5 skipped (resume)
[09:06:30]     s0179 -> 0 saved, 5 skipped (resume)
[09:06:30]     s0180 -> 0 saved, 5 skipped (resume)
[09:06:30]     s0181 -> 0 saved, 5 skipped (resume)
[09:06:30]     s0182 -> 0 saved, 5 skipped (resume)
[09:06:30]     s0183 -> 0 saved, 5 skipped (resume)
[09:06:30]     s0184 -> 0 saved, 5 skipped (resume)
[09:06:30]     s0185 -> 0 saved, 5 skipped (resume)
[09:06:30]     s0186 -> 0 saved, 5 skipped (resume)
[09:06:30]     s0187 -> 0 saved, 5 skipped (resume)
[09:06:30]     s0188 -> 0 saved, 5 skipped (resume)
[09:06:30]     s0189 -> 0 saved, 5 skipped (resume)
[09:06:30]     s0190 -> 0 saved, 5 skipped (resume)
[09:06:30]     s0191 -> 0 saved, 5 skipped (resume)
[09:06:30]     s0192 -> 0 saved, 5 skipped (resume)
[09:06:30]     s0193 -> 0 saved, 5 skipped (resume)
[09:06:30]     s0194 -> 0 saved, 5 skipped (resume)
[09:06:30]     s0195 -> 0 saved, 5 skipped (resume)
[09:06:30]     s0196 -> 0 saved, 5 skipped (resume)
[09:06:30]     s0197 -> 0 saved, 5 skipped (resume)
[09:06:30]     s0198 -> 0 saved, 5 skipped (resume)
[09:06:30]     s0199 -> 0 saved, 5 skipped (resume)
[09:06:30]   LiquidAI/lfm2.5-350m:latest × zho_Hans (200 samples)
[09:06:30]     s0000 -> 0 saved, 5 skipped (resume)
[09:06:30]     s0001 -> 0 saved, 5 skipped (resume)
[09:06:30]     s0002 -> 0 saved, 5 skipped (resume)
[09:06:30]     s0003 -> 0 saved, 5 skipped (resume)
[09:06:30]     s0004 -> 0 saved, 5 skipped (resume)
[09:06:30]     s0005 -> 0 saved, 5 skipped (resume)
[09:06:30]     s0006 -> 0 saved, 5 skipped (resume)
[09:06:30]     s0007 -> 0 saved, 5 skipped (resume)
[09:06:30]     s0008 -> 0 saved, 5 skipped (resume)
[09:06:30]     s0009 -> 0 saved, 5 skipped (resume)
[09:06:30]     s0010 -> 0 saved, 5 skipped (resume)
[09:06:30]     s0011 -> 0 saved, 5 skipped (resume)
[09:06:30]     s0012 -> 0 saved, 5 skipped (resume)
[09:06:30]     s0013 -> 0 saved, 5 skipped (resume)
[09:06:30]     s0014 -> 0 saved, 5 skipped (resume)
[09:06:30]     s0015 -> 0 saved, 5 skipped (resume)
[09:06:30]     s0016 -> 0 saved, 5 skipped (resume)
[09:06:30]     s0017 -> 0 saved, 5 skipped (resume)
[09:06:30]     s0018 -> 0 saved, 5 skipped (resume)
[09:06:30]     s0019 -> 0 saved, 5 skipped (resume)
[09:06:30]     s0020 -> 0 saved, 5 skipped (resume)
[09:06:30]     s0021 -> 0 saved, 5 skipped (resume)
[09:06:30]     s0022 -> 0 saved, 5 skipped (resume)
[09:06:30]     s0023 -> 0 saved, 5 skipped (resume)
[09:06:30]     s0024 -> 0 saved, 5 skipped (resume)
[09:06:30]     s0025 -> 0 saved, 5 skipped (resume)
[09:06:30]     s0026 -> 0 saved, 5 skipped (resume)
[09:06:30]     s0027 -> 0 saved, 5 skipped (resume)
[09:06:30]     s0028 -> 0 saved, 5 skipped (resume)
[09:06:30]     s0029 -> 0 saved, 5 skipped (resume)
[09:06:30]     s0030 -> 0 saved, 5 skipped (resume)
[09:06:30]     s0031 -> 0 saved, 5 skipped (resume)
[09:06:30]     s0032 -> 0 saved, 5 skipped (resume)
[09:06:30]     s0033 -> 0 saved, 5 skipped (resume)
[09:06:30]     s0034 -> 0 saved, 5 skipped (resume)
[09:06:30]     s0035 -> 0 saved, 5 skipped (resume)
[09:06:30]     s0036 -> 0 saved, 5 skipped (resume)
[09:06:30]     s0037 -> 0 saved, 5 skipped (resume)
[09:06:30]     s0038 -> 0 saved, 5 skipped (resume)
[09:06:30]     s0039 -> 0 saved, 5 skipped (resume)
[09:06:30]     s0040 -> 0 saved, 5 skipped (resume)
[09:06:30]     s0041 -> 0 saved, 5 skipped (resume)
[09:06:30]     s0042 -> 0 saved, 5 skipped (resume)
[09:06:30]     s0043 -> 0 saved, 5 skipped (resume)
[09:06:30]     s0044 -> 0 saved, 5 skipped (resume)
[09:06:30]     s0045 -> 0 saved, 5 skipped (resume)
[09:06:30]     s0046 -> 0 saved, 5 skipped (resume)
[09:06:30]     s0047 -> 0 saved, 5 skipped (resume)
[09:06:30]     s0048 -> 0 saved, 5 skipped (resume)
[09:06:30]     s0049 -> 0 saved, 5 skipped (resume)
[09:06:30]     s0050 -> 0 saved, 5 skipped (resume)
[09:06:30]     s0051 -> 0 saved, 5 skipped (resume)
[09:06:30]     s0052 -> 0 saved, 5 skipped (resume)
[09:06:30]     s0053 -> 0 saved, 5 skipped (resume)
[09:06:30]     s0054 -> 0 saved, 5 skipped (resume)
[09:06:30]     s0055 -> 0 saved, 5 skipped (resume)
[09:06:30]     s0056 -> 0 saved, 5 skipped (resume)
[09:06:30]     s0057 -> 0 saved, 5 skipped (resume)
[09:06:30]     s0058 -> 0 saved, 5 skipped (resume)
[09:06:30]     s0059 -> 0 saved, 5 skipped (resume)
[09:06:30]     s0060 -> 0 saved, 5 skipped (resume)
[09:06:30]     s0061 -> 0 saved, 5 skipped (resume)
[09:06:30]     s0062 -> 0 saved, 5 skipped (resume)
[09:06:30]     s0063 -> 0 saved, 5 skipped (resume)
[09:06:30]     s0064 -> 0 saved, 5 skipped (resume)
[09:06:30]     s0065 -> 0 saved, 5 skipped (resume)
[09:06:30]     s0066 -> 0 saved, 5 skipped (resume)
[09:06:30]     s0067 -> 0 saved, 5 skipped (resume)
[09:06:30]     s0068 -> 0 saved, 5 skipped (resume)
[09:06:30]     s0069 -> 0 saved, 5 skipped (resume)
[09:06:30]     s0070 -> 0 saved, 5 skipped (resume)
[09:06:30]     s0071 -> 0 saved, 5 skipped (resume)
[09:06:30]     s0072 -> 0 saved, 5 skipped (resume)
[09:06:30]     s0073 -> 0 saved, 5 skipped (resume)
[09:06:30]     s0074 -> 0 saved, 5 skipped (resume)
[09:06:30]     s0075 -> 0 saved, 5 skipped (resume)
[09:06:30]     s0076 -> 0 saved, 5 skipped (resume)
[09:06:30]     s0077 -> 0 saved, 5 skipped (resume)
[09:06:30]     s0078 -> 0 saved, 5 skipped (resume)
[09:06:30]     s0079 -> 0 saved, 5 skipped (resume)
[09:06:30]     s0080 -> 0 saved, 5 skipped (resume)
[09:06:30]     s0081 -> 0 saved, 5 skipped (resume)
[09:06:30]     s0082 -> 0 saved, 5 skipped (resume)
[09:06:30]     s0083 -> 0 saved, 5 skipped (resume)
[09:06:30]     s0084 -> 0 saved, 5 skipped (resume)
[09:06:30]     s0085 -> 0 saved, 5 skipped (resume)
[09:06:30]     s0086 -> 0 saved, 5 skipped (resume)
[09:06:30]     s0087 -> 0 saved, 5 skipped (resume)
[09:06:30]     s0088 -> 0 saved, 5 skipped (resume)
[09:06:30]     s0089 -> 0 saved, 5 skipped (resume)
[09:06:30]     s0090 -> 0 saved, 5 skipped (resume)
[09:06:30]     s0091 -> 0 saved, 5 skipped (resume)
[09:06:30]     s0092 -> 0 saved, 5 skipped (resume)
[09:06:30]     s0093 -> 0 saved, 5 skipped (resume)
[09:06:30]     s0094 -> 0 saved, 5 skipped (resume)
[09:06:30]     s0095 -> 0 saved, 5 skipped (resume)
[09:06:30]     s0096 -> 0 saved, 5 skipped (resume)
[09:06:30]     s0097 -> 0 saved, 5 skipped (resume)
[09:06:30]     s0098 -> 0 saved, 5 skipped (resume)
[09:06:30]     s0099 -> 0 saved, 5 skipped (resume)
[09:06:30]     s0100 -> 0 saved, 5 skipped (resume)
[09:06:30]     s0101 -> 0 saved, 5 skipped (resume)
[09:06:30]     s0102 -> 0 saved, 5 skipped (resume)
[09:06:30]     s0103 -> 0 saved, 5 skipped (resume)
[09:06:30]     s0104 -> 0 saved, 5 skipped (resume)
[09:06:30]     s0105 -> 0 saved, 5 skipped (resume)
[09:06:30]     s0106 -> 0 saved, 5 skipped (resume)
[09:06:30]     s0107 -> 0 saved, 5 skipped (resume)
[09:06:30]     s0108 -> 0 saved, 5 skipped (resume)
[09:06:30]     s0109 -> 0 saved, 5 skipped (resume)
[09:06:30]     s0110 -> 0 saved, 5 skipped (resume)
[09:06:30]     s0111 -> 0 saved, 5 skipped (resume)
[09:06:30]     s0112 -> 0 saved, 5 skipped (resume)
[09:06:30]     s0113 -> 0 saved, 5 skipped (resume)
[09:06:30]     s0114 -> 0 saved, 5 skipped (resume)
[09:06:30]     s0115 -> 0 saved, 5 skipped (resume)
[09:06:30]     s0116 -> 0 saved, 5 skipped (resume)
[09:06:30]     s0117 -> 0 saved, 5 skipped (resume)
[09:06:30]     s0118 -> 0 saved, 5 skipped (resume)
[09:06:30]     s0119 -> 0 saved, 5 skipped (resume)
[09:06:30]     s0120 -> 0 saved, 5 skipped (resume)
[09:06:30]     s0121 -> 0 saved, 5 skipped (resume)
[09:06:30]     s0122 -> 0 saved, 5 skipped (resume)
[09:06:30]     s0123 -> 0 saved, 5 skipped (resume)
[09:06:30]     s0124 -> 0 saved, 5 skipped (resume)
[09:06:30]     s0125 -> 0 saved, 5 skipped (resume)
[09:06:30]     s0126 -> 0 saved, 5 skipped (resume)
[09:06:30]     s0127 -> 0 saved, 5 skipped (resume)
[09:06:30]     s0128 -> 0 saved, 5 skipped (resume)
[09:06:30]     s0129 -> 0 saved, 5 skipped (resume)
[09:06:30]     s0130 -> 0 saved, 5 skipped (resume)
[09:06:30]     s0131 -> 0 saved, 5 skipped (resume)
[09:06:30]     s0132 -> 0 saved, 5 skipped (resume)
[09:06:30]     s0133 -> 0 saved, 5 skipped (resume)
[09:06:30]     s0134 -> 0 saved, 5 skipped (resume)
[09:06:30]     s0135 -> 0 saved, 5 skipped (resume)
[09:06:30]     s0136 -> 0 saved, 5 skipped (resume)
[09:06:30]     s0137 -> 0 saved, 5 skipped (resume)
[09:06:30]     s0138 -> 0 saved, 5 skipped (resume)
[09:06:30]     s0139 -> 0 saved, 5 skipped (resume)
[09:06:30]     s0140 -> 0 saved, 5 skipped (resume)
[09:06:30]     s0141 -> 0 saved, 5 skipped (resume)
[09:06:30]     s0142 -> 0 saved, 5 skipped (resume)
[09:06:30]     s0143 -> 0 saved, 5 skipped (resume)
[09:06:30]     s0144 -> 0 saved, 5 skipped (resume)
[09:06:30]     s0145 -> 0 saved, 5 skipped (resume)
[09:06:30]     s0146 -> 0 saved, 5 skipped (resume)
[09:06:30]     s0147 -> 0 saved, 5 skipped (resume)
[09:06:30]     s0148 -> 0 saved, 5 skipped (resume)
[09:06:30]     s0149 -> 0 saved, 5 skipped (resume)
[09:06:30]     s0150 -> 0 saved, 5 skipped (resume)
[09:06:30]     s0151 -> 0 saved, 5 skipped (resume)
[09:06:30]     s0152 -> 0 saved, 5 skipped (resume)
[09:06:30]     s0153 -> 0 saved, 5 skipped (resume)
[09:06:30]     s0154 -> 0 saved, 5 skipped (resume)
[09:06:30]     s0155 -> 0 saved, 5 skipped (resume)
[09:06:30]     s0156 -> 0 saved, 5 skipped (resume)
[09:06:30]     s0157 -> 0 saved, 5 skipped (resume)
[09:06:30]     s0158 -> 0 saved, 5 skipped (resume)
[09:06:30]     s0159 -> 0 saved, 5 skipped (resume)
[09:06:30]     s0160 -> 0 saved, 5 skipped (resume)
[09:06:30]     s0161 -> 0 saved, 5 skipped (resume)
[09:06:30]     s0162 -> 0 saved, 5 skipped (resume)
[09:06:30]     s0163 -> 0 saved, 5 skipped (resume)
[09:06:30]     s0164 -> 0 saved, 5 skipped (resume)
[09:06:30]     s0165 -> 0 saved, 5 skipped (resume)
[09:06:30]     s0166 -> 0 saved, 5 skipped (resume)
[09:06:30]     s0167 -> 0 saved, 5 skipped (resume)
[09:06:30]     s0168 -> 0 saved, 5 skipped (resume)
[09:06:30]     s0169 -> 0 saved, 5 skipped (resume)
[09:06:30]     s0170 -> 0 saved, 5 skipped (resume)
[09:06:30]     s0171 -> 0 saved, 5 skipped (resume)
[09:06:30]     s0172 -> 0 saved, 5 skipped (resume)
[09:06:30]     s0173 -> 0 saved, 5 skipped (resume)
[09:06:30]     s0174 -> 0 saved, 5 skipped (resume)
[09:06:30]     s0175 -> 0 saved, 5 skipped (resume)
[09:06:30]     s0176 -> 0 saved, 5 skipped (resume)
[09:06:30]     s0177 -> 0 saved, 5 skipped (resume)
[09:06:30]     s0178 -> 0 saved, 5 skipped (resume)
[09:06:30]     s0179 -> 0 saved, 5 skipped (resume)
[09:06:30]     s0180 -> 0 saved, 5 skipped (resume)
[09:06:30]     s0181 -> 0 saved, 5 skipped (resume)
[09:06:30]     s0182 -> 0 saved, 5 skipped (resume)
[09:06:30]     s0183 -> 0 saved, 5 skipped (resume)
[09:06:30]     s0184 -> 0 saved, 5 skipped (resume)
[09:06:30]     s0185 -> 0 saved, 5 skipped (resume)
[09:06:30]     s0186 -> 0 saved, 5 skipped (resume)
[09:06:30]     s0187 -> 0 saved, 5 skipped (resume)
[09:06:30]     s0188 -> 0 saved, 5 skipped (resume)
[09:06:30]     s0189 -> 0 saved, 5 skipped (resume)
[09:06:30]     s0190 -> 0 saved, 5 skipped (resume)
[09:06:30]     s0191 -> 0 saved, 5 skipped (resume)
[09:06:30]     s0192 -> 0 saved, 5 skipped (resume)
[09:06:30]     s0193 -> 0 saved, 5 skipped (resume)
[09:06:30]     s0194 -> 0 saved, 5 skipped (resume)
[09:06:30]     s0195 -> 0 saved, 5 skipped (resume)
[09:06:30]     s0196 -> 0 saved, 5 skipped (resume)
[09:06:30]     s0197 -> 0 saved, 5 skipped (resume)
[09:06:30]     s0198 -> 0 saved, 5 skipped (resume)
[09:06:30]     s0199 -> 0 saved, 5 skipped (resume)
[09:06:30]   LiquidAI/lfm2.5-350m:latest × jpn_Jpan (200 samples)
[09:06:30]     s0000 -> 0 saved, 5 skipped (resume)
[09:06:30]     s0001 -> 0 saved, 5 skipped (resume)
[09:06:30]     s0002 -> 0 saved, 5 skipped (resume)
[09:06:30]     s0003 -> 0 saved, 5 skipped (resume)
[09:06:30]     s0004 -> 0 saved, 5 skipped (resume)
[09:06:30]     s0005 -> 0 saved, 5 skipped (resume)
[09:06:30]     s0006 -> 0 saved, 5 skipped (resume)
[09:06:30]     s0007 -> 0 saved, 5 skipped (resume)
[09:06:30]     s0008 -> 0 saved, 5 skipped (resume)
[09:06:30]     s0009 -> 0 saved, 5 skipped (resume)
[09:06:30]     s0010 -> 0 saved, 5 skipped (resume)
[09:06:30]     s0011 -> 0 saved, 5 skipped (resume)
[09:06:30]     s0012 -> 0 saved, 5 skipped (resume)
[09:06:30]     s0013 -> 0 saved, 5 skipped (resume)
[09:06:30]     s0014 -> 0 saved, 5 skipped (resume)
[09:06:30]     s0015 -> 0 saved, 5 skipped (resume)
[09:06:30]     s0016 -> 0 saved, 5 skipped (resume)
[09:06:30]     s0017 -> 0 saved, 5 skipped (resume)
[09:06:30]     s0018 -> 0 saved, 5 skipped (resume)
[09:06:30]     s0019 -> 0 saved, 5 skipped (resume)
[09:06:30]     s0020 -> 0 saved, 5 skipped (resume)
[09:06:30]     s0021 -> 0 saved, 5 skipped (resume)
[09:06:30]     s0022 -> 0 saved, 5 skipped (resume)
[09:06:30]     s0023 -> 0 saved, 5 skipped (resume)
[09:06:30]     s0024 -> 0 saved, 5 skipped (resume)
[09:06:30]     s0025 -> 0 saved, 5 skipped (resume)
[09:06:30]     s0026 -> 0 saved, 5 skipped (resume)
[09:06:30]     s0027 -> 0 saved, 5 skipped (resume)
[09:06:30]     s0028 -> 0 saved, 5 skipped (resume)
[09:06:30]     s0029 -> 0 saved, 5 skipped (resume)
[09:06:30]     s0030 -> 0 saved, 5 skipped (resume)
[09:06:30]     s0031 -> 0 saved, 5 skipped (resume)
[09:06:30]     s0032 -> 0 saved, 5 skipped (resume)
[09:06:30]     s0033 -> 0 saved, 5 skipped (resume)
[09:06:30]     s0034 -> 0 saved, 5 skipped (resume)
[09:06:30]     s0035 -> 0 saved, 5 skipped (resume)
[09:06:30]     s0036 -> 0 saved, 5 skipped (resume)
[09:06:30]     s0037 -> 0 saved, 5 skipped (resume)
[09:06:30]     s0038 -> 0 saved, 5 skipped (resume)
[09:06:30]     s0039 -> 0 saved, 5 skipped (resume)
[09:06:30]     s0040 -> 0 saved, 5 skipped (resume)
[09:06:30]     s0041 -> 0 saved, 5 skipped (resume)
[09:06:30]     s0042 -> 0 saved, 5 skipped (resume)
[09:06:30]     s0043 -> 0 saved, 5 skipped (resume)
[09:06:30]     s0044 -> 0 saved, 5 skipped (resume)
[09:06:30]     s0045 -> 0 saved, 5 skipped (resume)
[09:06:30]     s0046 -> 0 saved, 5 skipped (resume)
[09:06:30]     s0047 -> 0 saved, 5 skipped (resume)
[09:06:30]     s0048 -> 0 saved, 5 skipped (resume)
[09:06:30]     s0049 -> 0 saved, 5 skipped (resume)
[09:06:30]     s0050 -> 0 saved, 5 skipped (resume)
[09:06:30]     s0051 -> 0 saved, 5 skipped (resume)
[09:06:30]     s0052 -> 0 saved, 5 skipped (resume)
[09:06:30]     s0053 -> 0 saved, 5 skipped (resume)
[09:06:30]     s0054 -> 0 saved, 5 skipped (resume)
[09:06:30]     s0055 -> 0 saved, 5 skipped (resume)
[09:06:30]     s0056 -> 0 saved, 5 skipped (resume)
[09:06:30]     s0057 -> 0 saved, 5 skipped (resume)
[09:06:30]     s0058 -> 0 saved, 5 skipped (resume)
[09:06:30]     s0059 -> 0 saved, 5 skipped (resume)
[09:06:30]     s0060 -> 0 saved, 5 skipped (resume)
[09:06:30]     s0061 -> 0 saved, 5 skipped (resume)
[09:06:30]     s0062 -> 0 saved, 5 skipped (resume)
[09:06:30]     s0063 -> 0 saved, 5 skipped (resume)
[09:06:30]     s0064 -> 0 saved, 5 skipped (resume)
[09:06:30]     s0065 -> 0 saved, 5 skipped (resume)
[09:06:30]     s0066 -> 0 saved, 5 skipped (resume)
[09:06:30]     s0067 -> 0 saved, 5 skipped (resume)
[09:06:30]     s0068 -> 0 saved, 5 skipped (resume)
[09:06:30]     s0069 -> 0 saved, 5 skipped (resume)
[09:06:30]     s0070 -> 0 saved, 5 skipped (resume)
[09:06:30]     s0071 -> 0 saved, 5 skipped (resume)
[09:06:30]     s0072 -> 0 saved, 5 skipped (resume)
[09:06:30]     s0073 -> 0 saved, 5 skipped (resume)
[09:06:30]     s0074 -> 0 saved, 5 skipped (resume)
[09:06:30]     s0075 -> 0 saved, 5 skipped (resume)
[09:06:30]     s0076 -> 0 saved, 5 skipped (resume)
[09:06:30]     s0077 -> 0 saved, 5 skipped (resume)
[09:06:30]     s0078 -> 0 saved, 5 skipped (resume)
[09:06:30]     s0079 -> 0 saved, 5 skipped (resume)
[09:06:30]     s0080 -> 0 saved, 5 skipped (resume)
[09:06:30]     s0081 -> 0 saved, 5 skipped (resume)
[09:06:30]     s0082 -> 0 saved, 5 skipped (resume)
[09:06:30]     s0083 -> 0 saved, 5 skipped (resume)
[09:06:30]     s0084 -> 0 saved, 5 skipped (resume)
[09:06:30]     s0085 -> 0 saved, 5 skipped (resume)
[09:06:30]     s0086 -> 0 saved, 5 skipped (resume)
[09:06:30]     s0087 -> 0 saved, 5 skipped (resume)
[09:06:30]     s0088 -> 0 saved, 5 skipped (resume)
[09:06:30]     s0089 -> 0 saved, 5 skipped (resume)
[09:06:30]     s0090 -> 0 saved, 5 skipped (resume)
[09:06:30]     s0091 -> 0 saved, 5 skipped (resume)
[09:06:30]     s0092 -> 0 saved, 5 skipped (resume)
[09:06:30]     s0093 -> 0 saved, 5 skipped (resume)
[09:06:30]     s0094 -> 0 saved, 5 skipped (resume)
[09:06:30]     s0095 -> 0 saved, 5 skipped (resume)
[09:06:30]     s0096 -> 0 saved, 5 skipped (resume)
[09:06:30]     s0097 -> 0 saved, 5 skipped (resume)
[09:06:30]     s0098 -> 0 saved, 5 skipped (resume)
[09:06:30]     s0099 -> 0 saved, 5 skipped (resume)
[09:06:30]     s0100 -> 0 saved, 5 skipped (resume)
[09:06:30]     s0101 -> 0 saved, 5 skipped (resume)
[09:06:30]     s0102 -> 0 saved, 5 skipped (resume)
[09:06:30]     s0103 -> 0 saved, 5 skipped (resume)
[09:06:30]     s0104 -> 0 saved, 5 skipped (resume)
[09:06:30]     s0105 -> 0 saved, 5 skipped (resume)
[09:06:30]     s0106 -> 0 saved, 5 skipped (resume)
[09:06:30]     s0107 -> 0 saved, 5 skipped (resume)
[09:06:30]     s0108 -> 0 saved, 5 skipped (resume)
[09:06:30]     s0109 -> 0 saved, 5 skipped (resume)
[09:06:30]     s0110 -> 0 saved, 5 skipped (resume)
[09:06:30]     s0111 -> 0 saved, 5 skipped (resume)
[09:06:30]     s0112 -> 0 saved, 5 skipped (resume)
[09:06:30]     s0113 -> 0 saved, 5 skipped (resume)
[09:06:30]     s0114 -> 0 saved, 5 skipped (resume)
[09:06:30]     s0115 -> 0 saved, 5 skipped (resume)
[09:06:30]     s0116 -> 0 saved, 5 skipped (resume)
[09:06:30]     s0117 -> 0 saved, 5 skipped (resume)
[09:06:30]     s0118 -> 0 saved, 5 skipped (resume)
[09:06:30]     s0119 -> 0 saved, 5 skipped (resume)
[09:06:30]     s0120 -> 0 saved, 5 skipped (resume)
[09:06:30]     s0121 -> 0 saved, 5 skipped (resume)
[09:06:30]     s0122 -> 0 saved, 5 skipped (resume)
[09:06:30]     s0123 -> 0 saved, 5 skipped (resume)
[09:06:30]     s0124 -> 0 saved, 5 skipped (resume)
[09:06:30]     s0125 -> 0 saved, 5 skipped (resume)
[09:06:30]     s0126 -> 0 saved, 5 skipped (resume)
[09:06:30]     s0127 -> 0 saved, 5 skipped (resume)
[09:06:30]     s0128 -> 0 saved, 5 skipped (resume)
[09:06:30]     s0129 -> 0 saved, 5 skipped (resume)
[09:06:30]     s0130 -> 0 saved, 5 skipped (resume)
[09:06:30]     s0131 -> 0 saved, 5 skipped (resume)
[09:06:30]     s0132 -> 0 saved, 5 skipped (resume)
[09:06:30]     s0133 -> 0 saved, 5 skipped (resume)
[09:06:30]     s0134 -> 0 saved, 5 skipped (resume)
[09:06:30]     s0135 -> 0 saved, 5 skipped (resume)
[09:06:30]     s0136 -> 0 saved, 5 skipped (resume)
[09:06:30]     s0137 -> 0 saved, 5 skipped (resume)
[09:06:30]     s0138 -> 0 saved, 5 skipped (resume)
[09:06:30]     s0139 -> 0 saved, 5 skipped (resume)
[09:06:30]     s0140 -> 0 saved, 5 skipped (resume)
[09:06:30]     s0141 -> 0 saved, 5 skipped (resume)
[09:06:30]     s0142 -> 0 saved, 5 skipped (resume)
[09:06:30]     s0143 -> 0 saved, 5 skipped (resume)
[09:06:30]     s0144 -> 0 saved, 5 skipped (resume)
[09:06:30]     s0145 -> 0 saved, 5 skipped (resume)
[09:06:30]     s0146 -> 0 saved, 5 skipped (resume)
[09:06:30]     s0147 -> 0 saved, 5 skipped (resume)
[09:06:30]     s0148 -> 0 saved, 5 skipped (resume)
[09:06:30]     s0149 -> 0 saved, 5 skipped (resume)
[09:06:30]     s0150 -> 0 saved, 5 skipped (resume)
[09:06:30]     s0151 -> 0 saved, 5 skipped (resume)
[09:06:30]     s0152 -> 0 saved, 5 skipped (resume)
[09:06:30]     s0153 -> 0 saved, 5 skipped (resume)
[09:06:30]     s0154 -> 0 saved, 5 skipped (resume)
[09:06:30]     s0155 -> 0 saved, 5 skipped (resume)
[09:06:30]     s0156 -> 0 saved, 5 skipped (resume)
[09:06:30]     s0157 -> 0 saved, 5 skipped (resume)
[09:06:30]     s0158 -> 0 saved, 5 skipped (resume)
[09:06:30]     s0159 -> 0 saved, 5 skipped (resume)
[09:06:30]     s0160 -> 0 saved, 5 skipped (resume)
[09:06:30]     s0161 -> 0 saved, 5 skipped (resume)
[09:06:30]     s0162 -> 0 saved, 5 skipped (resume)
[09:06:30]     s0163 -> 0 saved, 5 skipped (resume)
[09:06:30]     s0164 -> 0 saved, 5 skipped (resume)
[09:06:30]     s0165 -> 0 saved, 5 skipped (resume)
[09:06:30]     s0166 -> 0 saved, 5 skipped (resume)
[09:06:30]     s0167 -> 0 saved, 5 skipped (resume)
[09:06:30]     s0168 -> 0 saved, 5 skipped (resume)
[09:06:30]     s0169 -> 0 saved, 5 skipped (resume)
[09:06:30]     s0170 -> 0 saved, 5 skipped (resume)
[09:06:30]     s0171 -> 0 saved, 5 skipped (resume)
[09:06:30]     s0172 -> 0 saved, 5 skipped (resume)
[09:06:30]     s0173 -> 0 saved, 5 skipped (resume)
[09:06:30]     s0174 -> 0 saved, 5 skipped (resume)
[09:06:30]     s0175 -> 0 saved, 5 skipped (resume)
[09:06:30]     s0176 -> 0 saved, 5 skipped (resume)
[09:06:30]     s0177 -> 0 saved, 5 skipped (resume)
[09:06:30]     s0178 -> 0 saved, 5 skipped (resume)
[09:06:30]     s0179 -> 0 saved, 5 skipped (resume)
[09:06:30]     s0180 -> 0 saved, 5 skipped (resume)
[09:06:30]     s0181 -> 0 saved, 5 skipped (resume)
[09:06:30]     s0182 -> 0 saved, 5 skipped (resume)
[09:06:30]     s0183 -> 0 saved, 5 skipped (resume)
[09:06:30]     s0184 -> 0 saved, 5 skipped (resume)
[09:06:30]     s0185 -> 0 saved, 5 skipped (resume)
[09:06:30]     s0186 -> 0 saved, 5 skipped (resume)
[09:06:30]     s0187 -> 0 saved, 5 skipped (resume)
[09:06:30]     s0188 -> 0 saved, 5 skipped (resume)
[09:06:30]     s0189 -> 0 saved, 5 skipped (resume)
[09:06:30]     s0190 -> 0 saved, 5 skipped (resume)
[09:06:30]     s0191 -> 0 saved, 5 skipped (resume)
[09:06:30]     s0192 -> 0 saved, 5 skipped (resume)
[09:06:30]     s0193 -> 0 saved, 5 skipped (resume)
[09:06:30]     s0194 -> 0 saved, 5 skipped (resume)
[09:06:30]     s0195 -> 0 saved, 5 skipped (resume)
[09:06:30]     s0196 -> 0 saved, 5 skipped (resume)
[09:06:30]     s0197 -> 0 saved, 5 skipped (resume)
[09:06:30]     s0198 -> 0 saved, 5 skipped (resume)
[09:06:30]     s0199 -> 0 saved, 5 skipped (resume)
[09:06:30]   LiquidAI/lfm2.5-350m:latest × kor_Hang (200 samples)
[09:06:30]     s0000 -> 0 saved, 5 skipped (resume)
[09:06:30]     s0001 -> 0 saved, 5 skipped (resume)
[09:06:30]     s0002 -> 0 saved, 5 skipped (resume)
[09:06:30]     s0003 -> 0 saved, 5 skipped (resume)
[09:06:30]     s0004 -> 0 saved, 5 skipped (resume)
[09:06:30]     s0005 -> 0 saved, 5 skipped (resume)
[09:06:30]     s0006 -> 0 saved, 5 skipped (resume)
[09:06:30]     s0007 -> 0 saved, 5 skipped (resume)
[09:06:30]     s0008 -> 0 saved, 5 skipped (resume)
[09:06:30]     s0009 -> 0 saved, 5 skipped (resume)
[09:06:30]     s0010 -> 0 saved, 5 skipped (resume)
[09:06:30]     s0011 -> 0 saved, 5 skipped (resume)
[09:06:30]     s0012 -> 0 saved, 5 skipped (resume)
[09:06:30]     s0013 -> 0 saved, 5 skipped (resume)
[09:06:30]     s0014 -> 0 saved, 5 skipped (resume)
[09:06:30]     s0015 -> 0 saved, 5 skipped (resume)
[09:06:30]     s0016 -> 0 saved, 5 skipped (resume)
[09:06:30]     s0017 -> 0 saved, 5 skipped (resume)
[09:06:30]     s0018 -> 0 saved, 5 skipped (resume)
[09:06:30]     s0019 -> 0 saved, 5 skipped (resume)
[09:06:30]     s0020 -> 0 saved, 5 skipped (resume)
[09:06:30]     s0021 -> 0 saved, 5 skipped (resume)
[09:06:30]     s0022 -> 0 saved, 5 skipped (resume)
[09:06:30]     s0023 -> 0 saved, 5 skipped (resume)
[09:06:30]     s0024 -> 0 saved, 5 skipped (resume)
[09:06:30]     s0025 -> 0 saved, 5 skipped (resume)
[09:06:30]     s0026 -> 0 saved, 5 skipped (resume)
[09:06:30]     s0027 -> 0 saved, 5 skipped (resume)
[09:06:30]     s0028 -> 0 saved, 5 skipped (resume)
[09:06:30]     s0029 -> 0 saved, 5 skipped (resume)
[09:06:30]     s0030 -> 0 saved, 5 skipped (resume)
[09:06:30]     s0031 -> 0 saved, 5 skipped (resume)
[09:06:30]     s0032 -> 0 saved, 5 skipped (resume)
[09:06:30]     s0033 -> 0 saved, 5 skipped (resume)
[09:06:30]     s0034 -> 0 saved, 5 skipped (resume)
[09:06:30]     s0035 -> 0 saved, 5 skipped (resume)
[09:06:30]     s0036 -> 0 saved, 5 skipped (resume)
[09:06:30]     s0037 -> 0 saved, 5 skipped (resume)
[09:06:30]     s0038 -> 0 saved, 5 skipped (resume)
[09:06:30]     s0039 -> 0 saved, 5 skipped (resume)
[09:06:30]     s0040 -> 0 saved, 5 skipped (resume)
[09:06:30]     s0041 -> 0 saved, 5 skipped (resume)
[09:06:30]     s0042 -> 0 saved, 5 skipped (resume)
[09:06:30]     s0043 -> 0 saved, 5 skipped (resume)
[09:06:30]     s0044 -> 0 saved, 5 skipped (resume)
[09:06:30]     s0045 -> 0 saved, 5 skipped (resume)
[09:06:30]     s0046 -> 0 saved, 5 skipped (resume)
[09:06:30]     s0047 -> 0 saved, 5 skipped (resume)
[09:06:30]     s0048 -> 0 saved, 5 skipped (resume)
[09:06:30]     s0049 -> 0 saved, 5 skipped (resume)
[09:06:30]     s0050 -> 0 saved, 5 skipped (resume)
[09:06:30]     s0051 -> 0 saved, 5 skipped (resume)
[09:06:30]     s0052 -> 0 saved, 5 skipped (resume)
[09:06:30]     s0053 -> 0 saved, 5 skipped (resume)
[09:06:30]     s0054 -> 0 saved, 5 skipped (resume)
[09:06:30]     s0055 -> 0 saved, 5 skipped (resume)
[09:06:30]     s0056 -> 0 saved, 5 skipped (resume)
[09:06:30]     s0057 -> 0 saved, 5 skipped (resume)
[09:06:30]     s0058 -> 0 saved, 5 skipped (resume)
[09:06:30]     s0059 -> 0 saved, 5 skipped (resume)
[09:06:30]     s0060 -> 0 saved, 5 skipped (resume)
[09:06:30]     s0061 -> 0 saved, 5 skipped (resume)
[09:06:30]     s0062 -> 0 saved, 5 skipped (resume)
[09:06:30]     s0063 -> 0 saved, 5 skipped (resume)
[09:06:30]     s0064 -> 0 saved, 5 skipped (resume)
[09:06:30]     s0065 -> 0 saved, 5 skipped (resume)
[09:06:30]     s0066 -> 0 saved, 5 skipped (resume)
[09:06:30]     s0067 -> 0 saved, 5 skipped (resume)
[09:06:30]     s0068 -> 0 saved, 5 skipped (resume)
[09:06:30]     s0069 -> 0 saved, 5 skipped (resume)
[09:06:30]     s0070 -> 0 saved, 5 skipped (resume)
[09:06:30]     s0071 -> 0 saved, 5 skipped (resume)
[09:06:30]     s0072 -> 0 saved, 5 skipped (resume)
[09:06:30]     s0073 -> 0 saved, 5 skipped (resume)
[09:06:30]     s0074 -> 0 saved, 5 skipped (resume)
[09:06:30]     s0075 -> 0 saved, 5 skipped (resume)
[09:06:30]     s0076 -> 0 saved, 5 skipped (resume)
[09:06:30]     s0077 -> 0 saved, 5 skipped (resume)
[09:06:30]     s0078 -> 0 saved, 5 skipped (resume)
[09:06:30]     s0079 -> 0 saved, 5 skipped (resume)
[09:06:30]     s0080 -> 0 saved, 5 skipped (resume)
[09:06:30]     s0081 -> 0 saved, 5 skipped (resume)
[09:06:30]     s0082 -> 0 saved, 5 skipped (resume)
[09:06:30]     s0083 -> 0 saved, 5 skipped (resume)
[09:06:30]     s0084 -> 0 saved, 5 skipped (resume)
[09:06:30]     s0085 -> 0 saved, 5 skipped (resume)
[09:06:30]     s0086 -> 0 saved, 5 skipped (resume)
[09:06:30]     s0087 -> 0 saved, 5 skipped (resume)
[09:06:30]     s0088 -> 0 saved, 5 skipped (resume)
[09:06:30]     s0089 -> 0 saved, 5 skipped (resume)
[09:06:30]     s0090 -> 0 saved, 5 skipped (resume)
[09:06:30]     s0091 -> 0 saved, 5 skipped (resume)
[09:06:30]     s0092 -> 0 saved, 5 skipped (resume)
[09:06:30]     s0093 -> 0 saved, 5 skipped (resume)
[09:06:30]     s0094 -> 0 saved, 5 skipped (resume)
[09:06:30]     s0095 -> 0 saved, 5 skipped (resume)
[09:06:30]     s0096 -> 0 saved, 5 skipped (resume)
[09:06:30]     s0097 -> 0 saved, 5 skipped (resume)
[09:06:30]     s0098 -> 0 saved, 5 skipped (resume)
[09:06:30]     s0099 -> 0 saved, 5 skipped (resume)
[09:06:30]     s0100 -> 0 saved, 5 skipped (resume)
[09:06:30]     s0101 -> 0 saved, 5 skipped (resume)
[09:06:30]     s0102 -> 0 saved, 5 skipped (resume)
[09:06:30]     s0103 -> 0 saved, 5 skipped (resume)
[09:06:30]     s0104 -> 0 saved, 5 skipped (resume)
[09:06:30]     s0105 -> 0 saved, 5 skipped (resume)
[09:06:30]     s0106 -> 0 saved, 5 skipped (resume)
[09:06:30]     s0107 -> 0 saved, 5 skipped (resume)
[09:06:30]     s0108 -> 0 saved, 5 skipped (resume)
[09:06:30]     s0109 -> 0 saved, 5 skipped (resume)
[09:06:30]     s0110 -> 0 saved, 5 skipped (resume)
[09:06:30]     s0111 -> 0 saved, 5 skipped (resume)
[09:06:30]     s0112 -> 0 saved, 5 skipped (resume)
[09:06:30]     s0113 -> 0 saved, 5 skipped (resume)
[09:06:30]     s0114 -> 0 saved, 5 skipped (resume)
[09:06:30]     s0115 -> 0 saved, 5 skipped (resume)
[09:06:30]     s0116 -> 0 saved, 5 skipped (resume)
[09:06:30]     s0117 -> 0 saved, 5 skipped (resume)
[09:06:30]     s0118 -> 0 saved, 5 skipped (resume)
[09:06:30]     s0119 -> 0 saved, 5 skipped (resume)
[09:06:30]     s0120 -> 0 saved, 5 skipped (resume)
[09:06:30]     s0121 -> 0 saved, 5 skipped (resume)
[09:06:30]     s0122 -> 0 saved, 5 skipped (resume)
[09:06:30]     s0123 -> 0 saved, 5 skipped (resume)
[09:06:30]     s0124 -> 0 saved, 5 skipped (resume)
[09:06:30]     s0125 -> 0 saved, 5 skipped (resume)
[09:06:30]     s0126 -> 0 saved, 5 skipped (resume)
[09:06:30]     s0127 -> 0 saved, 5 skipped (resume)
[09:06:30]     s0128 -> 0 saved, 5 skipped (resume)
[09:06:30]     s0129 -> 0 saved, 5 skipped (resume)
[09:06:30]     s0130 -> 0 saved, 5 skipped (resume)
[09:06:30]     s0131 -> 0 saved, 5 skipped (resume)
[09:06:30]     s0132 -> 0 saved, 5 skipped (resume)
[09:06:30]     s0133 -> 0 saved, 5 skipped (resume)
[09:06:30]     s0134 -> 0 saved, 5 skipped (resume)
[09:06:30]     s0135 -> 0 saved, 5 skipped (resume)
[09:06:30]     s0136 -> 0 saved, 5 skipped (resume)
[09:06:30]     s0137 -> 0 saved, 5 skipped (resume)
[09:06:30]     s0138 -> 0 saved, 5 skipped (resume)
[09:06:30]     s0139 -> 0 saved, 5 skipped (resume)
[09:06:30]     s0140 -> 0 saved, 5 skipped (resume)
[09:06:30]     s0141 -> 0 saved, 5 skipped (resume)
[09:06:30]     s0142 -> 0 saved, 5 skipped (resume)
[09:06:30]     s0143 -> 0 saved, 5 skipped (resume)
[09:06:30]     s0144 -> 0 saved, 5 skipped (resume)
[09:06:30]     s0145 -> 0 saved, 5 skipped (resume)
[09:06:30]     s0146 -> 0 saved, 5 skipped (resume)
[09:06:30]     s0147 -> 0 saved, 5 skipped (resume)
[09:06:30]     s0148 -> 0 saved, 5 skipped (resume)
[09:06:30]     s0149 -> 0 saved, 5 skipped (resume)
[09:06:30]     s0150 -> 0 saved, 5 skipped (resume)
[09:06:30]     s0151 -> 0 saved, 5 skipped (resume)
[09:06:30]     s0152 -> 0 saved, 5 skipped (resume)
[09:06:30]     s0153 -> 0 saved, 5 skipped (resume)
[09:06:30]     s0154 -> 0 saved, 5 skipped (resume)
[09:06:30]     s0155 -> 0 saved, 5 skipped (resume)
[09:06:30]     s0156 -> 0 saved, 5 skipped (resume)
[09:06:30]     s0157 -> 0 saved, 5 skipped (resume)
[09:06:30]     s0158 -> 0 saved, 5 skipped (resume)
[09:06:30]     s0159 -> 0 saved, 5 skipped (resume)
[09:06:30]     s0160 -> 0 saved, 5 skipped (resume)
[09:06:30]     s0161 -> 0 saved, 5 skipped (resume)
[09:06:30]     s0162 -> 0 saved, 5 skipped (resume)
[09:06:30]     s0163 -> 0 saved, 5 skipped (resume)
[09:06:30]     s0164 -> 0 saved, 5 skipped (resume)
[09:06:30]     s0165 -> 0 saved, 5 skipped (resume)
[09:06:30]     s0166 -> 0 saved, 5 skipped (resume)
[09:06:30]     s0167 -> 0 saved, 5 skipped (resume)
[09:06:30]     s0168 -> 0 saved, 5 skipped (resume)
[09:06:30]     s0169 -> 0 saved, 5 skipped (resume)
[09:06:30]     s0170 -> 0 saved, 5 skipped (resume)
[09:06:30]     s0171 -> 0 saved, 5 skipped (resume)
[09:06:30]     s0172 -> 0 saved, 5 skipped (resume)
[09:06:30]     s0173 -> 0 saved, 5 skipped (resume)
[09:06:30]     s0174 -> 0 saved, 5 skipped (resume)
[09:06:30]     s0175 -> 0 saved, 5 skipped (resume)
[09:06:30]     s0176 -> 0 saved, 5 skipped (resume)
[09:06:30]     s0177 -> 0 saved, 5 skipped (resume)
[09:06:30]     s0178 -> 0 saved, 5 skipped (resume)
[09:06:30]     s0179 -> 0 saved, 5 skipped (resume)
[09:06:30]     s0180 -> 0 saved, 5 skipped (resume)
[09:06:30]     s0181 -> 0 saved, 5 skipped (resume)
[09:06:30]     s0182 -> 0 saved, 5 skipped (resume)
[09:06:30]     s0183 -> 0 saved, 5 skipped (resume)
[09:06:30]     s0184 -> 0 saved, 5 skipped (resume)
[09:06:30]     s0185 -> 0 saved, 5 skipped (resume)
[09:06:30]     s0186 -> 0 saved, 5 skipped (resume)
[09:06:30]     s0187 -> 0 saved, 5 skipped (resume)
[09:06:30]     s0188 -> 0 saved, 5 skipped (resume)
[09:06:30]     s0189 -> 0 saved, 5 skipped (resume)
[09:06:30]     s0190 -> 0 saved, 5 skipped (resume)
[09:06:30]     s0191 -> 0 saved, 5 skipped (resume)
[09:06:30]     s0192 -> 0 saved, 5 skipped (resume)
[09:06:30]     s0193 -> 0 saved, 5 skipped (resume)
[09:06:30]     s0194 -> 0 saved, 5 skipped (resume)
[09:06:30]     s0195 -> 0 saved, 5 skipped (resume)
[09:06:30]     s0196 -> 0 saved, 5 skipped (resume)
[09:06:30]     s0197 -> 0 saved, 5 skipped (resume)
[09:06:30]     s0198 -> 0 saved, 5 skipped (resume)
[09:06:30]     s0199 -> 0 saved, 5 skipped (resume)
[09:06:30]   LiquidAI/lfm2.5-350m:latest × spa_Latn (200 samples)
[09:06:30]     s0000 -> 0 saved, 5 skipped (resume)
[09:06:30]     s0001 -> 0 saved, 5 skipped (resume)
[09:06:30]     s0002 -> 0 saved, 5 skipped (resume)
[09:06:30]     s0003 -> 0 saved, 5 skipped (resume)
[09:06:30]     s0004 -> 0 saved, 5 skipped (resume)
[09:06:30]     s0005 -> 0 saved, 5 skipped (resume)
[09:06:30]     s0006 -> 0 saved, 5 skipped (resume)
[09:06:30]     s0007 -> 0 saved, 5 skipped (resume)
[09:06:30]     s0008 -> 0 saved, 5 skipped (resume)
[09:06:30]     s0009 -> 0 saved, 5 skipped (resume)
[09:06:30]     s0010 -> 0 saved, 5 skipped (resume)
[09:06:30]     s0011 -> 0 saved, 5 skipped (resume)
[09:06:30]     s0012 -> 0 saved, 5 skipped (resume)
[09:06:30]     s0013 -> 0 saved, 5 skipped (resume)
[09:06:30]     s0014 -> 0 saved, 5 skipped (resume)
[09:06:30]     s0015 -> 0 saved, 5 skipped (resume)
[09:06:30]     s0016 -> 0 saved, 5 skipped (resume)
[09:06:30]     s0017 -> 0 saved, 5 skipped (resume)
[09:06:30]     s0018 -> 0 saved, 5 skipped (resume)
[09:06:30]     s0019 -> 0 saved, 5 skipped (resume)
[09:06:30]     s0020 -> 0 saved, 5 skipped (resume)
[09:06:30]     s0021 -> 0 saved, 5 skipped (resume)
[09:06:30]     s0022 -> 0 saved, 5 skipped (resume)
[09:06:30]     s0023 -> 0 saved, 5 skipped (resume)
[09:06:30]     s0024 -> 0 saved, 5 skipped (resume)
[09:06:30]     s0025 -> 0 saved, 5 skipped (resume)
[09:06:30]     s0026 -> 0 saved, 5 skipped (resume)
[09:06:30]     s0027 -> 0 saved, 5 skipped (resume)
[09:06:30]     s0028 -> 0 saved, 5 skipped (resume)
[09:06:30]     s0029 -> 0 saved, 5 skipped (resume)
[09:06:30]     s0030 -> 0 saved, 5 skipped (resume)
[09:06:30]     s0031 -> 0 saved, 5 skipped (resume)
[09:06:30]     s0032 -> 0 saved, 5 skipped (resume)
[09:06:30]     s0033 -> 0 saved, 5 skipped (resume)
[09:06:30]     s0034 -> 0 saved, 5 skipped (resume)
[09:06:30]     s0035 -> 0 saved, 5 skipped (resume)
[09:06:30]     s0036 -> 0 saved, 5 skipped (resume)
[09:06:30]     s0037 -> 0 saved, 5 skipped (resume)
[09:06:30]     s0038 -> 0 saved, 5 skipped (resume)
[09:06:30]     s0039 -> 0 saved, 5 skipped (resume)
[09:06:30]     s0040 -> 0 saved, 5 skipped (resume)
[09:06:30]     s0041 -> 0 saved, 5 skipped (resume)
[09:06:30]     s0042 -> 0 saved, 5 skipped (resume)
[09:06:30]     s0043 -> 0 saved, 5 skipped (resume)
[09:06:30]     s0044 -> 0 saved, 5 skipped (resume)
[09:06:30]     s0045 -> 0 saved, 5 skipped (resume)
[09:06:30]     s0046 -> 0 saved, 5 skipped (resume)
[09:06:30]     s0047 -> 0 saved, 5 skipped (resume)
[09:06:30]     s0048 -> 0 saved, 5 skipped (resume)
[09:06:30]     s0049 -> 0 saved, 5 skipped (resume)
[09:06:30]     s0050 -> 0 saved, 5 skipped (resume)
[09:06:30]     s0051 -> 0 saved, 5 skipped (resume)
[09:06:30]     s0052 -> 0 saved, 5 skipped (resume)
[09:06:30]     s0053 -> 0 saved, 5 skipped (resume)
[09:06:30]     s0054 -> 0 saved, 5 skipped (resume)
[09:06:30]     s0055 -> 0 saved, 5 skipped (resume)
[09:06:30]     s0056 -> 0 saved, 5 skipped (resume)
[09:06:30]     s0057 -> 0 saved, 5 skipped (resume)
[09:06:30]     s0058 -> 0 saved, 5 skipped (resume)
[09:06:30]     s0059 -> 0 saved, 5 skipped (resume)
[09:06:30]     s0060 -> 0 saved, 5 skipped (resume)
[09:06:30]     s0061 -> 0 saved, 5 skipped (resume)
[09:06:30]     s0062 -> 0 saved, 5 skipped (resume)
[09:06:30]     s0063 -> 0 saved, 5 skipped (resume)
[09:06:30]     s0064 -> 0 saved, 5 skipped (resume)
[09:06:30]     s0065 -> 0 saved, 5 skipped (resume)
[09:06:30]     s0066 -> 0 saved, 5 skipped (resume)
[09:06:30]     s0067 -> 0 saved, 5 skipped (resume)
[09:06:30]     s0068 -> 0 saved, 5 skipped (resume)
[09:06:30]     s0069 -> 0 saved, 5 skipped (resume)
[09:06:30]     s0070 -> 0 saved, 5 skipped (resume)
[09:06:30]     s0071 -> 0 saved, 5 skipped (resume)
[09:06:30]     s0072 -> 0 saved, 5 skipped (resume)
[09:06:30]     s0073 -> 0 saved, 5 skipped (resume)
[09:06:30]     s0074 -> 0 saved, 5 skipped (resume)
[09:06:30]     s0075 -> 0 saved, 5 skipped (resume)
[09:06:30]     s0076 -> 0 saved, 5 skipped (resume)
[09:06:30]     s0077 -> 0 saved, 5 skipped (resume)
[09:06:30]     s0078 -> 0 saved, 5 skipped (resume)
[09:06:30]     s0079 -> 0 saved, 5 skipped (resume)
[09:06:30]     s0080 -> 0 saved, 5 skipped (resume)
[09:06:30]     s0081 -> 0 saved, 5 skipped (resume)
[09:06:30]     s0082 -> 0 saved, 5 skipped (resume)
[09:06:30]     s0083 -> 0 saved, 5 skipped (resume)
[09:06:30]     s0084 -> 0 saved, 5 skipped (resume)
[09:06:30]     s0085 -> 0 saved, 5 skipped (resume)
[09:06:30]     s0086 -> 0 saved, 5 skipped (resume)
[09:06:30]     s0087 -> 0 saved, 5 skipped (resume)
[09:06:30]     s0088 -> 0 saved, 5 skipped (resume)
[09:06:30]     s0089 -> 0 saved, 5 skipped (resume)
[09:06:30]     s0090 -> 0 saved, 5 skipped (resume)
[09:06:30]     s0091 -> 0 saved, 5 skipped (resume)
[09:06:30]     s0092 -> 0 saved, 5 skipped (resume)
[09:06:30]     s0093 -> 0 saved, 5 skipped (resume)
[09:06:30]     s0094 -> 0 saved, 5 skipped (resume)
[09:06:30]     s0095 -> 0 saved, 5 skipped (resume)
[09:06:30]     s0096 -> 0 saved, 5 skipped (resume)
[09:06:30]     s0097 -> 0 saved, 5 skipped (resume)
[09:06:30]     s0098 -> 0 saved, 5 skipped (resume)
[09:06:30]     s0099 -> 0 saved, 5 skipped (resume)
[09:06:30]     s0100 -> 0 saved, 5 skipped (resume)
[09:06:30]     s0101 -> 0 saved, 5 skipped (resume)
[09:06:30]     s0102 -> 0 saved, 5 skipped (resume)
[09:06:30]     s0103 -> 0 saved, 5 skipped (resume)
[09:06:30]     s0104 -> 0 saved, 5 skipped (resume)
[09:06:30]     s0105 -> 0 saved, 5 skipped (resume)
[09:06:30]     s0106 -> 0 saved, 5 skipped (resume)
[09:06:30]     s0107 -> 0 saved, 5 skipped (resume)
[09:06:30]     s0108 -> 0 saved, 5 skipped (resume)
[09:06:30]     s0109 -> 0 saved, 5 skipped (resume)
[09:06:30]     s0110 -> 0 saved, 5 skipped (resume)
[09:06:30]     s0111 -> 0 saved, 5 skipped (resume)
[09:06:30]     s0112 -> 0 saved, 5 skipped (resume)
[09:06:30]     s0113 -> 0 saved, 5 skipped (resume)
[09:06:30]     s0114 -> 0 saved, 5 skipped (resume)
[09:06:30]     s0115 -> 0 saved, 5 skipped (resume)
[09:06:30]     s0116 -> 0 saved, 5 skipped (resume)
[09:06:30]     s0117 -> 0 saved, 5 skipped (resume)
[09:06:30]     s0118 -> 0 saved, 5 skipped (resume)
[09:06:30]     s0119 -> 0 saved, 5 skipped (resume)
[09:06:30]     s0120 -> 0 saved, 5 skipped (resume)
[09:06:30]     s0121 -> 0 saved, 5 skipped (resume)
[09:06:30]     s0122 -> 0 saved, 5 skipped (resume)
[09:06:30]     s0123 -> 0 saved, 5 skipped (resume)
[09:06:30]     s0124 -> 0 saved, 5 skipped (resume)
[09:06:30]     s0125 -> 0 saved, 5 skipped (resume)
[09:06:30]     s0126 -> 0 saved, 5 skipped (resume)
[09:06:30]     s0127 -> 0 saved, 5 skipped (resume)
[09:06:30]     s0128 -> 0 saved, 5 skipped (resume)
[09:06:30]     s0129 -> 0 saved, 5 skipped (resume)
[09:06:30]     s0130 -> 0 saved, 5 skipped (resume)
[09:06:30]     s0131 -> 0 saved, 5 skipped (resume)
[09:06:30]     s0132 -> 0 saved, 5 skipped (resume)
[09:06:30]     s0133 -> 0 saved, 5 skipped (resume)
[09:06:30]     s0134 -> 0 saved, 5 skipped (resume)
[09:06:30]     s0135 -> 0 saved, 5 skipped (resume)
[09:06:30]     s0136 -> 0 saved, 5 skipped (resume)
[09:06:30]     s0137 -> 0 saved, 5 skipped (resume)
[09:06:30]     s0138 -> 0 saved, 5 skipped (resume)
[09:06:30]     s0139 -> 0 saved, 5 skipped (resume)
[09:06:30]     s0140 -> 0 saved, 5 skipped (resume)
[09:06:30]     s0141 -> 0 saved, 5 skipped (resume)
[09:06:30]     s0142 -> 0 saved, 5 skipped (resume)
[09:06:30]     s0143 -> 0 saved, 5 skipped (resume)
[09:06:30]     s0144 -> 0 saved, 5 skipped (resume)
[09:06:30]     s0145 -> 0 saved, 5 skipped (resume)
[09:06:30]     s0146 -> 0 saved, 5 skipped (resume)
[09:06:30]     s0147 -> 0 saved, 5 skipped (resume)
[09:06:30]     s0148 -> 0 saved, 5 skipped (resume)
[09:06:30]     s0149 -> 0 saved, 5 skipped (resume)
[09:06:30]     s0150 -> 0 saved, 5 skipped (resume)
[09:06:30]     s0151 -> 0 saved, 5 skipped (resume)
[09:06:30]     s0152 -> 0 saved, 5 skipped (resume)
[09:06:30]     s0153 -> 0 saved, 5 skipped (resume)
[09:06:30]     s0154 -> 0 saved, 5 skipped (resume)
[09:06:30]     s0155 -> 0 saved, 5 skipped (resume)
[09:06:30]     s0156 -> 0 saved, 5 skipped (resume)
[09:06:30]     s0157 -> 0 saved, 5 skipped (resume)
[09:06:30]     s0158 -> 0 saved, 5 skipped (resume)
[09:06:30]     s0159 -> 0 saved, 5 skipped (resume)
[09:06:30]     s0160 -> 0 saved, 5 skipped (resume)
[09:06:30]     s0161 -> 0 saved, 5 skipped (resume)
[09:06:30]     s0162 -> 0 saved, 5 skipped (resume)
[09:06:30]     s0163 -> 0 saved, 5 skipped (resume)
[09:06:30]     s0164 -> 0 saved, 5 skipped (resume)
[09:06:30]     s0165 -> 0 saved, 5 skipped (resume)
[09:06:30]     s0166 -> 0 saved, 5 skipped (resume)
[09:06:30]     s0167 -> 0 saved, 5 skipped (resume)
[09:06:30]     s0168 -> 0 saved, 5 skipped (resume)
[09:06:30]     s0169 -> 0 saved, 5 skipped (resume)
[09:06:30]     s0170 -> 0 saved, 5 skipped (resume)
[09:06:30]     s0171 -> 0 saved, 5 skipped (resume)
[09:06:30]     s0172 -> 0 saved, 5 skipped (resume)
[09:06:30]     s0173 -> 0 saved, 5 skipped (resume)
[09:06:30]     s0174 -> 0 saved, 5 skipped (resume)
[09:06:30]     s0175 -> 0 saved, 5 skipped (resume)
[09:06:30]     s0176 -> 0 saved, 5 skipped (resume)
[09:06:30]     s0177 -> 0 saved, 5 skipped (resume)
[09:06:30]     s0178 -> 0 saved, 5 skipped (resume)
[09:06:30]     s0179 -> 0 saved, 5 skipped (resume)
[09:06:30]     s0180 -> 0 saved, 5 skipped (resume)
[09:06:30]     s0181 -> 0 saved, 5 skipped (resume)
[09:06:30]     s0182 -> 0 saved, 5 skipped (resume)
[09:06:30]     s0183 -> 0 saved, 5 skipped (resume)
[09:06:30]     s0184 -> 0 saved, 5 skipped (resume)
[09:06:30]     s0185 -> 0 saved, 5 skipped (resume)
[09:06:30]     s0186 -> 0 saved, 5 skipped (resume)
[09:06:30]     s0187 -> 0 saved, 5 skipped (resume)
[09:06:30]     s0188 -> 0 saved, 5 skipped (resume)
[09:06:30]     s0189 -> 0 saved, 5 skipped (resume)
[09:06:30]     s0190 -> 0 saved, 5 skipped (resume)
[09:06:30]     s0191 -> 0 saved, 5 skipped (resume)
[09:06:30]     s0192 -> 0 saved, 5 skipped (resume)
[09:06:30]     s0193 -> 0 saved, 5 skipped (resume)
[09:06:30]     s0194 -> 0 saved, 5 skipped (resume)
[09:06:30]     s0195 -> 0 saved, 5 skipped (resume)
[09:06:30]     s0196 -> 0 saved, 5 skipped (resume)
[09:06:30]     s0197 -> 0 saved, 5 skipped (resume)
[09:06:30]     s0198 -> 0 saved, 5 skipped (resume)
[09:06:30]     s0199 -> 0 saved, 5 skipped (resume)
[09:06:30]   LiquidAI/lfm2.5-350m:latest × fra_Latn (200 samples)
[09:06:30]     s0000 -> 0 saved, 5 skipped (resume)
[09:06:30]     s0001 -> 0 saved, 5 skipped (resume)
[09:06:30]     s0002 -> 0 saved, 5 skipped (resume)
[09:06:30]     s0003 -> 0 saved, 5 skipped (resume)
[09:06:30]     s0004 -> 0 saved, 5 skipped (resume)
[09:06:30]     s0005 -> 0 saved, 5 skipped (resume)
[09:06:30]     s0006 -> 0 saved, 5 skipped (resume)
[09:06:30]     s0007 -> 0 saved, 5 skipped (resume)
[09:06:30]     s0008 -> 0 saved, 5 skipped (resume)
[09:06:30]     s0009 -> 0 saved, 5 skipped (resume)
[09:06:30]     s0010 -> 0 saved, 5 skipped (resume)
[09:06:30]     s0011 -> 0 saved, 5 skipped (resume)
[09:06:30]     s0012 -> 0 saved, 5 skipped (resume)
[09:06:30]     s0013 -> 0 saved, 5 skipped (resume)
[09:06:30]     s0014 -> 0 saved, 5 skipped (resume)
[09:06:30]     s0015 -> 0 saved, 5 skipped (resume)
[09:06:30]     s0016 -> 0 saved, 5 skipped (resume)
[09:06:30]     s0017 -> 0 saved, 5 skipped (resume)
[09:06:30]     s0018 -> 0 saved, 5 skipped (resume)
[09:06:30]     s0019 -> 0 saved, 5 skipped (resume)
[09:06:30]     s0020 -> 0 saved, 5 skipped (resume)
[09:06:30]     s0021 -> 0 saved, 5 skipped (resume)
[09:06:30]     s0022 -> 0 saved, 5 skipped (resume)
[09:06:30]     s0023 -> 0 saved, 5 skipped (resume)
[09:06:30]     s0024 -> 0 saved, 5 skipped (resume)
[09:06:30]     s0025 -> 0 saved, 5 skipped (resume)
[09:06:30]     s0026 -> 0 saved, 5 skipped (resume)
[09:06:30]     s0027 -> 0 saved, 5 skipped (resume)
[09:06:30]     s0028 -> 0 saved, 5 skipped (resume)
[09:06:30]     s0029 -> 0 saved, 5 skipped (resume)
[09:06:30]     s0030 -> 0 saved, 5 skipped (resume)
[09:06:30]     s0031 -> 0 saved, 5 skipped (resume)
[09:06:30]     s0032 -> 0 saved, 5 skipped (resume)
[09:06:30]     s0033 -> 0 saved, 5 skipped (resume)
[09:06:30]     s0034 -> 0 saved, 5 skipped (resume)
[09:06:30]     s0035 -> 0 saved, 5 skipped (resume)
[09:06:30]     s0036 -> 0 saved, 5 skipped (resume)
[09:06:30]     s0037 -> 0 saved, 5 skipped (resume)
[09:06:30]     s0038 -> 0 saved, 5 skipped (resume)
[09:06:30]     s0039 -> 0 saved, 5 skipped (resume)
[09:06:30]     s0040 -> 0 saved, 5 skipped (resume)
[09:06:30]     s0041 -> 0 saved, 5 skipped (resume)
[09:06:30]     s0042 -> 0 saved, 5 skipped (resume)
[09:06:30]     s0043 -> 0 saved, 5 skipped (resume)
[09:06:30]     s0044 -> 0 saved, 5 skipped (resume)
[09:06:30]     s0045 -> 0 saved, 5 skipped (resume)
[09:06:30]     s0046 -> 0 saved, 5 skipped (resume)
[09:06:30]     s0047 -> 0 saved, 5 skipped (resume)
[09:06:30]     s0048 -> 0 saved, 5 skipped (resume)
[09:06:30]     s0049 -> 0 saved, 5 skipped (resume)
[09:06:30]     s0050 -> 0 saved, 5 skipped (resume)
[09:06:30]     s0051 -> 0 saved, 5 skipped (resume)
[09:06:30]     s0052 -> 0 saved, 5 skipped (resume)
[09:06:30]     s0053 -> 0 saved, 5 skipped (resume)
[09:06:30]     s0054 -> 0 saved, 5 skipped (resume)
[09:06:30]     s0055 -> 0 saved, 5 skipped (resume)
[09:06:30]     s0056 -> 0 saved, 5 skipped (resume)
[09:06:30]     s0057 -> 0 saved, 5 skipped (resume)
[09:06:30]     s0058 -> 0 saved, 5 skipped (resume)
[09:06:30]     s0059 -> 0 saved, 5 skipped (resume)
[09:06:30]     s0060 -> 0 saved, 5 skipped (resume)
[09:06:30]     s0061 -> 0 saved, 5 skipped (resume)
[09:06:30]     s0062 -> 0 saved, 5 skipped (resume)
[09:06:30]     s0063 -> 0 saved, 5 skipped (resume)
[09:06:30]     s0064 -> 0 saved, 5 skipped (resume)
[09:06:30]     s0065 -> 0 saved, 5 skipped (resume)
[09:06:30]     s0066 -> 0 saved, 5 skipped (resume)
[09:06:30]     s0067 -> 0 saved, 5 skipped (resume)
[09:06:30]     s0068 -> 0 saved, 5 skipped (resume)
[09:06:30]     s0069 -> 0 saved, 5 skipped (resume)
[09:06:30]     s0070 -> 0 saved, 5 skipped (resume)
[09:06:30]     s0071 -> 0 saved, 5 skipped (resume)
[09:06:30]     s0072 -> 0 saved, 5 skipped (resume)
[09:06:30]     s0073 -> 0 saved, 5 skipped (resume)
[09:06:30]     s0074 -> 0 saved, 5 skipped (resume)
[09:06:30]     s0075 -> 0 saved, 5 skipped (resume)
[09:06:30]     s0076 -> 0 saved, 5 skipped (resume)
[09:06:30]     s0077 -> 0 saved, 5 skipped (resume)
[09:06:30]     s0078 -> 0 saved, 5 skipped (resume)
[09:06:30]     s0079 -> 0 saved, 5 skipped (resume)
[09:06:30]     s0080 -> 0 saved, 5 skipped (resume)
[09:06:30]     s0081 -> 0 saved, 5 skipped (resume)
[09:06:30]     s0082 -> 0 saved, 5 skipped (resume)
[09:06:30]     s0083 -> 0 saved, 5 skipped (resume)
[09:06:30]     s0084 -> 0 saved, 5 skipped (resume)
[09:06:30]     s0085 -> 0 saved, 5 skipped (resume)
[09:06:30]     s0086 -> 0 saved, 5 skipped (resume)
[09:06:30]     s0087 -> 0 saved, 5 skipped (resume)
[09:06:30]     s0088 -> 0 saved, 5 skipped (resume)
[09:06:30]     s0089 -> 0 saved, 5 skipped (resume)
[09:06:30]     s0090 -> 0 saved, 5 skipped (resume)
[09:06:30]     s0091 -> 0 saved, 5 skipped (resume)
[09:06:30]     s0092 -> 0 saved, 5 skipped (resume)
[09:06:30]     s0093 -> 0 saved, 5 skipped (resume)
[09:06:30]     s0094 -> 0 saved, 5 skipped (resume)
[09:06:30]     s0095 -> 0 saved, 5 skipped (resume)
[09:06:30]     s0096 -> 0 saved, 5 skipped (resume)
[09:06:30]     s0097 -> 0 saved, 5 skipped (resume)
[09:06:30]     s0098 -> 0 saved, 5 skipped (resume)
[09:06:30]     s0099 -> 0 saved, 5 skipped (resume)
[09:06:30]     s0100 -> 0 saved, 5 skipped (resume)
[09:06:30]     s0101 -> 0 saved, 5 skipped (resume)
[09:06:30]     s0102 -> 0 saved, 5 skipped (resume)
[09:06:30]     s0103 -> 0 saved, 5 skipped (resume)
[09:06:30]     s0104 -> 0 saved, 5 skipped (resume)
[09:06:30]     s0105 -> 0 saved, 5 skipped (resume)
[09:06:30]     s0106 -> 0 saved, 5 skipped (resume)
[09:06:30]     s0107 -> 0 saved, 5 skipped (resume)
[09:06:30]     s0108 -> 0 saved, 5 skipped (resume)
[09:06:30]     s0109 -> 0 saved, 5 skipped (resume)
[09:06:30]     s0110 -> 0 saved, 5 skipped (resume)
[09:06:30]     s0111 -> 0 saved, 5 skipped (resume)
[09:06:30]     s0112 -> 0 saved, 5 skipped (resume)
[09:06:30]     s0113 -> 0 saved, 5 skipped (resume)
[09:06:30]     s0114 -> 0 saved, 5 skipped (resume)
[09:06:30]     s0115 -> 0 saved, 5 skipped (resume)
[09:06:30]     s0116 -> 0 saved, 5 skipped (resume)
[09:06:30]     s0117 -> 0 saved, 5 skipped (resume)
[09:06:30]     s0118 -> 0 saved, 5 skipped (resume)
[09:06:30]     s0119 -> 0 saved, 5 skipped (resume)
[09:06:30]     s0120 -> 0 saved, 5 skipped (resume)
[09:06:30]     s0121 -> 0 saved, 5 skipped (resume)
[09:06:30]     s0122 -> 0 saved, 5 skipped (resume)
[09:06:30]     s0123 -> 0 saved, 5 skipped (resume)
[09:06:30]     s0124 -> 0 saved, 5 skipped (resume)
[09:06:30]     s0125 -> 0 saved, 5 skipped (resume)
[09:06:30]     s0126 -> 0 saved, 5 skipped (resume)
[09:06:30]     s0127 -> 0 saved, 5 skipped (resume)
[09:06:30]     s0128 -> 0 saved, 5 skipped (resume)
[09:06:30]     s0129 -> 0 saved, 5 skipped (resume)
[09:06:30]     s0130 -> 0 saved, 5 skipped (resume)
[09:06:30]     s0131 -> 0 saved, 5 skipped (resume)
[09:06:30]     s0132 -> 0 saved, 5 skipped (resume)
[09:06:30]     s0133 -> 0 saved, 5 skipped (resume)
[09:06:30]     s0134 -> 0 saved, 5 skipped (resume)
[09:06:30]     s0135 -> 0 saved, 5 skipped (resume)
[09:06:30]     s0136 -> 0 saved, 5 skipped (resume)
[09:06:30]     s0137 -> 0 saved, 5 skipped (resume)
[09:06:30]     s0138 -> 0 saved, 5 skipped (resume)
[09:06:30]     s0139 -> 0 saved, 5 skipped (resume)
[09:06:30]     s0140 -> 0 saved, 5 skipped (resume)
[09:06:30]     s0141 -> 0 saved, 5 skipped (resume)
[09:06:30]     s0142 -> 0 saved, 5 skipped (resume)
[09:06:30]     s0143 -> 0 saved, 5 skipped (resume)
[09:06:30]     s0144 -> 0 saved, 5 skipped (resume)
[09:06:30]     s0145 -> 0 saved, 5 skipped (resume)
[09:06:30]     s0146 -> 0 saved, 5 skipped (resume)
[09:06:30]     s0147 -> 0 saved, 5 skipped (resume)
[09:06:30]     s0148 -> 0 saved, 5 skipped (resume)
[09:06:30]     s0149 -> 0 saved, 5 skipped (resume)
[09:06:30]     s0150 -> 0 saved, 5 skipped (resume)
[09:06:30]     s0151 -> 0 saved, 5 skipped (resume)
[09:06:30]     s0152 -> 0 saved, 5 skipped (resume)
[09:06:30]     s0153 -> 0 saved, 5 skipped (resume)
[09:06:30]     s0154 -> 0 saved, 5 skipped (resume)
[09:06:30]     s0155 -> 0 saved, 5 skipped (resume)
[09:06:30]     s0156 -> 0 saved, 5 skipped (resume)
[09:06:30]     s0157 -> 0 saved, 5 skipped (resume)
[09:06:30]     s0158 -> 0 saved, 5 skipped (resume)
[09:06:30]     s0159 -> 0 saved, 5 skipped (resume)
[09:06:30]     s0160 -> 0 saved, 5 skipped (resume)
[09:06:30]     s0161 -> 0 saved, 5 skipped (resume)
[09:06:30]     s0162 -> 0 saved, 5 skipped (resume)
[09:06:30]     s0163 -> 0 saved, 5 skipped (resume)
[09:06:30]     s0164 -> 0 saved, 5 skipped (resume)
[09:06:30]     s0165 -> 0 saved, 5 skipped (resume)
[09:06:30]     s0166 -> 0 saved, 5 skipped (resume)
[09:06:30]     s0167 -> 0 saved, 5 skipped (resume)
[09:06:30]     s0168 -> 0 saved, 5 skipped (resume)
[09:06:30]     s0169 -> 0 saved, 5 skipped (resume)
[09:06:30]     s0170 -> 0 saved, 5 skipped (resume)
[09:06:30]     s0171 -> 0 saved, 5 skipped (resume)
[09:06:30]     s0172 -> 0 saved, 5 skipped (resume)
[09:06:30]     s0173 -> 0 saved, 5 skipped (resume)
[09:06:30]     s0174 -> 0 saved, 5 skipped (resume)
[09:06:30]     s0175 -> 0 saved, 5 skipped (resume)
[09:06:30]     s0176 -> 0 saved, 5 skipped (resume)
[09:06:30]     s0177 -> 0 saved, 5 skipped (resume)
[09:06:30]     s0178 -> 0 saved, 5 skipped (resume)
[09:06:30]     s0179 -> 0 saved, 5 skipped (resume)
[09:06:30]     s0180 -> 0 saved, 5 skipped (resume)
[09:06:30]     s0181 -> 0 saved, 5 skipped (resume)
[09:06:30]     s0182 -> 0 saved, 5 skipped (resume)
[09:06:30]     s0183 -> 0 saved, 5 skipped (resume)
[09:06:30]     s0184 -> 0 saved, 5 skipped (resume)
[09:06:30]     s0185 -> 0 saved, 5 skipped (resume)
[09:06:30]     s0186 -> 0 saved, 5 skipped (resume)
[09:06:30]     s0187 -> 0 saved, 5 skipped (resume)
[09:06:30]     s0188 -> 0 saved, 5 skipped (resume)
[09:06:30]     s0189 -> 0 saved, 5 skipped (resume)
[09:06:30]     s0190 -> 0 saved, 5 skipped (resume)
[09:06:30]     s0191 -> 0 saved, 5 skipped (resume)
[09:06:30]     s0192 -> 0 saved, 5 skipped (resume)
[09:06:30]     s0193 -> 0 saved, 5 skipped (resume)
[09:06:30]     s0194 -> 0 saved, 5 skipped (resume)
[09:06:30]     s0195 -> 0 saved, 5 skipped (resume)
[09:06:30]     s0196 -> 0 saved, 5 skipped (resume)
[09:06:30]     s0197 -> 0 saved, 5 skipped (resume)
[09:06:30]     s0198 -> 0 saved, 5 skipped (resume)
[09:06:30]     s0199 -> 0 saved, 5 skipped (resume)
[09:06:30]   LiquidAI/lfm2.5-350m:latest × deu_Latn (200 samples)
[09:06:30]     s0000 -> 0 saved, 5 skipped (resume)
[09:06:30]     s0001 -> 0 saved, 5 skipped (resume)
[09:06:30]     s0002 -> 0 saved, 5 skipped (resume)
[09:06:30]     s0003 -> 0 saved, 5 skipped (resume)
[09:06:30]     s0004 -> 0 saved, 5 skipped (resume)
[09:06:30]     s0005 -> 0 saved, 5 skipped (resume)
[09:06:30]     s0006 -> 0 saved, 5 skipped (resume)
[09:06:30]     s0007 -> 0 saved, 5 skipped (resume)
[09:06:30]     s0008 -> 0 saved, 5 skipped (resume)
[09:06:30]     s0009 -> 0 saved, 5 skipped (resume)
[09:06:30]     s0010 -> 0 saved, 5 skipped (resume)
[09:06:30]     s0011 -> 0 saved, 5 skipped (resume)
[09:06:30]     s0012 -> 0 saved, 5 skipped (resume)
[09:06:30]     s0013 -> 0 saved, 5 skipped (resume)
[09:06:30]     s0014 -> 0 saved, 5 skipped (resume)
[09:06:30]     s0015 -> 0 saved, 5 skipped (resume)
[09:06:30]     s0016 -> 0 saved, 5 skipped (resume)
[09:06:30]     s0017 -> 0 saved, 5 skipped (resume)
[09:06:30]     s0018 -> 0 saved, 5 skipped (resume)
[09:06:30]     s0019 -> 0 saved, 5 skipped (resume)
[09:06:30]     s0020 -> 0 saved, 5 skipped (resume)
[09:06:30]     s0021 -> 0 saved, 5 skipped (resume)
[09:06:30]     s0022 -> 0 saved, 5 skipped (resume)
[09:06:30]     s0023 -> 0 saved, 5 skipped (resume)
[09:06:30]     s0024 -> 0 saved, 5 skipped (resume)
[09:06:30]     s0025 -> 0 saved, 5 skipped (resume)
[09:06:30]     s0026 -> 0 saved, 5 skipped (resume)
[09:06:30]     s0027 -> 0 saved, 5 skipped (resume)
[09:06:30]     s0028 -> 0 saved, 5 skipped (resume)
[09:06:30]     s0029 -> 0 saved, 5 skipped (resume)
[09:06:30]     s0030 -> 0 saved, 5 skipped (resume)
[09:06:30]     s0031 -> 0 saved, 5 skipped (resume)
[09:06:30]     s0032 -> 0 saved, 5 skipped (resume)
[09:06:30]     s0033 -> 0 saved, 5 skipped (resume)
[09:06:30]     s0034 -> 0 saved, 5 skipped (resume)
[09:06:30]     s0035 -> 0 saved, 5 skipped (resume)
[09:06:30]     s0036 -> 0 saved, 5 skipped (resume)
[09:06:30]     s0037 -> 0 saved, 5 skipped (resume)
[09:06:30]     s0038 -> 0 saved, 5 skipped (resume)
[09:06:30]     s0039 -> 0 saved, 5 skipped (resume)
[09:06:30]     s0040 -> 0 saved, 5 skipped (resume)
[09:06:30]     s0041 -> 0 saved, 5 skipped (resume)
[09:06:30]     s0042 -> 0 saved, 5 skipped (resume)
[09:06:30]     s0043 -> 0 saved, 5 skipped (resume)
[09:06:30]     s0044 -> 0 saved, 5 skipped (resume)
[09:06:30]     s0045 -> 0 saved, 5 skipped (resume)
[09:06:30]     s0046 -> 0 saved, 5 skipped (resume)
[09:06:30]     s0047 -> 0 saved, 5 skipped (resume)
[09:06:30]     s0048 -> 0 saved, 5 skipped (resume)
[09:06:30]     s0049 -> 0 saved, 5 skipped (resume)
[09:06:30]     s0050 -> 0 saved, 5 skipped (resume)
[09:06:30]     s0051 -> 0 saved, 5 skipped (resume)
[09:06:30]     s0052 -> 0 saved, 5 skipped (resume)
[09:06:30]     s0053 -> 0 saved, 5 skipped (resume)
[09:06:30]     s0054 -> 0 saved, 5 skipped (resume)
[09:06:30]     s0055 -> 0 saved, 5 skipped (resume)
[09:06:30]     s0056 -> 0 saved, 5 skipped (resume)
[09:06:30]     s0057 -> 0 saved, 5 skipped (resume)
[09:06:30]     s0058 -> 0 saved, 5 skipped (resume)
[09:06:30]     s0059 -> 0 saved, 5 skipped (resume)
[09:06:30]     s0060 -> 0 saved, 5 skipped (resume)
[09:06:30]     s0061 -> 0 saved, 5 skipped (resume)
[09:06:30]     s0062 -> 0 saved, 5 skipped (resume)
[09:06:30]     s0063 -> 0 saved, 5 skipped (resume)
[09:06:30]     s0064 -> 0 saved, 5 skipped (resume)
[09:06:30]     s0065 -> 0 saved, 5 skipped (resume)
[09:06:30]     s0066 -> 0 saved, 5 skipped (resume)
[09:06:30]     s0067 -> 0 saved, 5 skipped (resume)
[09:06:30]     s0068 -> 0 saved, 5 skipped (resume)
[09:06:30]     s0069 -> 0 saved, 5 skipped (resume)
[09:06:30]     s0070 -> 0 saved, 5 skipped (resume)
[09:06:30]     s0071 -> 0 saved, 5 skipped (resume)
[09:06:30]     s0072 -> 0 saved, 5 skipped (resume)
[09:06:30]     s0073 -> 0 saved, 5 skipped (resume)
[09:06:30]     s0074 -> 0 saved, 5 skipped (resume)
[09:06:30]     s0075 -> 0 saved, 5 skipped (resume)
[09:06:30]     s0076 -> 0 saved, 5 skipped (resume)
[09:06:30]     s0077 -> 0 saved, 5 skipped (resume)
[09:06:30]     s0078 -> 0 saved, 5 skipped (resume)
[09:06:30]     s0079 -> 0 saved, 5 skipped (resume)
[09:06:30]     s0080 -> 0 saved, 5 skipped (resume)
[09:06:30]     s0081 -> 0 saved, 5 skipped (resume)
[09:06:30]     s0082 -> 0 saved, 5 skipped (resume)
[09:06:30]     s0083 -> 0 saved, 5 skipped (resume)
[09:06:30]     s0084 -> 0 saved, 5 skipped (resume)
[09:06:30]     s0085 -> 0 saved, 5 skipped (resume)
[09:06:30]     s0086 -> 0 saved, 5 skipped (resume)
[09:06:30]     s0087 -> 0 saved, 5 skipped (resume)
[09:06:30]     s0088 -> 0 saved, 5 skipped (resume)
[09:06:30]     s0089 -> 0 saved, 5 skipped (resume)
[09:06:30]     s0090 -> 0 saved, 5 skipped (resume)
[09:06:30]     s0091 -> 0 saved, 5 skipped (resume)
[09:06:30]     s0092 -> 0 saved, 5 skipped (resume)
[09:06:30]     s0093 -> 0 saved, 5 skipped (resume)
[09:06:30]     s0094 -> 0 saved, 5 skipped (resume)
[09:06:30]     s0095 -> 0 saved, 5 skipped (resume)
[09:06:30]     s0096 -> 0 saved, 5 skipped (resume)
[09:06:30]     s0097 -> 0 saved, 5 skipped (resume)
[09:06:30]     s0098 -> 0 saved, 5 skipped (resume)
[09:06:30]     s0099 -> 0 saved, 5 skipped (resume)
[09:06:30]     s0100 -> 0 saved, 5 skipped (resume)
[09:06:30]     s0101 -> 0 saved, 5 skipped (resume)
[09:06:30]     s0102 -> 0 saved, 5 skipped (resume)
[09:06:30]     s0103 -> 0 saved, 5 skipped (resume)
[09:06:30]     s0104 -> 0 saved, 5 skipped (resume)
[09:06:30]     s0105 -> 0 saved, 5 skipped (resume)
[09:06:30]     s0106 -> 0 saved, 5 skipped (resume)
[09:06:30]     s0107 -> 0 saved, 5 skipped (resume)
[09:06:30]     s0108 -> 0 saved, 5 skipped (resume)
[09:06:30]     s0109 -> 0 saved, 5 skipped (resume)
[09:06:30]     s0110 -> 0 saved, 5 skipped (resume)
[09:06:30]     s0111 -> 0 saved, 5 skipped (resume)
[09:06:30]     s0112 -> 0 saved, 5 skipped (resume)
[09:06:30]     s0113 -> 0 saved, 5 skipped (resume)
[09:06:30]     s0114 -> 0 saved, 5 skipped (resume)
[09:06:30]     s0115 -> 0 saved, 5 skipped (resume)
[09:06:30]     s0116 -> 0 saved, 5 skipped (resume)
[09:06:30]     s0117 -> 0 saved, 5 skipped (resume)
[09:06:30]     s0118 -> 0 saved, 5 skipped (resume)
[09:06:30]     s0119 -> 0 saved, 5 skipped (resume)
[09:06:30]     s0120 -> 0 saved, 5 skipped (resume)
[09:06:30]     s0121 -> 0 saved, 5 skipped (resume)
[09:06:30]     s0122 -> 0 saved, 5 skipped (resume)
[09:06:30]     s0123 -> 0 saved, 5 skipped (resume)
[09:06:30]     s0124 -> 0 saved, 5 skipped (resume)
[09:06:30]     s0125 -> 0 saved, 5 skipped (resume)
[09:06:30]     s0126 -> 0 saved, 5 skipped (resume)
[09:06:30]     s0127 -> 0 saved, 5 skipped (resume)
[09:06:30]     s0128 -> 0 saved, 5 skipped (resume)
[09:06:30]     s0129 -> 0 saved, 5 skipped (resume)
[09:06:30]     s0130 -> 0 saved, 5 skipped (resume)
[09:06:30]     s0131 -> 0 saved, 5 skipped (resume)
[09:06:30]     s0132 -> 0 saved, 5 skipped (resume)
[09:06:30]     s0133 -> 0 saved, 5 skipped (resume)
[09:06:30]     s0134 -> 0 saved, 5 skipped (resume)
[09:06:30]     s0135 -> 0 saved, 5 skipped (resume)
[09:06:30]     s0136 -> 0 saved, 5 skipped (resume)
[09:06:30]     s0137 -> 0 saved, 5 skipped (resume)
[09:06:30]     s0138 -> 0 saved, 5 skipped (resume)
[09:06:30]     s0139 -> 0 saved, 5 skipped (resume)
[09:06:30]     s0140 -> 0 saved, 5 skipped (resume)
[09:06:30]     s0141 -> 0 saved, 5 skipped (resume)
[09:06:30]     s0142 -> 0 saved, 5 skipped (resume)
[09:06:30]     s0143 -> 0 saved, 5 skipped (resume)
[09:06:30]     s0144 -> 0 saved, 5 skipped (resume)
[09:06:30]     s0145 -> 0 saved, 5 skipped (resume)
[09:06:30]     s0146 -> 0 saved, 5 skipped (resume)
[09:06:30]     s0147 -> 0 saved, 5 skipped (resume)
[09:06:30]     s0148 -> 0 saved, 5 skipped (resume)
[09:06:30]     s0149 -> 0 saved, 5 skipped (resume)
[09:06:30]     s0150 -> 0 saved, 5 skipped (resume)
[09:06:30]     s0151 -> 0 saved, 5 skipped (resume)
[09:06:30]     s0152 -> 0 saved, 5 skipped (resume)
[09:06:30]     s0153 -> 0 saved, 5 skipped (resume)
[09:06:30]     s0154 -> 0 saved, 5 skipped (resume)
[09:06:30]     s0155 -> 0 saved, 5 skipped (resume)
[09:06:30]     s0156 -> 0 saved, 5 skipped (resume)
[09:06:30]     s0157 -> 0 saved, 5 skipped (resume)
[09:06:30]     s0158 -> 0 saved, 5 skipped (resume)
[09:06:30]     s0159 -> 0 saved, 5 skipped (resume)
[09:06:30]     s0160 -> 0 saved, 5 skipped (resume)
[09:06:30]     s0161 -> 0 saved, 5 skipped (resume)
[09:06:30]     s0162 -> 0 saved, 5 skipped (resume)
[09:06:30]     s0163 -> 0 saved, 5 skipped (resume)
[09:06:30]     s0164 -> 0 saved, 5 skipped (resume)
[09:06:30]     s0165 -> 0 saved, 5 skipped (resume)
[09:06:30]     s0166 -> 0 saved, 5 skipped (resume)
[09:06:30]     s0167 -> 0 saved, 5 skipped (resume)
[09:06:30]     s0168 -> 0 saved, 5 skipped (resume)
[09:06:30]     s0169 -> 0 saved, 5 skipped (resume)
[09:06:30]     s0170 -> 0 saved, 5 skipped (resume)
[09:06:30]     s0171 -> 0 saved, 5 skipped (resume)
[09:06:30]     s0172 -> 0 saved, 5 skipped (resume)
[09:06:30]     s0173 -> 0 saved, 5 skipped (resume)
[09:06:30]     s0174 -> 0 saved, 5 skipped (resume)
[09:06:30]     s0175 -> 0 saved, 5 skipped (resume)
[09:06:30]     s0176 -> 0 saved, 5 skipped (resume)
[09:06:30]     s0177 -> 0 saved, 5 skipped (resume)
[09:06:30]     s0178 -> 0 saved, 5 skipped (resume)
[09:06:30]     s0179 -> 0 saved, 5 skipped (resume)
[09:06:30]     s0180 -> 0 saved, 5 skipped (resume)
[09:06:30]     s0181 -> 0 saved, 5 skipped (resume)
[09:06:30]     s0182 -> 0 saved, 5 skipped (resume)
[09:06:30]     s0183 -> 0 saved, 5 skipped (resume)
[09:06:30]     s0184 -> 0 saved, 5 skipped (resume)
[09:06:30]     s0185 -> 0 saved, 5 skipped (resume)
[09:06:30]     s0186 -> 0 saved, 5 skipped (resume)
[09:06:30]     s0187 -> 0 saved, 5 skipped (resume)
[09:06:30]     s0188 -> 0 saved, 5 skipped (resume)
[09:06:30]     s0189 -> 0 saved, 5 skipped (resume)
[09:06:30]     s0190 -> 0 saved, 5 skipped (resume)
[09:06:30]     s0191 -> 0 saved, 5 skipped (resume)
[09:06:30]     s0192 -> 0 saved, 5 skipped (resume)
[09:06:30]     s0193 -> 0 saved, 5 skipped (resume)
[09:06:30]     s0194 -> 0 saved, 5 skipped (resume)
[09:06:30]     s0195 -> 0 saved, 5 skipped (resume)
[09:06:30]     s0196 -> 0 saved, 5 skipped (resume)
[09:06:30]     s0197 -> 0 saved, 5 skipped (resume)
[09:06:30]     s0198 -> 0 saved, 5 skipped (resume)
[09:06:30]     s0199 -> 0 saved, 5 skipped (resume)
[09:06:30]   qwen3:0.6b × eng_Latn (200 samples)
[09:06:30]     s0000 -> 0 saved, 5 skipped (resume)
[09:06:30]     s0001 -> 0 saved, 5 skipped (resume)
[09:06:30]     s0002 -> 0 saved, 5 skipped (resume)
[09:06:30]     s0003 -> 0 saved, 5 skipped (resume)
[09:06:30]     s0004 -> 0 saved, 5 skipped (resume)
[09:06:30]     s0005 -> 0 saved, 5 skipped (resume)
[09:06:30]     s0006 -> 0 saved, 5 skipped (resume)
[09:06:30]     s0007 -> 0 saved, 5 skipped (resume)
[09:06:30]     s0008 -> 0 saved, 5 skipped (resume)
[09:06:30]     s0009 -> 0 saved, 5 skipped (resume)
[09:06:30]     s0010 -> 0 saved, 5 skipped (resume)
[09:06:30]     s0011 -> 0 saved, 5 skipped (resume)
[09:06:30]     s0012 -> 0 saved, 5 skipped (resume)
[09:06:30]     s0013 -> 0 saved, 5 skipped (resume)
[09:06:30]     s0014 -> 0 saved, 5 skipped (resume)
[09:06:30]     s0015 -> 0 saved, 5 skipped (resume)
[09:06:30]     s0016 -> 0 saved, 5 skipped (resume)
[09:06:30]     s0017 -> 0 saved, 5 skipped (resume)
[09:06:30]     s0018 -> 0 saved, 5 skipped (resume)
[09:06:30]     s0019 -> 0 saved, 5 skipped (resume)
[09:06:30]     s0020 -> 0 saved, 5 skipped (resume)
[09:06:30]     s0021 -> 0 saved, 5 skipped (resume)
[09:06:30]     s0022 -> 0 saved, 5 skipped (resume)
[09:06:30]     s0023 -> 0 saved, 5 skipped (resume)
[09:06:30]     s0024 -> 0 saved, 5 skipped (resume)
[09:06:30]     s0025 -> 0 saved, 5 skipped (resume)
[09:06:30]     s0026 -> 0 saved, 5 skipped (resume)
[09:06:30]     s0027 -> 0 saved, 5 skipped (resume)
[09:06:30]     s0028 -> 0 saved, 5 skipped (resume)
[09:06:30]     s0029 -> 0 saved, 5 skipped (resume)
[09:06:30]     s0030 -> 0 saved, 5 skipped (resume)
[09:06:30]     s0031 -> 0 saved, 5 skipped (resume)
[09:06:30]     s0032 -> 0 saved, 5 skipped (resume)
[09:06:30]     s0033 -> 0 saved, 5 skipped (resume)
[09:06:30]     s0034 -> 0 saved, 5 skipped (resume)
[09:06:30]     s0035 -> 0 saved, 5 skipped (resume)
[09:06:30]     s0036 -> 0 saved, 5 skipped (resume)
[09:06:30]     s0037 -> 0 saved, 5 skipped (resume)
[09:06:30]     s0038 -> 0 saved, 5 skipped (resume)
[09:06:30]     s0039 -> 0 saved, 5 skipped (resume)
[09:06:30]     s0040 -> 0 saved, 5 skipped (resume)
[09:06:30]     s0041 -> 0 saved, 5 skipped (resume)
[09:06:30]     s0042 -> 0 saved, 5 skipped (resume)
[09:06:30]     s0043 -> 0 saved, 5 skipped (resume)
[09:06:30]     s0044 -> 0 saved, 5 skipped (resume)
[09:06:30]     s0045 -> 0 saved, 5 skipped (resume)
[09:06:30]     s0046 -> 0 saved, 5 skipped (resume)
[09:06:30]     s0047 -> 0 saved, 5 skipped (resume)
[09:06:30]     s0048 -> 0 saved, 5 skipped (resume)
[09:06:30]     s0049 -> 0 saved, 5 skipped (resume)
[09:06:30]     s0050 -> 0 saved, 5 skipped (resume)
[09:06:30]     s0051 -> 0 saved, 5 skipped (resume)
[09:06:30]     s0052 -> 0 saved, 5 skipped (resume)
[09:06:30]     s0053 -> 0 saved, 5 skipped (resume)
[09:06:30]     s0054 -> 0 saved, 5 skipped (resume)
[09:06:30]     s0055 -> 0 saved, 5 skipped (resume)
[09:06:30]     s0056 -> 0 saved, 5 skipped (resume)
[09:06:30]     s0057 -> 0 saved, 5 skipped (resume)
[09:06:30]     s0058 -> 0 saved, 5 skipped (resume)
[09:06:30]     s0059 -> 0 saved, 5 skipped (resume)
[09:06:30]     s0060 -> 0 saved, 5 skipped (resume)
[09:06:30]     s0061 -> 0 saved, 5 skipped (resume)
[09:06:30]     s0062 -> 0 saved, 5 skipped (resume)
[09:06:30]     s0063 -> 0 saved, 5 skipped (resume)
[09:06:30]     s0064 -> 0 saved, 5 skipped (resume)
[09:06:30]     s0065 -> 0 saved, 5 skipped (resume)
[09:06:30]     s0066 -> 0 saved, 5 skipped (resume)
[09:06:30]     s0067 -> 0 saved, 5 skipped (resume)
[09:06:30]     s0068 -> 0 saved, 5 skipped (resume)
[09:06:30]     s0069 -> 0 saved, 5 skipped (resume)
[09:06:30]     s0070 -> 0 saved, 5 skipped (resume)
[09:06:30]     s0071 -> 0 saved, 5 skipped (resume)
[09:06:30]     s0072 -> 0 saved, 5 skipped (resume)
[09:06:30]     s0073 -> 0 saved, 5 skipped (resume)
[09:06:30]     s0074 -> 0 saved, 5 skipped (resume)
[09:06:30]     s0075 -> 0 saved, 5 skipped (resume)
[09:06:30]     s0076 -> 0 saved, 5 skipped (resume)
[09:06:30]     s0077 -> 0 saved, 5 skipped (resume)
[09:06:30]     s0078 -> 0 saved, 5 skipped (resume)
[09:06:30]     s0079 -> 0 saved, 5 skipped (resume)
[09:06:30]     s0080 -> 0 saved, 5 skipped (resume)
[09:06:30]     s0081 -> 0 saved, 5 skipped (resume)
[09:06:30]     s0082 -> 0 saved, 5 skipped (resume)
[09:06:30]     s0083 -> 0 saved, 5 skipped (resume)
[09:06:30]     s0084 -> 0 saved, 5 skipped (resume)
[09:06:30]     s0085 -> 0 saved, 5 skipped (resume)
[09:06:30]     s0086 -> 0 saved, 5 skipped (resume)
[09:06:30]     s0087 -> 0 saved, 5 skipped (resume)
[09:06:30]     s0088 -> 0 saved, 5 skipped (resume)
[09:06:30]     s0089 -> 0 saved, 5 skipped (resume)
[09:06:30]     s0090 -> 0 saved, 5 skipped (resume)
[09:06:30]     s0091 -> 0 saved, 5 skipped (resume)
[09:06:30]     s0092 -> 0 saved, 5 skipped (resume)
[09:06:30]     s0093 -> 0 saved, 5 skipped (resume)
[09:06:30]     s0094 -> 0 saved, 5 skipped (resume)
[09:06:30]     s0095 -> 0 saved, 5 skipped (resume)
[09:06:30]     s0096 -> 0 saved, 5 skipped (resume)
[09:06:30]     s0097 -> 0 saved, 5 skipped (resume)
[09:06:30]     s0098 -> 0 saved, 5 skipped (resume)
[09:06:30]     s0099 -> 0 saved, 5 skipped (resume)
[09:06:30]     s0100 -> 0 saved, 5 skipped (resume)
[09:06:30]     s0101 -> 0 saved, 5 skipped (resume)
[09:06:30]     s0102 -> 0 saved, 5 skipped (resume)
[09:06:30]     s0103 -> 0 saved, 5 skipped (resume)
[09:06:30]     s0104 -> 0 saved, 5 skipped (resume)
[09:06:30]     s0105 -> 0 saved, 5 skipped (resume)
[09:06:30]     s0106 -> 0 saved, 5 skipped (resume)
[09:06:30]     s0107 -> 0 saved, 5 skipped (resume)
[09:06:30]     s0108 -> 0 saved, 5 skipped (resume)
[09:06:30]     s0109 -> 0 saved, 5 skipped (resume)
[09:06:30]     s0110 -> 0 saved, 5 skipped (resume)
[09:06:30]     s0111 -> 0 saved, 5 skipped (resume)
[09:06:30]     s0112 -> 0 saved, 5 skipped (resume)
[09:06:30]     s0113 -> 0 saved, 5 skipped (resume)
[09:06:30]     s0114 -> 0 saved, 5 skipped (resume)
[09:06:30]     s0115 -> 0 saved, 5 skipped (resume)
[09:06:30]     s0116 -> 0 saved, 5 skipped (resume)
[09:06:30]     s0117 -> 0 saved, 5 skipped (resume)
[09:06:30]     s0118 -> 0 saved, 5 skipped (resume)
[09:06:30]     s0119 -> 0 saved, 5 skipped (resume)
[09:06:30]     s0120 -> 0 saved, 5 skipped (resume)
[09:06:30]     s0121 -> 0 saved, 5 skipped (resume)
[09:06:30]     s0122 -> 0 saved, 5 skipped (resume)
[09:06:30]     s0123 -> 0 saved, 5 skipped (resume)
[09:06:30]     s0124 -> 0 saved, 5 skipped (resume)
[09:06:30]     s0125 -> 0 saved, 5 skipped (resume)
[09:06:30]     s0126 -> 0 saved, 5 skipped (resume)
[09:06:30]     s0127 -> 0 saved, 5 skipped (resume)
[09:06:30]     s0128 -> 0 saved, 5 skipped (resume)
[09:06:30]     s0129 -> 0 saved, 5 skipped (resume)
[09:06:30]     s0130 -> 0 saved, 5 skipped (resume)
[09:06:33]     s0131 -> 2 saved, 3 skipped (resume)
[09:06:35]     s0132 -> 5 trials saved
[09:06:38]     s0133 -> 5 trials saved
[09:06:41]     s0134 -> 5 trials saved
[09:06:43]     s0135 -> 5 trials saved
[09:06:47]     s0136 -> 5 trials saved
[09:06:50]     s0137 -> 5 trials saved
[09:06:55]     s0138 -> 5 trials saved
[09:06:57]     s0139 -> 5 trials saved
[09:07:01]     s0140 -> 5 trials saved
[09:07:03]     s0141 -> 5 trials saved
[09:07:06]     s0142 -> 5 trials saved
[09:07:10]     s0143 -> 5 trials saved
[09:07:17]     s0144 -> 5 trials saved
[09:07:25]     s0145 -> 5 trials saved
[09:07:29]     s0146 -> 5 trials saved
[09:07:33]     s0147 -> 5 trials saved
[09:07:35]     s0148 -> 5 trials saved
[09:07:38]     s0149 -> 5 trials saved
[09:07:42]     s0150 -> 5 trials saved
[09:07:45]     s0151 -> 5 trials saved
[09:07:48]     s0152 -> 5 trials saved
[09:07:51]     s0153 -> 5 trials saved
[09:07:55]     s0154 -> 5 trials saved
[09:07:58]     s0155 -> 5 trials saved
[09:08:00]     s0156 -> 5 trials saved
[09:08:02]     s0157 -> 5 trials saved
[09:08:05]     s0158 -> 5 trials saved
[09:08:08]     s0159 -> 5 trials saved
[09:08:10]     s0160 -> 5 trials saved
[09:08:13]     s0161 -> 5 trials saved
[09:08:15]     s0162 -> 5 trials saved
[09:08:17]     s0163 -> 5 trials saved
[09:08:20]     s0164 -> 5 trials saved
[09:08:23]     s0165 -> 5 trials saved
[09:08:26]     s0166 -> 5 trials saved
[09:08:31]     s0167 -> 5 trials saved
[09:08:34]     s0168 -> 5 trials saved
[09:08:36]     s0169 -> 5 trials saved
[09:08:38]     s0170 -> 5 trials saved
[09:08:41]     s0171 -> 5 trials saved
[09:08:43]     s0172 -> 5 trials saved
[09:08:46]     s0173 -> 5 trials saved
[09:08:48]     s0174 -> 5 trials saved
[09:08:51]     s0175 -> 5 trials saved
[09:08:54]     s0176 -> 5 trials saved
[09:08:57]     s0177 -> 5 trials saved
[09:08:59]     s0178 -> 5 trials saved
[09:09:02]     s0179 -> 5 trials saved
[09:09:05]     s0180 -> 5 trials saved
[09:09:07]     s0181 -> 5 trials saved
[09:09:11]     s0182 -> 5 trials saved
[09:09:13]     s0183 -> 5 trials saved
[09:09:15]     s0184 -> 5 trials saved
[09:09:19]     s0185 -> 5 trials saved
[09:09:21]     s0186 -> 5 trials saved
[09:09:23]     s0187 -> 5 trials saved
[09:09:26]     s0188 -> 5 trials saved
[09:09:29]     s0189 -> 5 trials saved
[09:09:32]     s0190 -> 5 trials saved
[09:09:37]     s0191 -> 5 trials saved
[09:09:38]     s0192 -> 5 trials saved
[09:09:42]     s0193 -> 5 trials saved
[09:09:46]     s0194 -> 5 trials saved
[09:09:48]     s0195 -> 5 trials saved
[09:09:51]     s0196 -> 5 trials saved
[09:09:53]     s0197 -> 5 trials saved
[09:09:55]     s0198 -> 5 trials saved
[09:09:58]     s0199 -> 5 trials saved
[09:09:58]   qwen3:0.6b × zho_Hans (200 samples)
[09:10:00]     s0000 -> 5 trials saved
[09:10:04]     s0001 -> 5 trials saved
[09:10:06]     s0002 -> 5 trials saved
[09:10:08]     s0003 -> 5 trials saved
[09:10:10]     s0004 -> 5 trials saved
[09:10:13]     s0005 -> 5 trials saved
[09:10:16]     s0006 -> 5 trials saved
[09:10:18]     s0007 -> 5 trials saved
[09:10:21]     s0008 -> 5 trials saved
[09:10:26]     s0009 -> 5 trials saved
[09:10:28]     s0010 -> 5 trials saved
[09:10:31]     s0011 -> 5 trials saved
[09:10:33]     s0012 -> 5 trials saved
[09:10:36]     s0013 -> 5 trials saved
[09:10:38]     s0014 -> 5 trials saved
[09:10:42]     s0015 -> 5 trials saved
[09:10:44]     s0016 -> 5 trials saved
[09:10:47]     s0017 -> 5 trials saved
[09:10:49]     s0018 -> 5 trials saved
[09:10:51]     s0019 -> 5 trials saved
[09:10:53]     s0020 -> 5 trials saved
[09:10:56]     s0021 -> 5 trials saved
[09:10:59]     s0022 -> 5 trials saved
[09:11:01]     s0023 -> 5 trials saved
[09:11:04]     s0024 -> 5 trials saved
[09:11:07]     s0025 -> 5 trials saved
[09:11:09]     s0026 -> 5 trials saved
[09:11:11]     s0027 -> 5 trials saved
[09:11:14]     s0028 -> 5 trials saved
[09:11:19]     s0029 -> 5 trials saved
[09:11:21]     s0030 -> 5 trials saved
[09:11:24]     s0031 -> 5 trials saved
[09:11:27]     s0032 -> 5 trials saved
[09:11:31]     s0033 -> 5 trials saved
[09:11:34]     s0034 -> 5 trials saved
[09:11:37]     s0035 -> 5 trials saved
[09:11:41]     s0036 -> 5 trials saved
[09:11:43]     s0037 -> 5 trials saved
[09:11:45]     s0038 -> 5 trials saved
[09:11:48]     s0039 -> 5 trials saved
[09:11:52]     s0040 -> 5 trials saved
[09:11:55]     s0041 -> 5 trials saved
[09:11:56]     s0042 -> 5 trials saved
[09:11:59]     s0043 -> 5 trials saved
[09:12:03]     s0044 -> 5 trials saved
[09:12:06]     s0045 -> 5 trials saved
[09:12:08]     s0046 -> 5 trials saved
[09:12:11]     s0047 -> 5 trials saved
[09:12:13]     s0048 -> 5 trials saved
[09:12:17]     s0049 -> 5 trials saved
[09:12:19]     s0050 -> 5 trials saved
[09:12:21]     s0051 -> 5 trials saved
[09:12:24]     s0052 -> 5 trials saved
[09:12:26]     s0053 -> 5 trials saved
[09:12:29]     s0054 -> 5 trials saved
[09:12:32]     s0055 -> 5 trials saved
[09:12:35]     s0056 -> 5 trials saved
[09:12:38]     s0057 -> 5 trials saved
[09:12:44]     s0058 -> 5 trials saved
[09:12:49]     s0059 -> 5 trials saved
[09:12:51]     s0060 -> 5 trials saved
[09:12:53]     s0061 -> 5 trials saved
[09:12:55]     s0062 -> 5 trials saved
[09:12:58]     s0063 -> 5 trials saved
[09:13:00]     s0064 -> 5 trials saved
[09:13:06]     s0065 -> 5 trials saved
[09:13:09]     s0066 -> 5 trials saved
[09:13:13]     s0067 -> 5 trials saved
[09:13:16]     s0068 -> 5 trials saved
[09:13:18]     s0069 -> 5 trials saved
[09:13:22]     s0070 -> 5 trials saved
[09:13:23]     s0071 -> 5 trials saved
[09:13:25]     s0072 -> 5 trials saved
[09:13:29]     s0073 -> 5 trials saved
[09:13:32]     s0074 -> 5 trials saved
[09:13:35]     s0075 -> 5 trials saved
[09:13:38]     s0076 -> 5 trials saved
[09:13:40]     s0077 -> 5 trials saved
[09:13:43]     s0078 -> 5 trials saved
[09:13:46]     s0079 -> 5 trials saved
[09:13:48]     s0080 -> 5 trials saved
[09:13:50]     s0081 -> 5 trials saved
[09:13:52]     s0082 -> 5 trials saved
[09:13:53]     s0083 -> 5 trials saved
[09:13:56]     s0084 -> 5 trials saved
[09:14:00]     s0085 -> 5 trials saved
[09:14:04]     s0086 -> 5 trials saved
[09:14:06]     s0087 -> 5 trials saved
[09:14:08]     s0088 -> 5 trials saved
[09:14:10]     s0089 -> 5 trials saved
[09:14:14]     s0090 -> 5 trials saved
[09:14:16]     s0091 -> 5 trials saved
[09:14:19]     s0092 -> 5 trials saved
[09:14:21]     s0093 -> 5 trials saved
[09:14:24]     s0094 -> 5 trials saved
[09:14:26]     s0095 -> 5 trials saved
[09:14:31]     s0096 -> 5 trials saved
[09:14:34]     s0097 -> 5 trials saved
[09:14:36]     s0098 -> 5 trials saved
[09:14:39]     s0099 -> 5 trials saved
[09:14:41]     s0100 -> 5 trials saved
[09:14:44]     s0101 -> 5 trials saved
[09:14:46]     s0102 -> 5 trials saved
[09:14:48]     s0103 -> 5 trials saved
[09:14:50]     s0104 -> 5 trials saved
[09:14:52]     s0105 -> 5 trials saved
[09:14:55]     s0106 -> 5 trials saved
[09:14:59]     s0107 -> 5 trials saved
[09:15:02]     s0108 -> 5 trials saved
[09:15:05]     s0109 -> 5 trials saved
[09:15:07]     s0110 -> 5 trials saved
[09:15:09]     s0111 -> 5 trials saved
[09:15:11]     s0112 -> 5 trials saved
[09:15:13]     s0113 -> 5 trials saved
[09:15:16]     s0114 -> 5 trials saved
[09:15:19]     s0115 -> 5 trials saved
[09:15:23]     s0116 -> 5 trials saved
[09:15:26]     s0117 -> 5 trials saved
[09:15:28]     s0118 -> 5 trials saved
[09:15:30]     s0119 -> 5 trials saved
[09:15:33]     s0120 -> 5 trials saved
[09:15:35]     s0121 -> 5 trials saved
[09:15:38]     s0122 -> 5 trials saved
[09:15:40]     s0123 -> 5 trials saved
[09:15:44]     s0124 -> 5 trials saved
[09:15:46]     s0125 -> 5 trials saved
[09:15:49]     s0126 -> 5 trials saved
[09:15:52]     s0127 -> 5 trials saved
[09:15:55]     s0128 -> 5 trials saved
[09:15:57]     s0129 -> 5 trials saved
[09:16:00]     s0130 -> 5 trials saved
[09:16:03]     s0131 -> 5 trials saved
[09:16:05]     s0132 -> 5 trials saved
[09:16:09]     s0133 -> 5 trials saved
[09:16:11]     s0134 -> 5 trials saved
[09:16:14]     s0135 -> 5 trials saved
[09:16:18]     s0136 -> 5 trials saved
[09:16:20]     s0137 -> 5 trials saved
[09:16:25]     s0138 -> 5 trials saved
[09:16:28]     s0139 -> 5 trials saved
[09:16:31]     s0140 -> 5 trials saved
[09:16:34]     s0141 -> 5 trials saved
[09:16:37]     s0142 -> 5 trials saved
[09:16:41]     s0143 -> 5 trials saved
[09:16:44]     s0144 -> 5 trials saved
[09:16:50]     s0145 -> 5 trials saved
[09:16:53]     s0146 -> 5 trials saved
[09:16:56]     s0147 -> 5 trials saved
[09:16:59]     s0148 -> 5 trials saved
[09:17:02]     s0149 -> 5 trials saved
[09:17:05]     s0150 -> 5 trials saved
[09:17:08]     s0151 -> 5 trials saved
[09:17:11]     s0152 -> 5 trials saved
[09:17:13]     s0153 -> 5 trials saved
[09:17:16]     s0154 -> 5 trials saved
[09:17:19]     s0155 -> 5 trials saved
[09:17:21]     s0156 -> 5 trials saved
[09:17:22]     s0157 -> 5 trials saved
[09:17:25]     s0158 -> 5 trials saved
[09:17:28]     s0159 -> 5 trials saved
[09:17:31]     s0160 -> 5 trials saved
[09:17:33]     s0161 -> 5 trials saved
[09:17:35]     s0162 -> 5 trials saved
[09:17:39]     s0163 -> 5 trials saved
[09:17:42]     s0164 -> 5 trials saved
[09:17:46]     s0165 -> 5 trials saved
[09:17:50]     s0166 -> 5 trials saved
[09:17:54]     s0167 -> 5 trials saved
[09:17:56]     s0168 -> 5 trials saved
[09:17:59]     s0169 -> 5 trials saved
[09:18:03]     s0170 -> 5 trials saved
[09:18:06]     s0171 -> 5 trials saved
[09:18:08]     s0172 -> 5 trials saved
[09:18:10]     s0173 -> 5 trials saved
[09:18:12]     s0174 -> 5 trials saved
[09:18:15]     s0175 -> 5 trials saved
[09:18:18]     s0176 -> 5 trials saved
[09:18:20]     s0177 -> 5 trials saved
[09:18:22]     s0178 -> 5 trials saved
[09:18:25]     s0179 -> 5 trials saved
[09:18:28]     s0180 -> 5 trials saved
[09:18:30]     s0181 -> 5 trials saved
[09:18:33]     s0182 -> 5 trials saved
[09:18:35]     s0183 -> 5 trials saved
[09:18:37]     s0184 -> 5 trials saved
[09:18:41]     s0185 -> 5 trials saved
[09:18:43]     s0186 -> 5 trials saved
[09:18:45]     s0187 -> 5 trials saved
[09:18:48]     s0188 -> 5 trials saved
[09:18:51]     s0189 -> 5 trials saved
[09:18:54]     s0190 -> 5 trials saved
[09:19:01]     s0191 -> 5 trials saved
[09:19:03]     s0192 -> 5 trials saved
[09:19:07]     s0193 -> 5 trials saved
[09:19:11]     s0194 -> 5 trials saved
[09:19:13]     s0195 -> 5 trials saved
[09:19:17]     s0196 -> 5 trials saved
[09:19:19]     s0197 -> 5 trials saved
[09:19:22]     s0198 -> 5 trials saved
[09:19:24]     s0199 -> 5 trials saved
[09:19:24]   qwen3:0.6b × jpn_Jpan (200 samples)
[09:19:27]     s0000 -> 5 trials saved
[09:19:37]     s0001 -> 5 trials saved
[09:19:41]     s0002 -> 5 trials saved
[09:19:44]     s0003 -> 5 trials saved
[09:19:49]     s0004 -> 5 trials saved
[09:19:54]     s0005 -> 5 trials saved
[09:19:57]     s0006 -> 5 trials saved
[09:19:59]     s0007 -> 5 trials saved
[09:20:02]     s0008 -> 5 trials saved
[09:20:07]     s0009 -> 5 trials saved
[09:20:10]     s0010 -> 5 trials saved
[09:20:13]     s0011 -> 5 trials saved
[09:20:16]     s0012 -> 5 trials saved
[09:20:18]     s0013 -> 5 trials saved
[09:20:25]     s0014 -> 5 trials saved
[09:20:28]     s0015 -> 5 trials saved
[09:20:32]     s0016 -> 5 trials saved
[09:20:37]     s0017 -> 5 trials saved
[09:20:41]     s0018 -> 5 trials saved
[09:20:43]     s0019 -> 5 trials saved
[09:20:45]     s0020 -> 5 trials saved
[09:20:49]     s0021 -> 5 trials saved
[09:20:52]     s0022 -> 5 trials saved
[09:20:56]     s0023 -> 5 trials saved
[09:21:02]     s0024 -> 5 trials saved
[09:21:08]     s0025 -> 5 trials saved
[09:21:11]     s0026 -> 5 trials saved
[09:21:14]     s0027 -> 5 trials saved
[09:21:17]     s0028 -> 5 trials saved
[09:21:22]     s0029 -> 5 trials saved
[09:21:28]     s0030 -> 5 trials saved
[09:21:33]     s0031 -> 5 trials saved
[09:21:38]     s0032 -> 5 trials saved
[09:21:43]     s0033 -> 5 trials saved
[09:21:45]     s0034 -> 5 trials saved
[09:21:50]     s0035 -> 5 trials saved
[09:21:55]     s0036 -> 5 trials saved
[09:21:59]     s0037 -> 5 trials saved
[09:22:03]     s0038 -> 5 trials saved
[09:22:08]     s0039 -> 5 trials saved
[09:22:14]     s0040 -> 5 trials saved
[09:22:18]     s0041 -> 5 trials saved
[09:22:20]     s0042 -> 5 trials saved
[09:22:25]     s0043 -> 5 trials saved
[09:22:30]     s0044 -> 5 trials saved
[09:22:33]     s0045 -> 5 trials saved
[09:22:37]     s0046 -> 5 trials saved
[09:22:40]     s0047 -> 5 trials saved
[09:22:42]     s0048 -> 5 trials saved
[09:22:47]     s0049 -> 5 trials saved
[09:22:49]     s0050 -> 5 trials saved
[09:22:53]     s0051 -> 5 trials saved
[09:22:58]     s0052 -> 5 trials saved
[09:23:06]     s0053 -> 5 trials saved
[09:23:10]     s0054 -> 5 trials saved
[09:23:12]     s0055 -> 5 trials saved
[09:23:18]     s0056 -> 5 trials saved
[09:23:22]     s0057 -> 5 trials saved
[09:23:31]     s0058 -> 5 trials saved
[09:23:36]     s0059 -> 5 trials saved
[09:23:40]     s0060 -> 5 trials saved
[09:23:45]     s0061 -> 5 trials saved
[09:23:47]     s0062 -> 5 trials saved
[09:23:52]     s0063 -> 5 trials saved
[09:23:55]     s0064 -> 5 trials saved
[09:24:01]     s0065 -> 5 trials saved
[09:24:05]     s0066 -> 5 trials saved
[09:24:12]     s0067 -> 5 trials saved
[09:24:16]     s0068 -> 5 trials saved
[09:24:19]     s0069 -> 5 trials saved
[09:24:24]     s0070 -> 5 trials saved
[09:24:28]     s0071 -> 5 trials saved
[09:24:32]     s0072 -> 5 trials saved
[09:24:37]     s0073 -> 5 trials saved
[09:24:41]     s0074 -> 5 trials saved
[09:24:44]     s0075 -> 5 trials saved
[09:24:47]     s0076 -> 5 trials saved
[09:24:52]     s0077 -> 5 trials saved
[09:24:56]     s0078 -> 5 trials saved
[09:25:01]     s0079 -> 5 trials saved
[09:25:03]     s0080 -> 5 trials saved
[09:25:09]     s0081 -> 5 trials saved
[09:25:12]     s0082 -> 5 trials saved
[09:25:14]     s0083 -> 5 trials saved
[09:25:17]     s0084 -> 5 trials saved
[09:25:21]     s0085 -> 5 trials saved
[09:25:25]     s0086 -> 5 trials saved
[09:25:28]     s0087 -> 5 trials saved
[09:25:30]     s0088 -> 5 trials saved
[09:25:33]     s0089 -> 5 trials saved
[09:25:39]     s0090 -> 5 trials saved
[09:25:42]     s0091 -> 5 trials saved
[09:25:46]     s0092 -> 5 trials saved
[09:25:49]     s0093 -> 5 trials saved
[09:25:51]     s0094 -> 5 trials saved
[09:25:54]     s0095 -> 5 trials saved
[09:25:58]     s0096 -> 5 trials saved
[09:26:04]     s0097 -> 5 trials saved
[09:26:06]     s0098 -> 5 trials saved
[09:26:10]     s0099 -> 5 trials saved
[09:26:13]     s0100 -> 5 trials saved
[09:26:19]     s0101 -> 5 trials saved
[09:26:22]     s0102 -> 5 trials saved
[09:26:26]     s0103 -> 5 trials saved
[09:26:29]     s0104 -> 5 trials saved
[09:26:32]     s0105 -> 5 trials saved
[09:26:36]     s0106 -> 5 trials saved
[09:26:41]     s0107 -> 5 trials saved
[09:26:50]     s0108 -> 5 trials saved
[09:26:55]     s0109 -> 5 trials saved
[09:26:57]     s0110 -> 5 trials saved
[09:27:04]     s0111 -> 5 trials saved
[09:27:07]     s0112 -> 5 trials saved
[09:27:09]     s0113 -> 5 trials saved
[09:27:15]     s0114 -> 5 trials saved
[09:27:20]     s0115 -> 5 trials saved
[09:27:25]     s0116 -> 5 trials saved
[09:27:29]     s0117 -> 5 trials saved
[09:27:33]     s0118 -> 5 trials saved
[09:27:36]     s0119 -> 5 trials saved
[09:27:46]     s0120 -> 5 trials saved
[09:27:52]     s0121 -> 5 trials saved
[09:28:00]     s0122 -> 5 trials saved
[09:28:07]     s0123 -> 5 trials saved
[09:28:14]     s0124 -> 5 trials saved
[09:28:17]     s0125 -> 5 trials saved
[09:28:23]     s0126 -> 5 trials saved
[09:28:30]     s0127 -> 5 trials saved
[09:28:35]     s0128 -> 5 trials saved
[09:28:40]     s0129 -> 5 trials saved
[09:28:47]     s0130 -> 5 trials saved
[09:28:51]     s0131 -> 5 trials saved
[09:28:55]     s0132 -> 5 trials saved
[09:28:59]     s0133 -> 5 trials saved
[09:29:04]     s0134 -> 5 trials saved
[09:29:07]     s0135 -> 5 trials saved
[09:29:13]     s0136 -> 5 trials saved
[09:29:16]     s0137 -> 5 trials saved
[09:29:19]     s0138 -> 5 trials saved
[09:29:28]     s0139 -> 5 trials saved
[09:29:32]     s0140 -> 5 trials saved
[09:29:36]     s0141 -> 5 trials saved
[09:29:41]     s0142 -> 5 trials saved
[09:29:47]     s0143 -> 5 trials saved
[09:29:51]     s0144 -> 5 trials saved
[09:30:04]     s0145 -> 5 trials saved
[09:30:08]     s0146 -> 5 trials saved
[09:30:14]     s0147 -> 5 trials saved
[09:30:18]     s0148 -> 5 trials saved
[09:30:22]     s0149 -> 5 trials saved
[09:30:29]     s0150 -> 5 trials saved
[09:30:43]     s0151 -> 5 trials saved
[09:30:47]     s0152 -> 5 trials saved
[09:30:51]     s0153 -> 5 trials saved
[09:30:57]     s0154 -> 5 trials saved
[09:31:02]     s0155 -> 5 trials saved
[09:31:05]     s0156 -> 5 trials saved
[09:31:10]     s0157 -> 5 trials saved
[09:31:13]     s0158 -> 5 trials saved
[09:31:18]     s0159 -> 5 trials saved
[09:31:22]     s0160 -> 5 trials saved
[09:31:27]     s0161 -> 5 trials saved
[09:31:33]     s0162 -> 5 trials saved
[09:31:35]     s0163 -> 5 trials saved
[09:31:41]     s0164 -> 5 trials saved
[09:31:44]     s0165 -> 5 trials saved
[09:31:55]     s0166 -> 5 trials saved
[09:32:04]     s0167 -> 5 trials saved
[09:32:07]     s0168 -> 5 trials saved
[09:32:12]     s0169 -> 5 trials saved
[09:32:18]     s0170 -> 5 trials saved
[09:32:23]     s0171 -> 5 trials saved
[09:32:28]     s0172 -> 5 trials saved
[09:32:30]     s0173 -> 5 trials saved
[09:32:33]     s0174 -> 5 trials saved
[09:32:36]     s0175 -> 5 trials saved
[09:32:40]     s0176 -> 5 trials saved
[09:32:43]     s0177 -> 5 trials saved
[09:32:46]     s0178 -> 5 trials saved
[09:32:53]     s0179 -> 5 trials saved
[09:32:57]     s0180 -> 5 trials saved
[09:33:00]     s0181 -> 5 trials saved
[09:33:05]     s0182 -> 5 trials saved
[09:33:09]     s0183 -> 5 trials saved
[09:33:12]     s0184 -> 5 trials saved
[09:33:18]     s0185 -> 5 trials saved
[09:33:21]     s0186 -> 5 trials saved
[09:33:24]     s0187 -> 5 trials saved
[09:33:30]     s0188 -> 5 trials saved
[09:33:34]     s0189 -> 5 trials saved
[09:33:39]     s0190 -> 5 trials saved
[09:33:46]     s0191 -> 5 trials saved
[09:33:48]     s0192 -> 5 trials saved
[09:33:53]     s0193 -> 5 trials saved
[09:33:56]     s0194 -> 5 trials saved
[09:33:59]     s0195 -> 5 trials saved
[09:34:04]     s0196 -> 5 trials saved
[09:34:07]     s0197 -> 5 trials saved
[09:34:10]     s0198 -> 5 trials saved
[09:34:13]     s0199 -> 5 trials saved
[09:34:13]   qwen3:0.6b × kor_Hang (200 samples)
[09:34:17]     s0000 -> 5 trials saved
[09:34:23]     s0001 -> 5 trials saved
[09:34:26]     s0002 -> 5 trials saved
[09:34:28]     s0003 -> 5 trials saved
[09:34:34]     s0004 -> 5 trials saved
[09:34:40]     s0005 -> 5 trials saved
[09:34:48]     s0006 -> 5 trials saved
[09:34:51]     s0007 -> 5 trials saved
[09:34:55]     s0008 -> 5 trials saved
[09:35:02]     s0009 -> 5 trials saved
[09:35:06]     s0010 -> 5 trials saved
[09:35:11]     s0011 -> 5 trials saved
[09:35:14]     s0012 -> 5 trials saved
[09:35:19]     s0013 -> 5 trials saved
[09:35:23]     s0014 -> 5 trials saved
[09:35:26]     s0015 -> 5 trials saved
[09:35:29]     s0016 -> 5 trials saved
[09:35:33]     s0017 -> 5 trials saved
[09:35:47]     s0018 -> 5 trials saved
[09:35:51]     s0019 -> 5 trials saved
[09:35:55]     s0020 -> 5 trials saved
[09:35:59]     s0021 -> 5 trials saved
[09:36:02]     s0022 -> 5 trials saved
[09:36:05]     s0023 -> 5 trials saved
[09:36:10]     s0024 -> 5 trials saved
[09:36:16]     s0025 -> 5 trials saved
[09:36:20]     s0026 -> 5 trials saved
[09:36:23]     s0027 -> 5 trials saved
[09:36:28]     s0028 -> 5 trials saved
[09:36:35]     s0029 -> 5 trials saved
[09:36:38]     s0030 -> 5 trials saved
[09:36:43]     s0031 -> 5 trials saved
[09:36:48]     s0032 -> 5 trials saved
[09:36:52]     s0033 -> 5 trials saved
[09:36:56]     s0034 -> 5 trials saved
[09:37:03]     s0035 -> 5 trials saved
[09:37:08]     s0036 -> 5 trials saved
[09:37:11]     s0037 -> 5 trials saved
[09:37:15]     s0038 -> 5 trials saved
[09:37:20]     s0039 -> 5 trials saved
[09:37:26]     s0040 -> 5 trials saved
[09:37:29]     s0041 -> 5 trials saved
[09:37:32]     s0042 -> 5 trials saved
[09:37:38]     s0043 -> 5 trials saved
[09:37:44]     s0044 -> 5 trials saved
[09:37:49]     s0045 -> 5 trials saved
[09:37:53]     s0046 -> 5 trials saved
[09:37:56]     s0047 -> 5 trials saved
[09:37:58]     s0048 -> 5 trials saved
[09:38:04]     s0049 -> 5 trials saved
[09:38:07]     s0050 -> 5 trials saved
[09:38:10]     s0051 -> 5 trials saved
[09:38:14]     s0052 -> 5 trials saved
[09:38:21]     s0053 -> 5 trials saved
[09:38:26]     s0054 -> 5 trials saved
[09:38:32]     s0055 -> 5 trials saved
[09:38:36]     s0056 -> 5 trials saved
[09:38:40]     s0057 -> 5 trials saved
[09:38:53]     s0058 -> 5 trials saved
[09:39:00]     s0059 -> 5 trials saved
[09:39:04]     s0060 -> 5 trials saved
[09:39:08]     s0061 -> 5 trials saved
[09:39:11]     s0062 -> 5 trials saved
[09:39:16]     s0063 -> 5 trials saved
[09:39:19]     s0064 -> 5 trials saved
[09:39:26]     s0065 -> 5 trials saved
[09:39:32]     s0066 -> 5 trials saved
[09:39:38]     s0067 -> 5 trials saved
[09:39:43]     s0068 -> 5 trials saved
[09:39:46]     s0069 -> 5 trials saved
[09:39:50]     s0070 -> 5 trials saved
[09:40:01]     s0071 -> 5 trials saved
[09:40:06]     s0072 -> 5 trials saved
[09:40:12]     s0073 -> 5 trials saved
[09:40:17]     s0074 -> 5 trials saved
[09:40:21]     s0075 -> 5 trials saved
[09:40:25]     s0076 -> 5 trials saved
[09:40:29]     s0077 -> 5 trials saved
[09:40:34]     s0078 -> 5 trials saved
[09:40:41]     s0079 -> 5 trials saved
[09:40:47]     s0080 -> 5 trials saved
[09:40:53]     s0081 -> 5 trials saved
[09:40:56]     s0082 -> 5 trials saved
[09:40:57]     s0083 -> 5 trials saved
[09:41:01]     s0084 -> 5 trials saved
[09:41:06]     s0085 -> 5 trials saved
[09:41:10]     s0086 -> 5 trials saved
[09:41:13]     s0087 -> 5 trials saved
[09:41:16]     s0088 -> 5 trials saved
[09:41:18]     s0089 -> 5 trials saved
[09:41:24]     s0090 -> 5 trials saved
[09:41:27]     s0091 -> 5 trials saved
[09:41:32]     s0092 -> 5 trials saved
[09:41:36]     s0093 -> 5 trials saved
[09:41:41]     s0094 -> 5 trials saved
[09:41:46]     s0095 -> 5 trials saved
[09:41:47]     s0096 -> 5 trials saved
[09:41:53]     s0097 -> 5 trials saved
[09:41:55]     s0098 -> 5 trials saved
[09:42:01]     s0099 -> 5 trials saved
[09:42:04]     s0100 -> 5 trials saved
[09:42:09]     s0101 -> 5 trials saved
[09:42:13]     s0102 -> 5 trials saved
[09:42:17]     s0103 -> 5 trials saved
[09:42:20]     s0104 -> 5 trials saved
[09:42:23]     s0105 -> 5 trials saved
[09:42:27]     s0106 -> 5 trials saved
[09:42:33]     s0107 -> 5 trials saved
[09:42:37]     s0108 -> 5 trials saved
[09:42:42]     s0109 -> 5 trials saved
[09:42:45]     s0110 -> 5 trials saved
[09:42:49]     s0111 -> 5 trials saved
[09:42:52]     s0112 -> 5 trials saved
[09:42:56]     s0113 -> 5 trials saved
[09:43:00]     s0114 -> 5 trials saved
[09:43:05]     s0115 -> 5 trials saved
[09:43:10]     s0116 -> 5 trials saved
[09:43:14]     s0117 -> 5 trials saved
[09:43:21]     s0118 -> 5 trials saved
[09:43:24]     s0119 -> 5 trials saved
[09:43:28]     s0120 -> 5 trials saved
[09:43:32]     s0121 -> 5 trials saved
[09:43:38]     s0122 -> 5 trials saved
[09:43:42]     s0123 -> 5 trials saved
[09:51:21]     s0124 -> 5 trials saved
[09:51:26]     s0125 -> 5 trials saved
[09:51:31]     s0126 -> 5 trials saved
[09:51:37]     s0127 -> 5 trials saved
[09:51:42]     s0128 -> 5 trials saved
[09:51:47]     s0129 -> 5 trials saved
[09:51:55]     s0130 -> 5 trials saved
[09:51:59]     s0131 -> 5 trials saved
[09:52:03]     s0132 -> 5 trials saved
[09:52:10]     s0133 -> 5 trials saved
[09:52:13]     s0134 -> 5 trials saved
[09:52:19]     s0135 -> 5 trials saved
[09:52:26]     s0136 -> 5 trials saved
[09:52:28]     s0137 -> 5 trials saved
[09:52:34]     s0138 -> 5 trials saved
[09:52:37]     s0139 -> 5 trials saved
[09:52:42]     s0140 -> 5 trials saved
[09:52:44]     s0141 -> 5 trials saved
[09:52:50]     s0142 -> 5 trials saved
[09:52:55]     s0143 -> 5 trials saved
[09:53:05]     s0144 -> 5 trials saved
[09:53:16]     s0145 -> 5 trials saved
[09:53:23]     s0146 -> 5 trials saved
[09:53:29]     s0147 -> 5 trials saved
[09:53:36]     s0148 -> 5 trials saved
[09:53:42]     s0149 -> 5 trials saved
[09:53:49]     s0150 -> 5 trials saved
[09:53:54]     s0151 -> 5 trials saved
[09:54:06]     s0152 -> 5 trials saved
[09:54:10]     s0153 -> 5 trials saved
[09:54:15]     s0154 -> 5 trials saved
[09:54:19]     s0155 -> 5 trials saved
[09:54:23]     s0156 -> 5 trials saved
[09:54:28]     s0157 -> 5 trials saved
[09:54:34]     s0158 -> 5 trials saved
[09:54:40]     s0159 -> 5 trials saved
[09:54:44]     s0160 -> 5 trials saved
[09:54:48]     s0161 -> 5 trials saved
[09:54:52]     s0162 -> 5 trials saved
[09:54:57]     s0163 -> 5 trials saved
[09:55:03]     s0164 -> 5 trials saved
[09:55:07]     s0165 -> 5 trials saved
[09:55:14]     s0166 -> 5 trials saved
[09:55:20]     s0167 -> 5 trials saved
[09:55:24]     s0168 -> 5 trials saved
[09:55:27]     s0169 -> 5 trials saved
[09:55:33]     s0170 -> 5 trials saved
[09:55:37]     s0171 -> 5 trials saved
[09:55:42]     s0172 -> 5 trials saved
[09:55:45]     s0173 -> 5 trials saved
[09:55:48]     s0174 -> 5 trials saved
[09:55:51]     s0175 -> 5 trials saved
[09:55:55]     s0176 -> 5 trials saved
[09:55:58]     s0177 -> 5 trials saved
[09:56:01]     s0178 -> 5 trials saved
[09:56:07]     s0179 -> 5 trials saved
[09:56:11]     s0180 -> 5 trials saved
[09:56:15]     s0181 -> 5 trials saved
[09:56:19]     s0182 -> 5 trials saved
[09:56:23]     s0183 -> 5 trials saved
[09:56:28]     s0184 -> 5 trials saved
[09:56:33]     s0185 -> 5 trials saved
[09:56:38]     s0186 -> 5 trials saved
[09:56:42]     s0187 -> 5 trials saved
[09:56:49]     s0188 -> 5 trials saved
[09:56:52]     s0189 -> 5 trials saved
[09:56:57]     s0190 -> 5 trials saved
[09:57:05]     s0191 -> 5 trials saved
[09:57:07]     s0192 -> 5 trials saved
[09:57:11]     s0193 -> 5 trials saved
[09:57:18]     s0194 -> 5 trials saved
[09:57:25]     s0195 -> 5 trials saved
[09:57:29]     s0196 -> 5 trials saved
[09:57:32]     s0197 -> 5 trials saved
[09:57:36]     s0198 -> 5 trials saved
[09:57:40]     s0199 -> 5 trials saved
[09:57:40]   qwen3:0.6b × spa_Latn (200 samples)
[09:57:44]     s0000 -> 5 trials saved
[09:57:49]     s0001 -> 5 trials saved
[09:57:52]     s0002 -> 5 trials saved
[09:57:55]     s0003 -> 5 trials saved
[09:57:59]     s0004 -> 5 trials saved
[09:58:04]     s0005 -> 5 trials saved
[09:58:08]     s0006 -> 5 trials saved
[09:58:12]     s0007 -> 5 trials saved
[09:58:15]     s0008 -> 5 trials saved
[09:58:22]     s0009 -> 5 trials saved
[09:58:25]     s0010 -> 5 trials saved
[09:58:29]     s0011 -> 5 trials saved
[09:58:32]     s0012 -> 5 trials saved
[09:58:35]     s0013 -> 5 trials saved
[09:58:37]     s0014 -> 5 trials saved
[09:58:39]     s0015 -> 5 trials saved
[09:58:43]     s0016 -> 5 trials saved
[09:58:48]     s0017 -> 5 trials saved
[09:58:53]     s0018 -> 5 trials saved
[09:58:56]     s0019 -> 5 trials saved
[09:58:59]     s0020 -> 5 trials saved
[09:59:02]     s0021 -> 5 trials saved
[09:59:04]     s0022 -> 5 trials saved
[09:59:08]     s0023 -> 5 trials saved
[09:59:12]     s0024 -> 5 trials saved
[09:59:17]     s0025 -> 5 trials saved
[09:59:20]     s0026 -> 5 trials saved
[09:59:22]     s0027 -> 5 trials saved
[09:59:27]     s0028 -> 5 trials saved
[09:59:31]     s0029 -> 5 trials saved
[09:59:35]     s0030 -> 5 trials saved
[09:59:38]     s0031 -> 5 trials saved
[09:59:42]     s0032 -> 5 trials saved
[09:59:48]     s0033 -> 5 trials saved
[09:59:52]     s0034 -> 5 trials saved
[09:59:56]     s0035 -> 5 trials saved
[10:00:00]     s0036 -> 5 trials saved
[10:00:04]     s0037 -> 5 trials saved
[10:00:08]     s0038 -> 5 trials saved
[10:00:13]     s0039 -> 5 trials saved
[10:00:21]     s0040 -> 5 trials saved
[10:00:25]     s0041 -> 5 trials saved
[10:00:28]     s0042 -> 5 trials saved
[10:00:31]     s0043 -> 5 trials saved
[10:00:35]     s0044 -> 5 trials saved
[10:00:38]     s0045 -> 5 trials saved
[10:00:41]     s0046 -> 5 trials saved
[10:00:43]     s0047 -> 5 trials saved
[10:00:48]     s0048 -> 5 trials saved
[10:00:53]     s0049 -> 5 trials saved
[10:00:56]     s0050 -> 5 trials saved
[10:00:58]     s0051 -> 5 trials saved
[10:01:03]     s0052 -> 5 trials saved
[10:01:06]     s0053 -> 5 trials saved
[10:01:09]     s0054 -> 5 trials saved
[10:01:15]     s0055 -> 5 trials saved
[10:01:19]     s0056 -> 5 trials saved
[10:01:23]     s0057 -> 5 trials saved
[10:01:33]     s0058 -> 5 trials saved
[10:01:38]     s0059 -> 5 trials saved
[10:01:41]     s0060 -> 5 trials saved
[10:01:45]     s0061 -> 5 trials saved
[10:01:48]     s0062 -> 5 trials saved
[10:01:53]     s0063 -> 5 trials saved
[10:01:56]     s0064 -> 5 trials saved
[10:02:03]     s0065 -> 5 trials saved
[10:02:07]     s0066 -> 5 trials saved
[10:02:11]     s0067 -> 5 trials saved
[10:02:15]     s0068 -> 5 trials saved
[10:02:17]     s0069 -> 5 trials saved
[10:02:22]     s0070 -> 5 trials saved
[10:02:25]     s0071 -> 5 trials saved
[10:02:29]     s0072 -> 5 trials saved
[10:02:35]     s0073 -> 5 trials saved
[10:02:40]     s0074 -> 5 trials saved
[10:02:43]     s0075 -> 5 trials saved
[10:02:47]     s0076 -> 5 trials saved
[10:02:50]     s0077 -> 5 trials saved
[10:02:55]     s0078 -> 5 trials saved
[10:03:01]     s0079 -> 5 trials saved
[10:03:04]     s0080 -> 5 trials saved
[10:03:10]     s0081 -> 5 trials saved
[10:03:13]     s0082 -> 5 trials saved
[10:03:16]     s0083 -> 5 trials saved
[10:03:20]     s0084 -> 5 trials saved
[10:03:26]     s0085 -> 5 trials saved
[10:03:30]     s0086 -> 5 trials saved
[10:03:33]     s0087 -> 5 trials saved
[10:03:36]     s0088 -> 5 trials saved
[10:03:38]     s0089 -> 5 trials saved
[10:03:44]     s0090 -> 5 trials saved
[10:03:49]     s0091 -> 5 trials saved
[10:03:53]     s0092 -> 5 trials saved
[10:03:57]     s0093 -> 5 trials saved
[10:04:01]     s0094 -> 5 trials saved
[10:04:06]     s0095 -> 5 trials saved
[10:04:09]     s0096 -> 5 trials saved
[10:04:16]     s0097 -> 5 trials saved
[10:04:18]     s0098 -> 5 trials saved
[10:04:22]     s0099 -> 5 trials saved
[10:04:26]     s0100 -> 5 trials saved
[10:04:29]     s0101 -> 5 trials saved
[10:04:35]     s0102 -> 5 trials saved
[10:04:38]     s0103 -> 5 trials saved
[10:04:41]     s0104 -> 5 trials saved
[10:04:44]     s0105 -> 5 trials saved
[10:04:48]     s0106 -> 5 trials saved
[10:04:52]     s0107 -> 5 trials saved
[10:04:57]     s0108 -> 5 trials saved
[10:05:02]     s0109 -> 5 trials saved
[10:05:05]     s0110 -> 5 trials saved
[10:05:10]     s0111 -> 5 trials saved
[10:05:12]     s0112 -> 5 trials saved
[10:05:16]     s0113 -> 5 trials saved
[10:05:20]     s0114 -> 5 trials saved
[10:05:24]     s0115 -> 5 trials saved
[10:05:30]     s0116 -> 5 trials saved
[10:05:34]     s0117 -> 5 trials saved
[10:05:37]     s0118 -> 5 trials saved
[10:05:40]     s0119 -> 5 trials saved
[10:05:43]     s0120 -> 5 trials saved
[10:05:47]     s0121 -> 5 trials saved
[10:05:51]     s0122 -> 5 trials saved
[10:05:55]     s0123 -> 5 trials saved
[10:06:00]     s0124 -> 5 trials saved
[10:06:03]     s0125 -> 5 trials saved
[10:06:08]     s0126 -> 5 trials saved
[10:06:13]     s0127 -> 5 trials saved
[10:06:18]     s0128 -> 5 trials saved
[10:06:22]     s0129 -> 5 trials saved
[10:06:28]     s0130 -> 5 trials saved
[10:06:32]     s0131 -> 5 trials saved
[10:06:36]     s0132 -> 5 trials saved
[10:06:41]     s0133 -> 5 trials saved
[10:06:44]     s0134 -> 5 trials saved
[10:06:48]     s0135 -> 5 trials saved
[10:06:54]     s0136 -> 5 trials saved
[10:06:56]     s0137 -> 5 trials saved
[10:07:03]     s0138 -> 5 trials saved
[10:07:07]     s0139 -> 5 trials saved
[10:07:12]     s0140 -> 5 trials saved
[10:07:15]     s0141 -> 5 trials saved
[10:07:19]     s0142 -> 5 trials saved
[10:07:24]     s0143 -> 5 trials saved
[10:07:27]     s0144 -> 5 trials saved
[10:07:39]     s0145 -> 5 trials saved
[10:07:44]     s0146 -> 5 trials saved
[10:07:49]     s0147 -> 5 trials saved
[10:07:52]     s0148 -> 5 trials saved
[10:07:54]     s0149 -> 5 trials saved
[10:08:00]     s0150 -> 5 trials saved
[10:08:04]     s0151 -> 5 trials saved
[10:08:08]     s0152 -> 5 trials saved
[10:08:12]     s0153 -> 5 trials saved
[10:08:17]     s0154 -> 5 trials saved
[10:08:21]     s0155 -> 5 trials saved
[10:08:25]     s0156 -> 5 trials saved
[10:08:27]     s0157 -> 5 trials saved
[10:08:32]     s0158 -> 5 trials saved
[10:08:36]     s0159 -> 5 trials saved
[10:08:40]     s0160 -> 5 trials saved
[10:08:44]     s0161 -> 5 trials saved
[10:08:48]     s0162 -> 5 trials saved
[10:08:50]     s0163 -> 5 trials saved
[10:08:53]     s0164 -> 5 trials saved
[10:08:57]     s0165 -> 5 trials saved
[10:09:03]     s0166 -> 5 trials saved
[10:09:08]     s0167 -> 5 trials saved
[10:09:12]     s0168 -> 5 trials saved
[10:09:15]     s0169 -> 5 trials saved
[10:09:19]     s0170 -> 5 trials saved
[10:09:23]     s0171 -> 5 trials saved
[10:09:25]     s0172 -> 5 trials saved
[10:09:28]     s0173 -> 5 trials saved
[10:09:31]     s0174 -> 5 trials saved
[10:09:36]     s0175 -> 5 trials saved
[10:09:40]     s0176 -> 5 trials saved
[10:09:45]     s0177 -> 5 trials saved
[10:09:47]     s0178 -> 5 trials saved
[10:09:52]     s0179 -> 5 trials saved
[10:09:56]     s0180 -> 5 trials saved
[10:09:59]     s0181 -> 5 trials saved
[10:10:02]     s0182 -> 5 trials saved
[10:10:05]     s0183 -> 5 trials saved
[10:10:09]     s0184 -> 5 trials saved
[10:10:12]     s0185 -> 5 trials saved
[10:10:15]     s0186 -> 5 trials saved
[10:10:17]     s0187 -> 5 trials saved
[10:10:21]     s0188 -> 5 trials saved
[10:10:24]     s0189 -> 5 trials saved
[10:10:30]     s0190 -> 5 trials saved
[10:10:35]     s0191 -> 5 trials saved
[10:10:37]     s0192 -> 5 trials saved
[10:10:41]     s0193 -> 5 trials saved
[10:10:47]     s0194 -> 5 trials saved
[10:10:50]     s0195 -> 5 trials saved
[10:10:54]     s0196 -> 5 trials saved
[10:10:57]     s0197 -> 5 trials saved
[10:11:01]     s0198 -> 5 trials saved
[10:11:04]     s0199 -> 5 trials saved
[10:11:04]   qwen3:0.6b × fra_Latn (200 samples)
[10:11:09]     s0000 -> 5 trials saved
[10:11:14]     s0001 -> 5 trials saved
[10:11:18]     s0002 -> 5 trials saved
[10:11:19]     s0003 -> 5 trials saved
[10:11:24]     s0004 -> 5 trials saved
[10:11:29]     s0005 -> 5 trials saved
[10:11:34]     s0006 -> 5 trials saved
[10:11:37]     s0007 -> 5 trials saved
[10:11:42]     s0008 -> 5 trials saved
[10:11:48]     s0009 -> 5 trials saved
[10:11:53]     s0010 -> 5 trials saved
[10:11:58]     s0011 -> 5 trials saved
[10:12:02]     s0012 -> 5 trials saved
[10:12:06]     s0013 -> 5 trials saved
[10:12:09]     s0014 -> 5 trials saved
[10:12:12]     s0015 -> 5 trials saved
[10:12:17]     s0016 -> 5 trials saved
[10:12:22]     s0017 -> 5 trials saved
[10:12:27]     s0018 -> 5 trials saved
[10:12:31]     s0019 -> 5 trials saved
[10:12:34]     s0020 -> 5 trials saved
[10:12:39]     s0021 -> 5 trials saved
[10:12:41]     s0022 -> 5 trials saved
[10:12:45]     s0023 -> 5 trials saved
[10:12:49]     s0024 -> 5 trials saved
[10:12:56]     s0025 -> 5 trials saved
[10:12:59]     s0026 -> 5 trials saved
[10:13:01]     s0027 -> 5 trials saved
[10:13:07]     s0028 -> 5 trials saved
[10:13:13]     s0029 -> 5 trials saved
[10:13:17]     s0030 -> 5 trials saved
[10:13:21]     s0031 -> 5 trials saved
[10:13:26]     s0032 -> 5 trials saved
[10:13:31]     s0033 -> 5 trials saved
[10:13:36]     s0034 -> 5 trials saved
[10:13:41]     s0035 -> 5 trials saved
[10:13:46]     s0036 -> 5 trials saved
[10:13:49]     s0037 -> 5 trials saved
[10:13:52]     s0038 -> 5 trials saved
[10:13:57]     s0039 -> 5 trials saved
[10:14:04]     s0040 -> 5 trials saved
[10:14:09]     s0041 -> 5 trials saved
[10:14:11]     s0042 -> 5 trials saved
[10:14:17]     s0043 -> 5 trials saved
[10:14:23]     s0044 -> 5 trials saved
[10:14:26]     s0045 -> 5 trials saved
[10:14:30]     s0046 -> 5 trials saved
[10:14:32]     s0047 -> 5 trials saved
[10:14:36]     s0048 -> 5 trials saved
[10:14:41]     s0049 -> 5 trials saved
[10:14:44]     s0050 -> 5 trials saved
[10:14:47]     s0051 -> 5 trials saved
[10:14:51]     s0052 -> 5 trials saved
[10:14:55]     s0053 -> 5 trials saved
[10:15:00]     s0054 -> 5 trials saved
[10:15:07]     s0055 -> 5 trials saved
[10:15:11]     s0056 -> 5 trials saved
[10:15:15]     s0057 -> 5 trials saved
[10:15:24]     s0058 -> 5 trials saved
[10:15:30]     s0059 -> 5 trials saved
[10:15:33]     s0060 -> 5 trials saved
[10:15:37]     s0061 -> 5 trials saved
[10:15:40]     s0062 -> 5 trials saved
[10:15:44]     s0063 -> 5 trials saved
[10:15:48]     s0064 -> 5 trials saved
[10:15:55]     s0065 -> 5 trials saved
[10:16:01]     s0066 -> 5 trials saved
[10:16:06]     s0067 -> 5 trials saved
[10:16:12]     s0068 -> 5 trials saved
[10:16:14]     s0069 -> 5 trials saved
[10:16:21]     s0070 -> 5 trials saved
[10:16:24]     s0071 -> 5 trials saved
[10:16:28]     s0072 -> 5 trials saved
[10:16:35]     s0073 -> 5 trials saved
[10:16:41]     s0074 -> 5 trials saved
[10:16:46]     s0075 -> 5 trials saved
[10:16:49]     s0076 -> 5 trials saved
[10:16:52]     s0077 -> 5 trials saved
[10:16:57]     s0078 -> 5 trials saved
[10:17:04]     s0079 -> 5 trials saved
[10:17:07]     s0080 -> 5 trials saved
[10:17:14]     s0081 -> 5 trials saved
[10:17:18]     s0082 -> 5 trials saved
[10:17:20]     s0083 -> 5 trials saved
[10:17:25]     s0084 -> 5 trials saved
[10:17:30]     s0085 -> 5 trials saved
[10:17:34]     s0086 -> 5 trials saved
[10:17:37]     s0087 -> 5 trials saved
[10:17:40]     s0088 -> 5 trials saved
[10:17:43]     s0089 -> 5 trials saved
[10:17:50]     s0090 -> 5 trials saved
[10:17:55]     s0091 -> 5 trials saved
[10:17:59]     s0092 -> 5 trials saved
[10:18:03]     s0093 -> 5 trials saved
[10:18:08]     s0094 -> 5 trials saved
[10:18:13]     s0095 -> 5 trials saved
[10:18:19]     s0096 -> 5 trials saved
[10:18:25]     s0097 -> 5 trials saved
[10:18:27]     s0098 -> 5 trials saved
[10:18:31]     s0099 -> 5 trials saved
[10:18:35]     s0100 -> 5 trials saved
[10:18:39]     s0101 -> 5 trials saved
[10:18:43]     s0102 -> 5 trials saved
[10:18:46]     s0103 -> 5 trials saved
[10:18:49]     s0104 -> 5 trials saved
[10:18:53]     s0105 -> 5 trials saved
[10:18:57]     s0106 -> 5 trials saved
[10:19:03]     s0107 -> 5 trials saved
[10:19:08]     s0108 -> 5 trials saved
[10:19:12]     s0109 -> 5 trials saved
[10:19:15]     s0110 -> 5 trials saved
[10:19:20]     s0111 -> 5 trials saved
[10:19:23]     s0112 -> 5 trials saved
[10:19:27]     s0113 -> 5 trials saved
[10:19:31]     s0114 -> 5 trials saved
[10:19:35]     s0115 -> 5 trials saved
[10:19:41]     s0116 -> 5 trials saved
[10:19:45]     s0117 -> 5 trials saved
[10:19:48]     s0118 -> 5 trials saved
[10:19:51]     s0119 -> 5 trials saved
[10:19:55]     s0120 -> 5 trials saved
[10:19:59]     s0121 -> 5 trials saved
[10:20:04]     s0122 -> 5 trials saved
[10:20:07]     s0123 -> 5 trials saved
[10:20:13]     s0124 -> 5 trials saved
[10:20:17]     s0125 -> 5 trials saved
[10:20:22]     s0126 -> 5 trials saved
[10:20:26]     s0127 -> 5 trials saved
[10:20:30]     s0128 -> 5 trials saved
[10:20:33]     s0129 -> 5 trials saved
[10:20:39]     s0130 -> 5 trials saved
[10:20:43]     s0131 -> 5 trials saved
[10:20:46]     s0132 -> 5 trials saved
[10:20:53]     s0133 -> 5 trials saved
[10:20:57]     s0134 -> 5 trials saved
[10:21:01]     s0135 -> 5 trials saved
[10:21:08]     s0136 -> 5 trials saved
[10:21:10]     s0137 -> 5 trials saved
[10:21:19]     s0138 -> 5 trials saved
[10:21:22]     s0139 -> 5 trials saved
[10:21:28]     s0140 -> 5 trials saved
[10:21:31]     s0141 -> 5 trials saved
[10:21:35]     s0142 -> 5 trials saved
[10:21:40]     s0143 -> 5 trials saved
[10:21:46]     s0144 -> 5 trials saved
[10:21:59]     s0145 -> 5 trials saved
[10:22:05]     s0146 -> 5 trials saved
[10:22:11]     s0147 -> 5 trials saved
[10:22:14]     s0148 -> 5 trials saved
[10:22:18]     s0149 -> 5 trials saved
[10:22:24]     s0150 -> 5 trials saved
[10:22:29]     s0151 -> 5 trials saved
[10:22:32]     s0152 -> 5 trials saved
[10:22:37]     s0153 -> 5 trials saved
[10:22:42]     s0154 -> 5 trials saved
[10:22:46]     s0155 -> 5 trials saved
[10:22:50]     s0156 -> 5 trials saved
[10:22:52]     s0157 -> 5 trials saved
[10:22:57]     s0158 -> 5 trials saved
[10:23:00]     s0159 -> 5 trials saved
[10:23:04]     s0160 -> 5 trials saved
[10:23:08]     s0161 -> 5 trials saved
[10:23:12]     s0162 -> 5 trials saved
[10:23:14]     s0163 -> 5 trials saved
[10:23:17]     s0164 -> 5 trials saved
[10:23:22]     s0165 -> 5 trials saved
[10:23:29]     s0166 -> 5 trials saved
[10:23:35]     s0167 -> 5 trials saved
[10:23:39]     s0168 -> 5 trials saved
[10:23:42]     s0169 -> 5 trials saved
[10:23:48]     s0170 -> 5 trials saved
[10:23:52]     s0171 -> 5 trials saved
[10:23:55]     s0172 -> 5 trials saved
[10:23:59]     s0173 -> 5 trials saved
[10:24:02]     s0174 -> 5 trials saved
[10:24:06]     s0175 -> 5 trials saved
[10:24:09]     s0176 -> 5 trials saved
[10:24:14]     s0177 -> 5 trials saved
[10:24:17]     s0178 -> 5 trials saved
[10:24:22]     s0179 -> 5 trials saved
[10:24:26]     s0180 -> 5 trials saved
[10:24:30]     s0181 -> 5 trials saved
[10:24:34]     s0182 -> 5 trials saved
[10:24:37]     s0183 -> 5 trials saved
[10:24:42]     s0184 -> 5 trials saved
[10:24:48]     s0185 -> 5 trials saved
[10:24:50]     s0186 -> 5 trials saved
[10:24:53]     s0187 -> 5 trials saved
[10:24:58]     s0188 -> 5 trials saved
[10:25:00]     s0189 -> 5 trials saved
[10:25:06]     s0190 -> 5 trials saved
[10:25:12]     s0191 -> 5 trials saved
[10:25:15]     s0192 -> 5 trials saved
[10:25:19]     s0193 -> 5 trials saved
[10:25:26]     s0194 -> 5 trials saved
[10:25:30]     s0195 -> 5 trials saved
[10:25:35]     s0196 -> 5 trials saved
[10:25:38]     s0197 -> 5 trials saved
[10:25:41]     s0198 -> 5 trials saved
[10:25:46]     s0199 -> 5 trials saved
[10:25:46]   qwen3:0.6b × deu_Latn (200 samples)
[10:25:50]     s0000 -> 5 trials saved
[10:25:55]     s0001 -> 5 trials saved
[10:25:58]     s0002 -> 5 trials saved
[10:26:02]     s0003 -> 5 trials saved
[10:26:06]     s0004 -> 5 trials saved
[10:26:12]     s0005 -> 5 trials saved
[10:26:17]     s0006 -> 5 trials saved
[10:26:20]     s0007 -> 5 trials saved
[10:26:25]     s0008 -> 5 trials saved
[10:26:32]     s0009 -> 5 trials saved
[10:26:35]     s0010 -> 5 trials saved
[10:26:40]     s0011 -> 5 trials saved
[10:26:44]     s0012 -> 5 trials saved
[10:26:48]     s0013 -> 5 trials saved
[10:26:50]     s0014 -> 5 trials saved
[10:26:53]     s0015 -> 5 trials saved
[10:26:58]     s0016 -> 5 trials saved
[10:27:04]     s0017 -> 5 trials saved
[10:27:10]     s0018 -> 5 trials saved
[10:27:14]     s0019 -> 5 trials saved
[10:27:17]     s0020 -> 5 trials saved
[10:27:21]     s0021 -> 5 trials saved
[10:27:24]     s0022 -> 5 trials saved
[10:27:27]     s0023 -> 5 trials saved
[10:27:33]     s0024 -> 5 trials saved
[10:27:38]     s0025 -> 5 trials saved
[10:27:42]     s0026 -> 5 trials saved
[10:27:43]     s0027 -> 5 trials saved
[10:27:47]     s0028 -> 5 trials saved
[10:27:53]     s0029 -> 5 trials saved
[10:27:57]     s0030 -> 5 trials saved
[10:28:02]     s0031 -> 5 trials saved
[10:28:06]     s0032 -> 5 trials saved
[10:28:12]     s0033 -> 5 trials saved
[10:28:16]     s0034 -> 5 trials saved
[10:28:21]     s0035 -> 5 trials saved
[10:28:26]     s0036 -> 5 trials saved
[10:28:31]     s0037 -> 5 trials saved
[10:28:35]     s0038 -> 5 trials saved
[10:28:39]     s0039 -> 5 trials saved
[10:28:47]     s0040 -> 5 trials saved
[10:28:52]     s0041 -> 5 trials saved
[10:28:54]     s0042 -> 5 trials saved
[10:28:59]     s0043 -> 5 trials saved
[10:29:05]     s0044 -> 5 trials saved
[10:29:08]     s0045 -> 5 trials saved
[10:29:12]     s0046 -> 5 trials saved
[10:29:15]     s0047 -> 5 trials saved
[10:29:18]     s0048 -> 5 trials saved
[10:29:23]     s0049 -> 5 trials saved
[10:29:28]     s0050 -> 5 trials saved
[10:29:31]     s0051 -> 5 trials saved
[10:29:35]     s0052 -> 5 trials saved
[10:29:39]     s0053 -> 5 trials saved
[10:29:44]     s0054 -> 5 trials saved
[10:29:51]     s0055 -> 5 trials saved
[10:29:56]     s0056 -> 5 trials saved
[10:30:00]     s0057 -> 5 trials saved
[10:30:08]     s0058 -> 5 trials saved
[10:30:14]     s0059 -> 5 trials saved
[10:30:17]     s0060 -> 5 trials saved
[10:30:22]     s0061 -> 5 trials saved
[10:30:25]     s0062 -> 5 trials saved
[10:30:31]     s0063 -> 5 trials saved
[10:30:34]     s0064 -> 5 trials saved
[10:30:41]     s0065 -> 5 trials saved
[10:30:45]     s0066 -> 5 trials saved
[10:30:50]     s0067 -> 5 trials saved
[10:30:56]     s0068 -> 5 trials saved
[10:30:59]     s0069 -> 5 trials saved
[10:31:05]     s0070 -> 5 trials saved
[10:31:09]     s0071 -> 5 trials saved
[10:31:12]     s0072 -> 5 trials saved
[10:31:19]     s0073 -> 5 trials saved
[10:31:24]     s0074 -> 5 trials saved
[10:31:29]     s0075 -> 5 trials saved
[10:31:32]     s0076 -> 5 trials saved
[10:31:36]     s0077 -> 5 trials saved
[10:31:40]     s0078 -> 5 trials saved
[10:31:46]     s0079 -> 5 trials saved
[10:31:49]     s0080 -> 5 trials saved
[10:31:56]     s0081 -> 5 trials saved
[10:31:59]     s0082 -> 5 trials saved
[10:32:02]     s0083 -> 5 trials saved
[10:32:06]     s0084 -> 5 trials saved
[10:32:12]     s0085 -> 5 trials saved
[10:32:16]     s0086 -> 5 trials saved
[10:32:19]     s0087 -> 5 trials saved
[10:32:23]     s0088 -> 5 trials saved
[10:32:25]     s0089 -> 5 trials saved
[10:32:32]     s0090 -> 5 trials saved
[10:32:36]     s0091 -> 5 trials saved
[10:32:40]     s0092 -> 5 trials saved
[10:32:43]     s0093 -> 5 trials saved
[10:32:47]     s0094 -> 5 trials saved
[10:32:51]     s0095 -> 5 trials saved
[10:32:58]     s0096 -> 5 trials saved
[10:33:03]     s0097 -> 5 trials saved
[10:33:05]     s0098 -> 5 trials saved
[10:33:09]     s0099 -> 5 trials saved
[10:33:12]     s0100 -> 5 trials saved
[10:33:15]     s0101 -> 5 trials saved
[10:33:20]     s0102 -> 5 trials saved
[10:33:24]     s0103 -> 5 trials saved
[10:33:28]     s0104 -> 5 trials saved
[10:33:31]     s0105 -> 5 trials saved
[10:33:35]     s0106 -> 5 trials saved
[10:33:41]     s0107 -> 5 trials saved
[10:33:46]     s0108 -> 5 trials saved
[10:33:51]     s0109 -> 5 trials saved
[10:33:54]     s0110 -> 5 trials saved
[10:33:59]     s0111 -> 5 trials saved
[10:34:03]     s0112 -> 5 trials saved
[10:34:07]     s0113 -> 5 trials saved
[10:34:12]     s0114 -> 5 trials saved
[10:34:17]     s0115 -> 5 trials saved
[10:34:23]     s0116 -> 5 trials saved
[10:34:27]     s0117 -> 5 trials saved
[10:34:31]     s0118 -> 5 trials saved
[10:34:33]     s0119 -> 5 trials saved
[10:34:39]     s0120 -> 5 trials saved
[10:34:43]     s0121 -> 5 trials saved
[10:34:47]     s0122 -> 5 trials saved
[10:34:51]     s0123 -> 5 trials saved
[10:34:56]     s0124 -> 5 trials saved
[10:34:59]     s0125 -> 5 trials saved
[10:35:04]     s0126 -> 5 trials saved
[10:35:10]     s0127 -> 5 trials saved
[10:35:15]     s0128 -> 5 trials saved
[10:35:18]     s0129 -> 5 trials saved
[10:35:24]     s0130 -> 5 trials saved
[10:35:27]     s0131 -> 5 trials saved
[10:35:30]     s0132 -> 5 trials saved
[10:35:35]     s0133 -> 5 trials saved
[10:35:39]     s0134 -> 5 trials saved
[10:35:42]     s0135 -> 5 trials saved
[10:35:49]     s0136 -> 5 trials saved
[10:35:52]     s0137 -> 5 trials saved
[10:35:59]     s0138 -> 5 trials saved
[10:36:03]     s0139 -> 5 trials saved
[10:36:08]     s0140 -> 5 trials saved
[10:36:11]     s0141 -> 5 trials saved
[10:36:15]     s0142 -> 5 trials saved
[10:36:21]     s0143 -> 5 trials saved
[10:36:26]     s0144 -> 5 trials saved
[10:36:38]     s0145 -> 5 trials saved
[10:36:43]     s0146 -> 5 trials saved
[10:36:47]     s0147 -> 5 trials saved
[10:36:51]     s0148 -> 5 trials saved
[10:36:56]     s0149 -> 5 trials saved
[10:37:02]     s0150 -> 5 trials saved
[10:37:07]     s0151 -> 5 trials saved
[10:37:11]     s0152 -> 5 trials saved
[10:37:15]     s0153 -> 5 trials saved
[10:37:20]     s0154 -> 5 trials saved
[10:37:25]     s0155 -> 5 trials saved
[10:37:29]     s0156 -> 5 trials saved
[10:37:31]     s0157 -> 5 trials saved
[10:37:37]     s0158 -> 5 trials saved
[10:37:43]     s0159 -> 5 trials saved
[10:37:47]     s0160 -> 5 trials saved
[10:37:50]     s0161 -> 5 trials saved
[10:37:55]     s0162 -> 5 trials saved
[10:37:57]     s0163 -> 5 trials saved
[10:38:01]     s0164 -> 5 trials saved
[10:38:06]     s0165 -> 5 trials saved
[10:38:13]     s0166 -> 5 trials saved
[10:38:20]     s0167 -> 5 trials saved
[10:38:23]     s0168 -> 5 trials saved
[10:38:26]     s0169 -> 5 trials saved
[10:38:31]     s0170 -> 5 trials saved
[10:38:34]     s0171 -> 5 trials saved
[10:38:37]     s0172 -> 5 trials saved
[10:38:41]     s0173 -> 5 trials saved
[10:38:43]     s0174 -> 5 trials saved
[10:38:49]     s0175 -> 5 trials saved
[10:38:52]     s0176 -> 5 trials saved
[10:38:58]     s0177 -> 5 trials saved
[10:39:00]     s0178 -> 5 trials saved
[10:39:06]     s0179 -> 5 trials saved
[10:39:09]     s0180 -> 5 trials saved
[10:39:13]     s0181 -> 5 trials saved
[10:39:18]     s0182 -> 5 trials saved
[10:39:21]     s0183 -> 5 trials saved
[10:39:25]     s0184 -> 5 trials saved
[10:39:31]     s0185 -> 5 trials saved
[10:39:34]     s0186 -> 5 trials saved
[10:39:37]     s0187 -> 5 trials saved
[10:39:42]     s0188 -> 5 trials saved
[10:39:46]     s0189 -> 5 trials saved
[10:39:51]     s0190 -> 5 trials saved
[10:39:57]     s0191 -> 5 trials saved
[10:40:00]     s0192 -> 5 trials saved
[10:40:04]     s0193 -> 5 trials saved
[10:40:11]     s0194 -> 5 trials saved
[10:40:14]     s0195 -> 5 trials saved
[10:40:18]     s0196 -> 5 trials saved
[10:40:21]     s0197 -> 5 trials saved
[10:40:25]     s0198 -> 5 trials saved
[10:40:29]     s0199 -> 5 trials saved
[10:40:29] === run_benchmark done ===
