[10:04:26] === run_benchmark start ===
[10:04:26] models=4 languages=7 samples=200 repeats=5 warmup=1 resume=True overwrite=False
[10:04:26] -- experiment A_fixed_tokens --
[10:04:26]   qwen3.5:0.8b × eng_Latn (200 samples)
[10:04:26]     s0000 -> 0 saved, 5 skipped (resume)
[10:04:26]     s0001 -> 0 saved, 5 skipped (resume)
[10:04:26]     s0002 -> 0 saved, 5 skipped (resume)
[10:04:26]     s0003 -> 0 saved, 5 skipped (resume)
[10:04:26]     s0004 -> 0 saved, 5 skipped (resume)
[10:04:26]     s0005 -> 0 saved, 5 skipped (resume)
[10:04:26]     s0006 -> 0 saved, 5 skipped (resume)
[10:04:26]     s0007 -> 0 saved, 5 skipped (resume)
[10:04:26]     s0008 -> 0 saved, 5 skipped (resume)
[10:04:26]     s0009 -> 0 saved, 5 skipped (resume)
[10:04:26]     s0010 -> 0 saved, 5 skipped (resume)
[10:04:26]     s0011 -> 0 saved, 5 skipped (resume)
[10:04:26]     s0012 -> 0 saved, 5 skipped (resume)
[10:04:26]     s0013 -> 0 saved, 5 skipped (resume)
[10:04:26]     s0014 -> 0 saved, 5 skipped (resume)
[10:04:26]     s0015 -> 0 saved, 5 skipped (resume)
[10:04:26]     s0016 -> 0 saved, 5 skipped (resume)
[10:04:26]     s0017 -> 0 saved, 5 skipped (resume)
[10:04:26]     s0018 -> 0 saved, 5 skipped (resume)
[10:04:26]     s0019 -> 0 saved, 5 skipped (resume)
[10:04:26]     s0020 -> 0 saved, 5 skipped (resume)
[10:04:26]     s0021 -> 0 saved, 5 skipped (resume)
[10:04:26]     s0022 -> 0 saved, 5 skipped (resume)
[10:04:26]     s0023 -> 0 saved, 5 skipped (resume)
[10:04:26]     s0024 -> 0 saved, 5 skipped (resume)
[10:04:26]     s0025 -> 0 saved, 5 skipped (resume)
[10:04:26]     s0026 -> 0 saved, 5 skipped (resume)
[10:04:26]     s0027 -> 0 saved, 5 skipped (resume)
[10:04:26]     s0028 -> 0 saved, 5 skipped (resume)
[10:04:26]     s0029 -> 0 saved, 5 skipped (resume)
[10:04:26]     s0030 -> 0 saved, 5 skipped (resume)
[10:04:26]     s0031 -> 0 saved, 5 skipped (resume)
[10:04:26]     s0032 -> 0 saved, 5 skipped (resume)
[10:04:26]     s0033 -> 0 saved, 5 skipped (resume)
[10:04:26]     s0034 -> 0 saved, 5 skipped (resume)
[10:04:26]     s0035 -> 0 saved, 5 skipped (resume)
[10:04:26]     s0036 -> 0 saved, 5 skipped (resume)
[10:04:26]     s0037 -> 0 saved, 5 skipped (resume)
[10:04:26]     s0038 -> 0 saved, 5 skipped (resume)
[10:04:26]     s0039 -> 0 saved, 5 skipped (resume)
[10:04:26]     s0040 -> 0 saved, 5 skipped (resume)
[10:04:26]     s0041 -> 0 saved, 5 skipped (resume)
[10:04:26]     s0042 -> 0 saved, 5 skipped (resume)
[10:04:26]     s0043 -> 0 saved, 5 skipped (resume)
[10:04:26]     s0044 -> 0 saved, 5 skipped (resume)
[10:04:26]     s0045 -> 0 saved, 5 skipped (resume)
[10:04:26]     s0046 -> 0 saved, 5 skipped (resume)
[10:04:26]     s0047 -> 0 saved, 5 skipped (resume)
[10:04:26]     s0048 -> 0 saved, 5 skipped (resume)
[10:04:26]     s0049 -> 0 saved, 5 skipped (resume)
[10:04:26]     s0050 -> 0 saved, 5 skipped (resume)
[10:04:26]     s0051 -> 0 saved, 5 skipped (resume)
[10:04:26]     s0052 -> 0 saved, 5 skipped (resume)
[10:04:26]     s0053 -> 0 saved, 5 skipped (resume)
[10:04:26]     s0054 -> 0 saved, 5 skipped (resume)
[10:04:26]     s0055 -> 0 saved, 5 skipped (resume)
[10:04:26]     s0056 -> 0 saved, 5 skipped (resume)
[10:04:26]     s0057 -> 0 saved, 5 skipped (resume)
[10:04:26]     s0058 -> 0 saved, 5 skipped (resume)
[10:04:26]     s0059 -> 0 saved, 5 skipped (resume)
[10:04:26]     s0060 -> 0 saved, 5 skipped (resume)
[10:04:26]     s0061 -> 0 saved, 5 skipped (resume)
[10:04:26]     s0062 -> 0 saved, 5 skipped (resume)
[10:04:26]     s0063 -> 0 saved, 5 skipped (resume)
[10:04:26]     s0064 -> 0 saved, 5 skipped (resume)
[10:04:26]     s0065 -> 0 saved, 5 skipped (resume)
[10:04:26]     s0066 -> 0 saved, 5 skipped (resume)
[10:04:26]     s0067 -> 0 saved, 5 skipped (resume)
[10:04:26]     s0068 -> 0 saved, 5 skipped (resume)
[10:04:26]     s0069 -> 0 saved, 5 skipped (resume)
[10:04:26]     s0070 -> 0 saved, 5 skipped (resume)
[10:04:26]     s0071 -> 0 saved, 5 skipped (resume)
[10:04:26]     s0072 -> 0 saved, 5 skipped (resume)
[10:04:26]     s0073 -> 0 saved, 5 skipped (resume)
[10:04:26]     s0074 -> 0 saved, 5 skipped (resume)
[10:04:26]     s0075 -> 0 saved, 5 skipped (resume)
[10:04:26]     s0076 -> 0 saved, 5 skipped (resume)
[10:04:26]     s0077 -> 0 saved, 5 skipped (resume)
[10:04:26]     s0078 -> 0 saved, 5 skipped (resume)
[10:04:26]     s0079 -> 0 saved, 5 skipped (resume)
[10:04:26]     s0080 -> 0 saved, 5 skipped (resume)
[10:04:26]     s0081 -> 0 saved, 5 skipped (resume)
[10:04:26]     s0082 -> 0 saved, 5 skipped (resume)
[10:04:26]     s0083 -> 0 saved, 5 skipped (resume)
[10:04:26]     s0084 -> 0 saved, 5 skipped (resume)
[10:04:26]     s0085 -> 0 saved, 5 skipped (resume)
[10:04:26]     s0086 -> 0 saved, 5 skipped (resume)
[10:04:26]     s0087 -> 0 saved, 5 skipped (resume)
[10:04:26]     s0088 -> 0 saved, 5 skipped (resume)
[10:04:26]     s0089 -> 0 saved, 5 skipped (resume)
[10:04:26]     s0090 -> 0 saved, 5 skipped (resume)
[10:04:26]     s0091 -> 0 saved, 5 skipped (resume)
[10:04:26]     s0092 -> 0 saved, 5 skipped (resume)
[10:04:26]     s0093 -> 0 saved, 5 skipped (resume)
[10:04:26]     s0094 -> 0 saved, 5 skipped (resume)
[10:04:26]     s0095 -> 0 saved, 5 skipped (resume)
[10:04:26]     s0096 -> 0 saved, 5 skipped (resume)
[10:04:26]     s0097 -> 0 saved, 5 skipped (resume)
[10:04:26]     s0098 -> 0 saved, 5 skipped (resume)
[10:04:26]     s0099 -> 0 saved, 5 skipped (resume)
[10:04:26]     s0100 -> 0 saved, 5 skipped (resume)
[10:04:26]     s0101 -> 0 saved, 5 skipped (resume)
[10:04:26]     s0102 -> 0 saved, 5 skipped (resume)
[10:04:26]     s0103 -> 0 saved, 5 skipped (resume)
[10:04:26]     s0104 -> 0 saved, 5 skipped (resume)
[10:04:26]     s0105 -> 0 saved, 5 skipped (resume)
[10:04:26]     s0106 -> 0 saved, 5 skipped (resume)
[10:04:26]     s0107 -> 0 saved, 5 skipped (resume)
[10:04:26]     s0108 -> 0 saved, 5 skipped (resume)
[10:04:26]     s0109 -> 0 saved, 5 skipped (resume)
[10:04:26]     s0110 -> 0 saved, 5 skipped (resume)
[10:04:26]     s0111 -> 0 saved, 5 skipped (resume)
[10:04:26]     s0112 -> 0 saved, 5 skipped (resume)
[10:04:26]     s0113 -> 0 saved, 5 skipped (resume)
[10:04:26]     s0114 -> 0 saved, 5 skipped (resume)
[10:04:26]     s0115 -> 0 saved, 5 skipped (resume)
[10:04:26]     s0116 -> 0 saved, 5 skipped (resume)
[10:04:26]     s0117 -> 0 saved, 5 skipped (resume)
[10:04:26]     s0118 -> 0 saved, 5 skipped (resume)
[10:04:26]     s0119 -> 0 saved, 5 skipped (resume)
[10:04:26]     s0120 -> 0 saved, 5 skipped (resume)
[10:04:26]     s0121 -> 0 saved, 5 skipped (resume)
[10:04:26]     s0122 -> 0 saved, 5 skipped (resume)
[10:04:26]     s0123 -> 0 saved, 5 skipped (resume)
[10:04:26]     s0124 -> 0 saved, 5 skipped (resume)
[10:04:26]     s0125 -> 0 saved, 5 skipped (resume)
[10:04:26]     s0126 -> 0 saved, 5 skipped (resume)
[10:04:26]     s0127 -> 0 saved, 5 skipped (resume)
[10:04:26]     s0128 -> 0 saved, 5 skipped (resume)
[10:04:26]     s0129 -> 0 saved, 5 skipped (resume)
[10:04:26]     s0130 -> 0 saved, 5 skipped (resume)
[10:04:26]     s0131 -> 0 saved, 5 skipped (resume)
[10:04:26]     s0132 -> 0 saved, 5 skipped (resume)
[10:04:26]     s0133 -> 0 saved, 5 skipped (resume)
[10:04:26]     s0134 -> 0 saved, 5 skipped (resume)
[10:04:26]     s0135 -> 0 saved, 5 skipped (resume)
[10:04:26]     s0136 -> 0 saved, 5 skipped (resume)
[10:04:26]     s0137 -> 0 saved, 5 skipped (resume)
[10:04:26]     s0138 -> 0 saved, 5 skipped (resume)
[10:04:26]     s0139 -> 0 saved, 5 skipped (resume)
[10:04:26]     s0140 -> 0 saved, 5 skipped (resume)
[10:04:26]     s0141 -> 0 saved, 5 skipped (resume)
[10:04:26]     s0142 -> 0 saved, 5 skipped (resume)
[10:04:26]     s0143 -> 0 saved, 5 skipped (resume)
[10:04:26]     s0144 -> 0 saved, 5 skipped (resume)
[10:04:26]     s0145 -> 0 saved, 5 skipped (resume)
[10:04:26]     s0146 -> 0 saved, 5 skipped (resume)
[10:04:26]     s0147 -> 0 saved, 5 skipped (resume)
[10:04:26]     s0148 -> 0 saved, 5 skipped (resume)
[10:04:26]     s0149 -> 0 saved, 5 skipped (resume)
[10:04:26]     s0150 -> 0 saved, 5 skipped (resume)
[10:04:26]     s0151 -> 0 saved, 5 skipped (resume)
[10:04:26]     s0152 -> 0 saved, 5 skipped (resume)
[10:04:26]     s0153 -> 0 saved, 5 skipped (resume)
[10:04:26]     s0154 -> 0 saved, 5 skipped (resume)
[10:04:26]     s0155 -> 0 saved, 5 skipped (resume)
[10:04:26]     s0156 -> 0 saved, 5 skipped (resume)
[10:04:26]     s0157 -> 0 saved, 5 skipped (resume)
[10:04:26]     s0158 -> 0 saved, 5 skipped (resume)
[10:04:26]     s0159 -> 0 saved, 5 skipped (resume)
[10:04:26]     s0160 -> 0 saved, 5 skipped (resume)
[10:04:26]     s0161 -> 0 saved, 5 skipped (resume)
[10:04:26]     s0162 -> 0 saved, 5 skipped (resume)
[10:04:26]     s0163 -> 0 saved, 5 skipped (resume)
[10:04:26]     s0164 -> 0 saved, 5 skipped (resume)
[10:04:26]     s0165 -> 0 saved, 5 skipped (resume)
[10:04:26]     s0166 -> 0 saved, 5 skipped (resume)
[10:04:26]     s0167 -> 0 saved, 5 skipped (resume)
[10:04:26]     s0168 -> 0 saved, 5 skipped (resume)
[10:04:26]     s0169 -> 0 saved, 5 skipped (resume)
[10:04:26]     s0170 -> 0 saved, 5 skipped (resume)
[10:04:26]     s0171 -> 0 saved, 5 skipped (resume)
[10:04:26]     s0172 -> 0 saved, 5 skipped (resume)
[10:04:26]     s0173 -> 0 saved, 5 skipped (resume)
[10:04:26]     s0174 -> 0 saved, 5 skipped (resume)
[10:04:26]     s0175 -> 0 saved, 5 skipped (resume)
[10:04:26]     s0176 -> 0 saved, 5 skipped (resume)
[10:04:26]     s0177 -> 0 saved, 5 skipped (resume)
[10:04:26]     s0178 -> 0 saved, 5 skipped (resume)
[10:04:26]     s0179 -> 0 saved, 5 skipped (resume)
[10:04:26]     s0180 -> 0 saved, 5 skipped (resume)
[10:04:26]     s0181 -> 0 saved, 5 skipped (resume)
[10:04:26]     s0182 -> 0 saved, 5 skipped (resume)
[10:04:26]     s0183 -> 0 saved, 5 skipped (resume)
[10:04:26]     s0184 -> 0 saved, 5 skipped (resume)
[10:04:26]     s0185 -> 0 saved, 5 skipped (resume)
[10:04:26]     s0186 -> 0 saved, 5 skipped (resume)
[10:04:26]     s0187 -> 0 saved, 5 skipped (resume)
[10:04:26]     s0188 -> 0 saved, 5 skipped (resume)
[10:04:26]     s0189 -> 0 saved, 5 skipped (resume)
[10:04:26]     s0190 -> 0 saved, 5 skipped (resume)
[10:04:26]     s0191 -> 0 saved, 5 skipped (resume)
[10:04:26]     s0192 -> 0 saved, 5 skipped (resume)
[10:04:26]     s0193 -> 0 saved, 5 skipped (resume)
[10:04:26]     s0194 -> 0 saved, 5 skipped (resume)
[10:04:26]     s0195 -> 0 saved, 5 skipped (resume)
[10:04:26]     s0196 -> 0 saved, 5 skipped (resume)
[10:04:26]     s0197 -> 0 saved, 5 skipped (resume)
[10:04:26]     s0198 -> 0 saved, 5 skipped (resume)
[10:04:26]     s0199 -> 0 saved, 5 skipped (resume)
[10:04:26]   qwen3.5:0.8b × zho_Hans (200 samples)
[10:04:26]     s0000 -> 0 saved, 5 skipped (resume)
[10:04:26]     s0001 -> 0 saved, 5 skipped (resume)
[10:04:26]     s0002 -> 0 saved, 5 skipped (resume)
[10:04:26]     s0003 -> 0 saved, 5 skipped (resume)
[10:04:26]     s0004 -> 0 saved, 5 skipped (resume)
[10:04:26]     s0005 -> 0 saved, 5 skipped (resume)
[10:04:26]     s0006 -> 0 saved, 5 skipped (resume)
[10:04:26]     s0007 -> 0 saved, 5 skipped (resume)
[10:04:26]     s0008 -> 0 saved, 5 skipped (resume)
[10:04:26]     s0009 -> 0 saved, 5 skipped (resume)
[10:04:26]     s0010 -> 0 saved, 5 skipped (resume)
[10:04:26]     s0011 -> 0 saved, 5 skipped (resume)
[10:04:26]     s0012 -> 0 saved, 5 skipped (resume)
[10:04:26]     s0013 -> 0 saved, 5 skipped (resume)
[10:04:26]     s0014 -> 0 saved, 5 skipped (resume)
[10:04:26]     s0015 -> 0 saved, 5 skipped (resume)
[10:04:26]     s0016 -> 0 saved, 5 skipped (resume)
[10:04:26]     s0017 -> 0 saved, 5 skipped (resume)
[10:04:26]     s0018 -> 0 saved, 5 skipped (resume)
[10:04:26]     s0019 -> 0 saved, 5 skipped (resume)
[10:04:26]     s0020 -> 0 saved, 5 skipped (resume)
[10:04:26]     s0021 -> 0 saved, 5 skipped (resume)
[10:04:26]     s0022 -> 0 saved, 5 skipped (resume)
[10:04:26]     s0023 -> 0 saved, 5 skipped (resume)
[10:04:26]     s0024 -> 0 saved, 5 skipped (resume)
[10:04:26]     s0025 -> 0 saved, 5 skipped (resume)
[10:04:26]     s0026 -> 0 saved, 5 skipped (resume)
[10:04:26]     s0027 -> 0 saved, 5 skipped (resume)
[10:04:26]     s0028 -> 0 saved, 5 skipped (resume)
[10:04:26]     s0029 -> 0 saved, 5 skipped (resume)
[10:04:26]     s0030 -> 0 saved, 5 skipped (resume)
[10:04:26]     s0031 -> 0 saved, 5 skipped (resume)
[10:04:26]     s0032 -> 0 saved, 5 skipped (resume)
[10:04:26]     s0033 -> 0 saved, 5 skipped (resume)
[10:04:26]     s0034 -> 0 saved, 5 skipped (resume)
[10:04:26]     s0035 -> 0 saved, 5 skipped (resume)
[10:04:26]     s0036 -> 0 saved, 5 skipped (resume)
[10:04:26]     s0037 -> 0 saved, 5 skipped (resume)
[10:04:26]     s0038 -> 0 saved, 5 skipped (resume)
[10:04:26]     s0039 -> 0 saved, 5 skipped (resume)
[10:04:26]     s0040 -> 0 saved, 5 skipped (resume)
[10:04:26]     s0041 -> 0 saved, 5 skipped (resume)
[10:04:26]     s0042 -> 0 saved, 5 skipped (resume)
[10:04:26]     s0043 -> 0 saved, 5 skipped (resume)
[10:04:26]     s0044 -> 0 saved, 5 skipped (resume)
[10:04:26]     s0045 -> 0 saved, 5 skipped (resume)
[10:04:26]     s0046 -> 0 saved, 5 skipped (resume)
[10:04:26]     s0047 -> 0 saved, 5 skipped (resume)
[10:04:26]     s0048 -> 0 saved, 5 skipped (resume)
[10:04:26]     s0049 -> 0 saved, 5 skipped (resume)
[10:04:26]     s0050 -> 0 saved, 5 skipped (resume)
[10:04:26]     s0051 -> 0 saved, 5 skipped (resume)
[10:04:26]     s0052 -> 0 saved, 5 skipped (resume)
[10:04:26]     s0053 -> 0 saved, 5 skipped (resume)
[10:04:26]     s0054 -> 0 saved, 5 skipped (resume)
[10:04:26]     s0055 -> 0 saved, 5 skipped (resume)
[10:04:26]     s0056 -> 0 saved, 5 skipped (resume)
[10:04:26]     s0057 -> 0 saved, 5 skipped (resume)
[10:04:26]     s0058 -> 0 saved, 5 skipped (resume)
[10:04:26]     s0059 -> 0 saved, 5 skipped (resume)
[10:04:26]     s0060 -> 0 saved, 5 skipped (resume)
[10:04:26]     s0061 -> 0 saved, 5 skipped (resume)
[10:04:26]     s0062 -> 0 saved, 5 skipped (resume)
[10:04:26]     s0063 -> 0 saved, 5 skipped (resume)
[10:04:26]     s0064 -> 0 saved, 5 skipped (resume)
[10:04:26]     s0065 -> 0 saved, 5 skipped (resume)
[10:04:26]     s0066 -> 0 saved, 5 skipped (resume)
[10:04:26]     s0067 -> 0 saved, 5 skipped (resume)
[10:04:26]     s0068 -> 0 saved, 5 skipped (resume)
[10:04:26]     s0069 -> 0 saved, 5 skipped (resume)
[10:04:26]     s0070 -> 0 saved, 5 skipped (resume)
[10:04:26]     s0071 -> 0 saved, 5 skipped (resume)
[10:04:26]     s0072 -> 0 saved, 5 skipped (resume)
[10:04:26]     s0073 -> 0 saved, 5 skipped (resume)
[10:04:26]     s0074 -> 0 saved, 5 skipped (resume)
[10:04:26]     s0075 -> 0 saved, 5 skipped (resume)
[10:04:26]     s0076 -> 0 saved, 5 skipped (resume)
[10:04:26]     s0077 -> 0 saved, 5 skipped (resume)
[10:04:26]     s0078 -> 0 saved, 5 skipped (resume)
[10:04:26]     s0079 -> 0 saved, 5 skipped (resume)
[10:04:26]     s0080 -> 0 saved, 5 skipped (resume)
[10:04:26]     s0081 -> 0 saved, 5 skipped (resume)
[10:04:26]     s0082 -> 0 saved, 5 skipped (resume)
[10:04:26]     s0083 -> 0 saved, 5 skipped (resume)
[10:04:26]     s0084 -> 0 saved, 5 skipped (resume)
[10:04:26]     s0085 -> 0 saved, 5 skipped (resume)
[10:04:26]     s0086 -> 0 saved, 5 skipped (resume)
[10:04:26]     s0087 -> 0 saved, 5 skipped (resume)
[10:04:26]     s0088 -> 0 saved, 5 skipped (resume)
[10:04:26]     s0089 -> 0 saved, 5 skipped (resume)
[10:04:26]     s0090 -> 0 saved, 5 skipped (resume)
[10:04:26]     s0091 -> 0 saved, 5 skipped (resume)
[10:04:26]     s0092 -> 0 saved, 5 skipped (resume)
[10:04:26]     s0093 -> 0 saved, 5 skipped (resume)
[10:04:26]     s0094 -> 0 saved, 5 skipped (resume)
[10:04:26]     s0095 -> 0 saved, 5 skipped (resume)
[10:04:26]     s0096 -> 0 saved, 5 skipped (resume)
[10:04:26]     s0097 -> 0 saved, 5 skipped (resume)
[10:04:26]     s0098 -> 0 saved, 5 skipped (resume)
[10:04:26]     s0099 -> 0 saved, 5 skipped (resume)
[10:04:26]     s0100 -> 0 saved, 5 skipped (resume)
[10:04:26]     s0101 -> 0 saved, 5 skipped (resume)
[10:04:26]     s0102 -> 0 saved, 5 skipped (resume)
[10:04:26]     s0103 -> 0 saved, 5 skipped (resume)
[10:04:26]     s0104 -> 0 saved, 5 skipped (resume)
[10:04:26]     s0105 -> 0 saved, 5 skipped (resume)
[10:04:26]     s0106 -> 0 saved, 5 skipped (resume)
[10:04:26]     s0107 -> 0 saved, 5 skipped (resume)
[10:04:26]     s0108 -> 0 saved, 5 skipped (resume)
[10:04:26]     s0109 -> 0 saved, 5 skipped (resume)
[10:04:26]     s0110 -> 0 saved, 5 skipped (resume)
[10:04:26]     s0111 -> 0 saved, 5 skipped (resume)
[10:04:26]     s0112 -> 0 saved, 5 skipped (resume)
[10:04:26]     s0113 -> 0 saved, 5 skipped (resume)
[10:04:26]     s0114 -> 0 saved, 5 skipped (resume)
[10:04:26]     s0115 -> 0 saved, 5 skipped (resume)
[10:04:26]     s0116 -> 0 saved, 5 skipped (resume)
[10:04:26]     s0117 -> 0 saved, 5 skipped (resume)
[10:04:26]     s0118 -> 0 saved, 5 skipped (resume)
[10:04:26]     s0119 -> 0 saved, 5 skipped (resume)
[10:04:26]     s0120 -> 0 saved, 5 skipped (resume)
[10:04:26]     s0121 -> 0 saved, 5 skipped (resume)
[10:04:26]     s0122 -> 0 saved, 5 skipped (resume)
[10:04:26]     s0123 -> 0 saved, 5 skipped (resume)
[10:04:26]     s0124 -> 0 saved, 5 skipped (resume)
[10:04:26]     s0125 -> 0 saved, 5 skipped (resume)
[10:04:26]     s0126 -> 0 saved, 5 skipped (resume)
[10:04:26]     s0127 -> 0 saved, 5 skipped (resume)
[10:04:26]     s0128 -> 0 saved, 5 skipped (resume)
[10:04:26]     s0129 -> 0 saved, 5 skipped (resume)
[10:04:26]     s0130 -> 0 saved, 5 skipped (resume)
[10:04:26]     s0131 -> 0 saved, 5 skipped (resume)
[10:04:26]     s0132 -> 0 saved, 5 skipped (resume)
[10:04:26]     s0133 -> 0 saved, 5 skipped (resume)
[10:04:26]     s0134 -> 0 saved, 5 skipped (resume)
[10:04:26]     s0135 -> 0 saved, 5 skipped (resume)
[10:04:26]     s0136 -> 0 saved, 5 skipped (resume)
[10:04:26]     s0137 -> 0 saved, 5 skipped (resume)
[10:04:26]     s0138 -> 0 saved, 5 skipped (resume)
[10:04:26]     s0139 -> 0 saved, 5 skipped (resume)
[10:04:26]     s0140 -> 0 saved, 5 skipped (resume)
[10:04:26]     s0141 -> 0 saved, 5 skipped (resume)
[10:04:26]     s0142 -> 0 saved, 5 skipped (resume)
[10:04:26]     s0143 -> 0 saved, 5 skipped (resume)
[10:04:26]     s0144 -> 0 saved, 5 skipped (resume)
[10:04:26]     s0145 -> 0 saved, 5 skipped (resume)
[10:04:26]     s0146 -> 0 saved, 5 skipped (resume)
[10:04:26]     s0147 -> 0 saved, 5 skipped (resume)
[10:04:26]     s0148 -> 0 saved, 5 skipped (resume)
[10:04:26]     s0149 -> 0 saved, 5 skipped (resume)
[10:04:26]     s0150 -> 0 saved, 5 skipped (resume)
[10:04:26]     s0151 -> 0 saved, 5 skipped (resume)
[10:04:26]     s0152 -> 0 saved, 5 skipped (resume)
[10:04:26]     s0153 -> 0 saved, 5 skipped (resume)
[10:04:26]     s0154 -> 0 saved, 5 skipped (resume)
[10:04:26]     s0155 -> 0 saved, 5 skipped (resume)
[10:04:26]     s0156 -> 0 saved, 5 skipped (resume)
[10:04:26]     s0157 -> 0 saved, 5 skipped (resume)
[10:04:26]     s0158 -> 0 saved, 5 skipped (resume)
[10:04:26]     s0159 -> 0 saved, 5 skipped (resume)
[10:04:26]     s0160 -> 0 saved, 5 skipped (resume)
[10:04:26]     s0161 -> 0 saved, 5 skipped (resume)
[10:04:26]     s0162 -> 0 saved, 5 skipped (resume)
[10:04:26]     s0163 -> 0 saved, 5 skipped (resume)
[10:04:26]     s0164 -> 0 saved, 5 skipped (resume)
[10:04:26]     s0165 -> 0 saved, 5 skipped (resume)
[10:04:26]     s0166 -> 0 saved, 5 skipped (resume)
[10:04:26]     s0167 -> 0 saved, 5 skipped (resume)
[10:04:26]     s0168 -> 0 saved, 5 skipped (resume)
[10:04:26]     s0169 -> 0 saved, 5 skipped (resume)
[10:04:26]     s0170 -> 0 saved, 5 skipped (resume)
[10:04:26]     s0171 -> 0 saved, 5 skipped (resume)
[10:04:26]     s0172 -> 0 saved, 5 skipped (resume)
[10:04:26]     s0173 -> 0 saved, 5 skipped (resume)
[10:04:26]     s0174 -> 0 saved, 5 skipped (resume)
[10:04:26]     s0175 -> 0 saved, 5 skipped (resume)
[10:04:26]     s0176 -> 0 saved, 5 skipped (resume)
[10:04:26]     s0177 -> 0 saved, 5 skipped (resume)
[10:04:26]     s0178 -> 0 saved, 5 skipped (resume)
[10:04:26]     s0179 -> 0 saved, 5 skipped (resume)
[10:04:26]     s0180 -> 0 saved, 5 skipped (resume)
[10:04:26]     s0181 -> 0 saved, 5 skipped (resume)
[10:04:26]     s0182 -> 0 saved, 5 skipped (resume)
[10:04:26]     s0183 -> 0 saved, 5 skipped (resume)
[10:04:26]     s0184 -> 0 saved, 5 skipped (resume)
[10:04:26]     s0185 -> 0 saved, 5 skipped (resume)
[10:04:26]     s0186 -> 0 saved, 5 skipped (resume)
[10:04:26]     s0187 -> 0 saved, 5 skipped (resume)
[10:04:26]     s0188 -> 0 saved, 5 skipped (resume)
[10:04:26]     s0189 -> 0 saved, 5 skipped (resume)
[10:04:26]     s0190 -> 0 saved, 5 skipped (resume)
[10:04:26]     s0191 -> 0 saved, 5 skipped (resume)
[10:04:26]     s0192 -> 0 saved, 5 skipped (resume)
[10:04:26]     s0193 -> 0 saved, 5 skipped (resume)
[10:04:26]     s0194 -> 0 saved, 5 skipped (resume)
[10:04:26]     s0195 -> 0 saved, 5 skipped (resume)
[10:04:26]     s0196 -> 0 saved, 5 skipped (resume)
[10:04:26]     s0197 -> 0 saved, 5 skipped (resume)
[10:04:26]     s0198 -> 0 saved, 5 skipped (resume)
[10:04:26]     s0199 -> 0 saved, 5 skipped (resume)
[10:04:26]   qwen3.5:0.8b × jpn_Jpan (200 samples)
[10:04:26]     s0000 -> 0 saved, 5 skipped (resume)
[10:04:26]     s0001 -> 0 saved, 5 skipped (resume)
[10:04:26]     s0002 -> 0 saved, 5 skipped (resume)
[10:04:26]     s0003 -> 0 saved, 5 skipped (resume)
[10:04:26]     s0004 -> 0 saved, 5 skipped (resume)
[10:04:26]     s0005 -> 0 saved, 5 skipped (resume)
[10:04:26]     s0006 -> 0 saved, 5 skipped (resume)
[10:04:26]     s0007 -> 0 saved, 5 skipped (resume)
[10:04:26]     s0008 -> 0 saved, 5 skipped (resume)
[10:04:26]     s0009 -> 0 saved, 5 skipped (resume)
[10:04:26]     s0010 -> 0 saved, 5 skipped (resume)
[10:04:26]     s0011 -> 0 saved, 5 skipped (resume)
[10:04:26]     s0012 -> 0 saved, 5 skipped (resume)
[10:04:26]     s0013 -> 0 saved, 5 skipped (resume)
[10:04:26]     s0014 -> 0 saved, 5 skipped (resume)
[10:04:26]     s0015 -> 0 saved, 5 skipped (resume)
[10:04:26]     s0016 -> 0 saved, 5 skipped (resume)
[10:04:26]     s0017 -> 0 saved, 5 skipped (resume)
[10:04:26]     s0018 -> 0 saved, 5 skipped (resume)
[10:04:26]     s0019 -> 0 saved, 5 skipped (resume)
[10:04:26]     s0020 -> 0 saved, 5 skipped (resume)
[10:04:26]     s0021 -> 0 saved, 5 skipped (resume)
[10:04:26]     s0022 -> 0 saved, 5 skipped (resume)
[10:04:26]     s0023 -> 0 saved, 5 skipped (resume)
[10:04:26]     s0024 -> 0 saved, 5 skipped (resume)
[10:04:26]     s0025 -> 0 saved, 5 skipped (resume)
[10:04:26]     s0026 -> 0 saved, 5 skipped (resume)
[10:04:26]     s0027 -> 0 saved, 5 skipped (resume)
[10:04:26]     s0028 -> 0 saved, 5 skipped (resume)
[10:04:26]     s0029 -> 0 saved, 5 skipped (resume)
[10:04:26]     s0030 -> 0 saved, 5 skipped (resume)
[10:04:26]     s0031 -> 0 saved, 5 skipped (resume)
[10:04:26]     s0032 -> 0 saved, 5 skipped (resume)
[10:04:26]     s0033 -> 0 saved, 5 skipped (resume)
[10:04:26]     s0034 -> 0 saved, 5 skipped (resume)
[10:04:26]     s0035 -> 0 saved, 5 skipped (resume)
[10:04:26]     s0036 -> 0 saved, 5 skipped (resume)
[10:04:26]     s0037 -> 0 saved, 5 skipped (resume)
[10:04:26]     s0038 -> 0 saved, 5 skipped (resume)
[10:04:26]     s0039 -> 0 saved, 5 skipped (resume)
[10:04:26]     s0040 -> 0 saved, 5 skipped (resume)
[10:04:26]     s0041 -> 0 saved, 5 skipped (resume)
[10:04:26]     s0042 -> 0 saved, 5 skipped (resume)
[10:04:26]     s0043 -> 0 saved, 5 skipped (resume)
[10:04:26]     s0044 -> 0 saved, 5 skipped (resume)
[10:04:26]     s0045 -> 0 saved, 5 skipped (resume)
[10:04:26]     s0046 -> 0 saved, 5 skipped (resume)
[10:04:26]     s0047 -> 0 saved, 5 skipped (resume)
[10:04:26]     s0048 -> 0 saved, 5 skipped (resume)
[10:04:26]     s0049 -> 0 saved, 5 skipped (resume)
[10:04:26]     s0050 -> 0 saved, 5 skipped (resume)
[10:04:26]     s0051 -> 0 saved, 5 skipped (resume)
[10:04:26]     s0052 -> 0 saved, 5 skipped (resume)
[10:04:26]     s0053 -> 0 saved, 5 skipped (resume)
[10:04:26]     s0054 -> 0 saved, 5 skipped (resume)
[10:04:26]     s0055 -> 0 saved, 5 skipped (resume)
[10:04:26]     s0056 -> 0 saved, 5 skipped (resume)
[10:04:26]     s0057 -> 0 saved, 5 skipped (resume)
[10:04:26]     s0058 -> 0 saved, 5 skipped (resume)
[10:04:26]     s0059 -> 0 saved, 5 skipped (resume)
[10:04:26]     s0060 -> 0 saved, 5 skipped (resume)
[10:04:26]     s0061 -> 0 saved, 5 skipped (resume)
[10:04:26]     s0062 -> 0 saved, 5 skipped (resume)
[10:04:26]     s0063 -> 0 saved, 5 skipped (resume)
[10:04:26]     s0064 -> 0 saved, 5 skipped (resume)
[10:04:26]     s0065 -> 0 saved, 5 skipped (resume)
[10:04:26]     s0066 -> 0 saved, 5 skipped (resume)
[10:04:26]     s0067 -> 0 saved, 5 skipped (resume)
[10:04:26]     s0068 -> 0 saved, 5 skipped (resume)
[10:04:26]     s0069 -> 0 saved, 5 skipped (resume)
[10:04:26]     s0070 -> 0 saved, 5 skipped (resume)
[10:04:26]     s0071 -> 0 saved, 5 skipped (resume)
[10:04:26]     s0072 -> 0 saved, 5 skipped (resume)
[10:04:26]     s0073 -> 0 saved, 5 skipped (resume)
[10:04:26]     s0074 -> 0 saved, 5 skipped (resume)
[10:04:26]     s0075 -> 0 saved, 5 skipped (resume)
[10:04:26]     s0076 -> 0 saved, 5 skipped (resume)
[10:04:26]     s0077 -> 0 saved, 5 skipped (resume)
[10:04:26]     s0078 -> 0 saved, 5 skipped (resume)
[10:04:26]     s0079 -> 0 saved, 5 skipped (resume)
[10:04:26]     s0080 -> 0 saved, 5 skipped (resume)
[10:04:26]     s0081 -> 0 saved, 5 skipped (resume)
[10:04:26]     s0082 -> 0 saved, 5 skipped (resume)
[10:04:26]     s0083 -> 0 saved, 5 skipped (resume)
[10:04:26]     s0084 -> 0 saved, 5 skipped (resume)
[10:04:26]     s0085 -> 0 saved, 5 skipped (resume)
[10:04:26]     s0086 -> 0 saved, 5 skipped (resume)
[10:04:26]     s0087 -> 0 saved, 5 skipped (resume)
[10:04:26]     s0088 -> 0 saved, 5 skipped (resume)
[10:04:26]     s0089 -> 0 saved, 5 skipped (resume)
[10:04:26]     s0090 -> 0 saved, 5 skipped (resume)
[10:04:26]     s0091 -> 0 saved, 5 skipped (resume)
[10:04:26]     s0092 -> 0 saved, 5 skipped (resume)
[10:04:26]     s0093 -> 0 saved, 5 skipped (resume)
[10:04:26]     s0094 -> 0 saved, 5 skipped (resume)
[10:04:26]     s0095 -> 0 saved, 5 skipped (resume)
[10:04:26]     s0096 -> 0 saved, 5 skipped (resume)
[10:04:26]     s0097 -> 0 saved, 5 skipped (resume)
[10:04:26]     s0098 -> 0 saved, 5 skipped (resume)
[10:04:26]     s0099 -> 0 saved, 5 skipped (resume)
[10:04:26]     s0100 -> 0 saved, 5 skipped (resume)
[10:04:26]     s0101 -> 0 saved, 5 skipped (resume)
[10:04:26]     s0102 -> 0 saved, 5 skipped (resume)
[10:04:26]     s0103 -> 0 saved, 5 skipped (resume)
[10:04:26]     s0104 -> 0 saved, 5 skipped (resume)
[10:04:26]     s0105 -> 0 saved, 5 skipped (resume)
[10:04:26]     s0106 -> 0 saved, 5 skipped (resume)
[10:04:26]     s0107 -> 0 saved, 5 skipped (resume)
[10:04:26]     s0108 -> 0 saved, 5 skipped (resume)
[10:04:26]     s0109 -> 0 saved, 5 skipped (resume)
[10:04:26]     s0110 -> 0 saved, 5 skipped (resume)
[10:04:26]     s0111 -> 0 saved, 5 skipped (resume)
[10:04:26]     s0112 -> 0 saved, 5 skipped (resume)
[10:04:26]     s0113 -> 0 saved, 5 skipped (resume)
[10:04:26]     s0114 -> 0 saved, 5 skipped (resume)
[10:04:26]     s0115 -> 0 saved, 5 skipped (resume)
[10:04:26]     s0116 -> 0 saved, 5 skipped (resume)
[10:04:26]     s0117 -> 0 saved, 5 skipped (resume)
[10:04:26]     s0118 -> 0 saved, 5 skipped (resume)
[10:04:26]     s0119 -> 0 saved, 5 skipped (resume)
[10:04:26]     s0120 -> 0 saved, 5 skipped (resume)
[10:04:26]     s0121 -> 0 saved, 5 skipped (resume)
[10:04:26]     s0122 -> 0 saved, 5 skipped (resume)
[10:04:26]     s0123 -> 0 saved, 5 skipped (resume)
[10:04:26]     s0124 -> 0 saved, 5 skipped (resume)
[10:04:26]     s0125 -> 0 saved, 5 skipped (resume)
[10:04:26]     s0126 -> 0 saved, 5 skipped (resume)
[10:04:26]     s0127 -> 0 saved, 5 skipped (resume)
[10:04:26]     s0128 -> 0 saved, 5 skipped (resume)
[10:04:26]     s0129 -> 0 saved, 5 skipped (resume)
[10:04:26]     s0130 -> 0 saved, 5 skipped (resume)
[10:04:26]     s0131 -> 0 saved, 5 skipped (resume)
[10:04:26]     s0132 -> 0 saved, 5 skipped (resume)
[10:04:26]     s0133 -> 0 saved, 5 skipped (resume)
[10:04:26]     s0134 -> 0 saved, 5 skipped (resume)
[10:04:26]     s0135 -> 0 saved, 5 skipped (resume)
[10:04:26]     s0136 -> 0 saved, 5 skipped (resume)
[10:04:26]     s0137 -> 0 saved, 5 skipped (resume)
[10:04:26]     s0138 -> 0 saved, 5 skipped (resume)
[10:04:26]     s0139 -> 0 saved, 5 skipped (resume)
[10:04:26]     s0140 -> 0 saved, 5 skipped (resume)
[10:04:26]     s0141 -> 0 saved, 5 skipped (resume)
[10:04:26]     s0142 -> 0 saved, 5 skipped (resume)
[10:04:26]     s0143 -> 0 saved, 5 skipped (resume)
[10:04:26]     s0144 -> 0 saved, 5 skipped (resume)
[10:04:26]     s0145 -> 0 saved, 5 skipped (resume)
[10:04:26]     s0146 -> 0 saved, 5 skipped (resume)
[10:04:26]     s0147 -> 0 saved, 5 skipped (resume)
[10:04:26]     s0148 -> 0 saved, 5 skipped (resume)
[10:04:26]     s0149 -> 0 saved, 5 skipped (resume)
[10:04:26]     s0150 -> 0 saved, 5 skipped (resume)
[10:04:26]     s0151 -> 0 saved, 5 skipped (resume)
[10:04:26]     s0152 -> 0 saved, 5 skipped (resume)
[10:04:26]     s0153 -> 0 saved, 5 skipped (resume)
[10:04:26]     s0154 -> 0 saved, 5 skipped (resume)
[10:04:26]     s0155 -> 0 saved, 5 skipped (resume)
[10:04:26]     s0156 -> 0 saved, 5 skipped (resume)
[10:04:26]     s0157 -> 0 saved, 5 skipped (resume)
[10:04:26]     s0158 -> 0 saved, 5 skipped (resume)
[10:04:26]     s0159 -> 0 saved, 5 skipped (resume)
[10:04:26]     s0160 -> 0 saved, 5 skipped (resume)
[10:04:26]     s0161 -> 0 saved, 5 skipped (resume)
[10:04:26]     s0162 -> 0 saved, 5 skipped (resume)
[10:04:26]     s0163 -> 0 saved, 5 skipped (resume)
[10:04:26]     s0164 -> 0 saved, 5 skipped (resume)
[10:04:26]     s0165 -> 0 saved, 5 skipped (resume)
[10:04:26]     s0166 -> 0 saved, 5 skipped (resume)
[10:04:26]     s0167 -> 0 saved, 5 skipped (resume)
[10:04:26]     s0168 -> 0 saved, 5 skipped (resume)
[10:04:26]     s0169 -> 0 saved, 5 skipped (resume)
[10:04:26]     s0170 -> 0 saved, 5 skipped (resume)
[10:04:26]     s0171 -> 0 saved, 5 skipped (resume)
[10:04:26]     s0172 -> 0 saved, 5 skipped (resume)
[10:04:26]     s0173 -> 0 saved, 5 skipped (resume)
[10:04:26]     s0174 -> 0 saved, 5 skipped (resume)
[10:04:26]     s0175 -> 0 saved, 5 skipped (resume)
[10:04:26]     s0176 -> 0 saved, 5 skipped (resume)
[10:04:26]     s0177 -> 0 saved, 5 skipped (resume)
[10:04:26]     s0178 -> 0 saved, 5 skipped (resume)
[10:04:26]     s0179 -> 0 saved, 5 skipped (resume)
[10:04:26]     s0180 -> 0 saved, 5 skipped (resume)
[10:04:26]     s0181 -> 0 saved, 5 skipped (resume)
[10:04:26]     s0182 -> 0 saved, 5 skipped (resume)
[10:04:26]     s0183 -> 0 saved, 5 skipped (resume)
[10:04:26]     s0184 -> 0 saved, 5 skipped (resume)
[10:04:26]     s0185 -> 0 saved, 5 skipped (resume)
[10:04:26]     s0186 -> 0 saved, 5 skipped (resume)
[10:04:26]     s0187 -> 0 saved, 5 skipped (resume)
[10:04:26]     s0188 -> 0 saved, 5 skipped (resume)
[10:04:26]     s0189 -> 0 saved, 5 skipped (resume)
[10:04:26]     s0190 -> 0 saved, 5 skipped (resume)
[10:04:26]     s0191 -> 0 saved, 5 skipped (resume)
[10:04:26]     s0192 -> 0 saved, 5 skipped (resume)
[10:04:26]     s0193 -> 0 saved, 5 skipped (resume)
[10:04:26]     s0194 -> 0 saved, 5 skipped (resume)
[10:04:26]     s0195 -> 0 saved, 5 skipped (resume)
[10:04:26]     s0196 -> 0 saved, 5 skipped (resume)
[10:04:26]     s0197 -> 0 saved, 5 skipped (resume)
[10:04:26]     s0198 -> 0 saved, 5 skipped (resume)
[10:04:26]     s0199 -> 0 saved, 5 skipped (resume)
[10:04:26]   qwen3.5:0.8b × kor_Hang (200 samples)
[10:04:26]     s0000 -> 0 saved, 5 skipped (resume)
[10:04:26]     s0001 -> 0 saved, 5 skipped (resume)
[10:04:26]     s0002 -> 0 saved, 5 skipped (resume)
[10:04:26]     s0003 -> 0 saved, 5 skipped (resume)
[10:04:26]     s0004 -> 0 saved, 5 skipped (resume)
[10:04:26]     s0005 -> 0 saved, 5 skipped (resume)
[10:04:26]     s0006 -> 0 saved, 5 skipped (resume)
[10:04:26]     s0007 -> 0 saved, 5 skipped (resume)
[10:04:26]     s0008 -> 0 saved, 5 skipped (resume)
[10:04:26]     s0009 -> 0 saved, 5 skipped (resume)
[10:04:26]     s0010 -> 0 saved, 5 skipped (resume)
[10:04:26]     s0011 -> 0 saved, 5 skipped (resume)
[10:04:26]     s0012 -> 0 saved, 5 skipped (resume)
[10:04:26]     s0013 -> 0 saved, 5 skipped (resume)
[10:04:26]     s0014 -> 0 saved, 5 skipped (resume)
[10:04:26]     s0015 -> 0 saved, 5 skipped (resume)
[10:04:26]     s0016 -> 0 saved, 5 skipped (resume)
[10:04:26]     s0017 -> 0 saved, 5 skipped (resume)
[10:04:26]     s0018 -> 0 saved, 5 skipped (resume)
[10:04:26]     s0019 -> 0 saved, 5 skipped (resume)
[10:04:26]     s0020 -> 0 saved, 5 skipped (resume)
[10:04:26]     s0021 -> 0 saved, 5 skipped (resume)
[10:04:26]     s0022 -> 0 saved, 5 skipped (resume)
[10:04:26]     s0023 -> 0 saved, 5 skipped (resume)
[10:04:26]     s0024 -> 0 saved, 5 skipped (resume)
[10:04:26]     s0025 -> 0 saved, 5 skipped (resume)
[10:04:26]     s0026 -> 0 saved, 5 skipped (resume)
[10:04:26]     s0027 -> 0 saved, 5 skipped (resume)
[10:04:26]     s0028 -> 0 saved, 5 skipped (resume)
[10:04:26]     s0029 -> 0 saved, 5 skipped (resume)
[10:04:26]     s0030 -> 0 saved, 5 skipped (resume)
[10:04:26]     s0031 -> 0 saved, 5 skipped (resume)
[10:04:26]     s0032 -> 0 saved, 5 skipped (resume)
[10:04:26]     s0033 -> 0 saved, 5 skipped (resume)
[10:04:26]     s0034 -> 0 saved, 5 skipped (resume)
[10:04:26]     s0035 -> 0 saved, 5 skipped (resume)
[10:04:26]     s0036 -> 0 saved, 5 skipped (resume)
[10:04:26]     s0037 -> 0 saved, 5 skipped (resume)
[10:04:26]     s0038 -> 0 saved, 5 skipped (resume)
[10:04:26]     s0039 -> 0 saved, 5 skipped (resume)
[10:04:26]     s0040 -> 0 saved, 5 skipped (resume)
[10:04:26]     s0041 -> 0 saved, 5 skipped (resume)
[10:04:26]     s0042 -> 0 saved, 5 skipped (resume)
[10:04:26]     s0043 -> 0 saved, 5 skipped (resume)
[10:04:26]     s0044 -> 0 saved, 5 skipped (resume)
[10:04:26]     s0045 -> 0 saved, 5 skipped (resume)
[10:04:26]     s0046 -> 0 saved, 5 skipped (resume)
[10:04:26]     s0047 -> 0 saved, 5 skipped (resume)
[10:04:26]     s0048 -> 0 saved, 5 skipped (resume)
[10:04:26]     s0049 -> 0 saved, 5 skipped (resume)
[10:04:26]     s0050 -> 0 saved, 5 skipped (resume)
[10:04:26]     s0051 -> 0 saved, 5 skipped (resume)
[10:04:26]     s0052 -> 0 saved, 5 skipped (resume)
[10:04:26]     s0053 -> 0 saved, 5 skipped (resume)
[10:04:26]     s0054 -> 0 saved, 5 skipped (resume)
[10:04:26]     s0055 -> 0 saved, 5 skipped (resume)
[10:04:26]     s0056 -> 0 saved, 5 skipped (resume)
[10:04:26]     s0057 -> 0 saved, 5 skipped (resume)
[10:04:26]     s0058 -> 0 saved, 5 skipped (resume)
[10:04:26]     s0059 -> 0 saved, 5 skipped (resume)
[10:04:26]     s0060 -> 0 saved, 5 skipped (resume)
[10:04:26]     s0061 -> 0 saved, 5 skipped (resume)
[10:04:26]     s0062 -> 0 saved, 5 skipped (resume)
[10:04:26]     s0063 -> 0 saved, 5 skipped (resume)
[10:04:26]     s0064 -> 0 saved, 5 skipped (resume)
[10:04:26]     s0065 -> 0 saved, 5 skipped (resume)
[10:04:26]     s0066 -> 0 saved, 5 skipped (resume)
[10:04:26]     s0067 -> 0 saved, 5 skipped (resume)
[10:04:26]     s0068 -> 0 saved, 5 skipped (resume)
[10:04:26]     s0069 -> 0 saved, 5 skipped (resume)
[10:04:26]     s0070 -> 0 saved, 5 skipped (resume)
[10:04:26]     s0071 -> 0 saved, 5 skipped (resume)
[10:04:26]     s0072 -> 0 saved, 5 skipped (resume)
[10:04:26]     s0073 -> 0 saved, 5 skipped (resume)
[10:04:26]     s0074 -> 0 saved, 5 skipped (resume)
[10:04:26]     s0075 -> 0 saved, 5 skipped (resume)
[10:04:26]     s0076 -> 0 saved, 5 skipped (resume)
[10:04:26]     s0077 -> 0 saved, 5 skipped (resume)
[10:04:26]     s0078 -> 0 saved, 5 skipped (resume)
[10:04:26]     s0079 -> 0 saved, 5 skipped (resume)
[10:04:26]     s0080 -> 0 saved, 5 skipped (resume)
[10:04:26]     s0081 -> 0 saved, 5 skipped (resume)
[10:04:26]     s0082 -> 0 saved, 5 skipped (resume)
[10:04:26]     s0083 -> 0 saved, 5 skipped (resume)
[10:04:26]     s0084 -> 0 saved, 5 skipped (resume)
[10:04:26]     s0085 -> 0 saved, 5 skipped (resume)
[10:04:26]     s0086 -> 0 saved, 5 skipped (resume)
[10:04:26]     s0087 -> 0 saved, 5 skipped (resume)
[10:04:26]     s0088 -> 0 saved, 5 skipped (resume)
[10:04:26]     s0089 -> 0 saved, 5 skipped (resume)
[10:04:26]     s0090 -> 0 saved, 5 skipped (resume)
[10:04:26]     s0091 -> 0 saved, 5 skipped (resume)
[10:04:26]     s0092 -> 0 saved, 5 skipped (resume)
[10:04:26]     s0093 -> 0 saved, 5 skipped (resume)
[10:04:26]     s0094 -> 0 saved, 5 skipped (resume)
[10:04:26]     s0095 -> 0 saved, 5 skipped (resume)
[10:04:26]     s0096 -> 0 saved, 5 skipped (resume)
[10:04:26]     s0097 -> 0 saved, 5 skipped (resume)
[10:04:26]     s0098 -> 0 saved, 5 skipped (resume)
[10:04:26]     s0099 -> 0 saved, 5 skipped (resume)
[10:04:26]     s0100 -> 0 saved, 5 skipped (resume)
[10:04:26]     s0101 -> 0 saved, 5 skipped (resume)
[10:04:26]     s0102 -> 0 saved, 5 skipped (resume)
[10:04:26]     s0103 -> 0 saved, 5 skipped (resume)
[10:04:26]     s0104 -> 0 saved, 5 skipped (resume)
[10:04:26]     s0105 -> 0 saved, 5 skipped (resume)
[10:04:26]     s0106 -> 0 saved, 5 skipped (resume)
[10:04:26]     s0107 -> 0 saved, 5 skipped (resume)
[10:04:26]     s0108 -> 0 saved, 5 skipped (resume)
[10:04:26]     s0109 -> 0 saved, 5 skipped (resume)
[10:04:26]     s0110 -> 0 saved, 5 skipped (resume)
[10:04:26]     s0111 -> 0 saved, 5 skipped (resume)
[10:04:26]     s0112 -> 0 saved, 5 skipped (resume)
[10:04:26]     s0113 -> 0 saved, 5 skipped (resume)
[10:04:26]     s0114 -> 0 saved, 5 skipped (resume)
[10:04:26]     s0115 -> 0 saved, 5 skipped (resume)
[10:04:26]     s0116 -> 0 saved, 5 skipped (resume)
[10:04:26]     s0117 -> 0 saved, 5 skipped (resume)
[10:04:26]     s0118 -> 0 saved, 5 skipped (resume)
[10:04:26]     s0119 -> 0 saved, 5 skipped (resume)
[10:04:26]     s0120 -> 0 saved, 5 skipped (resume)
[10:04:26]     s0121 -> 0 saved, 5 skipped (resume)
[10:04:26]     s0122 -> 0 saved, 5 skipped (resume)
[10:04:26]     s0123 -> 0 saved, 5 skipped (resume)
[10:04:26]     s0124 -> 0 saved, 5 skipped (resume)
[10:04:26]     s0125 -> 0 saved, 5 skipped (resume)
[10:04:26]     s0126 -> 0 saved, 5 skipped (resume)
[10:04:26]     s0127 -> 0 saved, 5 skipped (resume)
[10:04:26]     s0128 -> 0 saved, 5 skipped (resume)
[10:04:26]     s0129 -> 0 saved, 5 skipped (resume)
[10:04:26]     s0130 -> 0 saved, 5 skipped (resume)
[10:04:26]     s0131 -> 0 saved, 5 skipped (resume)
[10:04:26]     s0132 -> 0 saved, 5 skipped (resume)
[10:04:26]     s0133 -> 0 saved, 5 skipped (resume)
[10:04:26]     s0134 -> 0 saved, 5 skipped (resume)
[10:04:26]     s0135 -> 0 saved, 5 skipped (resume)
[10:04:26]     s0136 -> 0 saved, 5 skipped (resume)
[10:04:26]     s0137 -> 0 saved, 5 skipped (resume)
[10:04:26]     s0138 -> 0 saved, 5 skipped (resume)
[10:04:26]     s0139 -> 0 saved, 5 skipped (resume)
[10:04:26]     s0140 -> 0 saved, 5 skipped (resume)
[10:04:26]     s0141 -> 0 saved, 5 skipped (resume)
[10:04:26]     s0142 -> 0 saved, 5 skipped (resume)
[10:04:26]     s0143 -> 0 saved, 5 skipped (resume)
[10:04:26]     s0144 -> 0 saved, 5 skipped (resume)
[10:04:26]     s0145 -> 0 saved, 5 skipped (resume)
[10:04:26]     s0146 -> 0 saved, 5 skipped (resume)
[10:04:26]     s0147 -> 0 saved, 5 skipped (resume)
[10:04:26]     s0148 -> 0 saved, 5 skipped (resume)
[10:04:26]     s0149 -> 0 saved, 5 skipped (resume)
[10:04:26]     s0150 -> 0 saved, 5 skipped (resume)
[10:04:26]     s0151 -> 0 saved, 5 skipped (resume)
[10:04:26]     s0152 -> 0 saved, 5 skipped (resume)
[10:04:26]     s0153 -> 0 saved, 5 skipped (resume)
[10:04:26]     s0154 -> 0 saved, 5 skipped (resume)
[10:04:26]     s0155 -> 0 saved, 5 skipped (resume)
[10:04:26]     s0156 -> 0 saved, 5 skipped (resume)
[10:04:26]     s0157 -> 0 saved, 5 skipped (resume)
[10:04:26]     s0158 -> 0 saved, 5 skipped (resume)
[10:04:26]     s0159 -> 0 saved, 5 skipped (resume)
[10:04:26]     s0160 -> 0 saved, 5 skipped (resume)
[10:04:26]     s0161 -> 0 saved, 5 skipped (resume)
[10:04:26]     s0162 -> 0 saved, 5 skipped (resume)
[10:04:26]     s0163 -> 0 saved, 5 skipped (resume)
[10:04:26]     s0164 -> 0 saved, 5 skipped (resume)
[10:04:26]     s0165 -> 0 saved, 5 skipped (resume)
[10:04:26]     s0166 -> 0 saved, 5 skipped (resume)
[10:04:26]     s0167 -> 0 saved, 5 skipped (resume)
[10:04:26]     s0168 -> 0 saved, 5 skipped (resume)
[10:04:26]     s0169 -> 0 saved, 5 skipped (resume)
[10:04:26]     s0170 -> 0 saved, 5 skipped (resume)
[10:04:26]     s0171 -> 0 saved, 5 skipped (resume)
[10:04:26]     s0172 -> 0 saved, 5 skipped (resume)
[10:04:26]     s0173 -> 0 saved, 5 skipped (resume)
[10:04:26]     s0174 -> 0 saved, 5 skipped (resume)
[10:04:26]     s0175 -> 0 saved, 5 skipped (resume)
[10:04:26]     s0176 -> 0 saved, 5 skipped (resume)
[10:04:26]     s0177 -> 0 saved, 5 skipped (resume)
[10:04:26]     s0178 -> 0 saved, 5 skipped (resume)
[10:04:26]     s0179 -> 0 saved, 5 skipped (resume)
[10:04:26]     s0180 -> 0 saved, 5 skipped (resume)
[10:04:26]     s0181 -> 0 saved, 5 skipped (resume)
[10:04:26]     s0182 -> 0 saved, 5 skipped (resume)
[10:04:26]     s0183 -> 0 saved, 5 skipped (resume)
[10:04:26]     s0184 -> 0 saved, 5 skipped (resume)
[10:04:26]     s0185 -> 0 saved, 5 skipped (resume)
[10:04:26]     s0186 -> 0 saved, 5 skipped (resume)
[10:04:26]     s0187 -> 0 saved, 5 skipped (resume)
[10:04:26]     s0188 -> 0 saved, 5 skipped (resume)
[10:04:26]     s0189 -> 0 saved, 5 skipped (resume)
[10:04:26]     s0190 -> 0 saved, 5 skipped (resume)
[10:04:26]     s0191 -> 0 saved, 5 skipped (resume)
[10:04:26]     s0192 -> 0 saved, 5 skipped (resume)
[10:04:26]     s0193 -> 0 saved, 5 skipped (resume)
[10:04:26]     s0194 -> 0 saved, 5 skipped (resume)
[10:04:26]     s0195 -> 0 saved, 5 skipped (resume)
[10:04:26]     s0196 -> 0 saved, 5 skipped (resume)
[10:04:26]     s0197 -> 0 saved, 5 skipped (resume)
[10:04:26]     s0198 -> 0 saved, 5 skipped (resume)
[10:04:26]     s0199 -> 0 saved, 5 skipped (resume)
[10:04:26]   qwen3.5:0.8b × spa_Latn (200 samples)
[10:04:26]     s0000 -> 0 saved, 5 skipped (resume)
[10:04:26]     s0001 -> 0 saved, 5 skipped (resume)
[10:04:26]     s0002 -> 0 saved, 5 skipped (resume)
[10:04:26]     s0003 -> 0 saved, 5 skipped (resume)
[10:04:26]     s0004 -> 0 saved, 5 skipped (resume)
[10:04:26]     s0005 -> 0 saved, 5 skipped (resume)
[10:04:26]     s0006 -> 0 saved, 5 skipped (resume)
[10:04:26]     s0007 -> 0 saved, 5 skipped (resume)
[10:04:26]     s0008 -> 0 saved, 5 skipped (resume)
[10:04:26]     s0009 -> 0 saved, 5 skipped (resume)
[10:04:26]     s0010 -> 0 saved, 5 skipped (resume)
[10:04:26]     s0011 -> 0 saved, 5 skipped (resume)
[10:04:26]     s0012 -> 0 saved, 5 skipped (resume)
[10:04:26]     s0013 -> 0 saved, 5 skipped (resume)
[10:04:26]     s0014 -> 0 saved, 5 skipped (resume)
[10:04:26]     s0015 -> 0 saved, 5 skipped (resume)
[10:04:26]     s0016 -> 0 saved, 5 skipped (resume)
[10:04:26]     s0017 -> 0 saved, 5 skipped (resume)
[10:04:26]     s0018 -> 0 saved, 5 skipped (resume)
[10:04:26]     s0019 -> 0 saved, 5 skipped (resume)
[10:04:26]     s0020 -> 0 saved, 5 skipped (resume)
[10:04:26]     s0021 -> 0 saved, 5 skipped (resume)
[10:04:26]     s0022 -> 0 saved, 5 skipped (resume)
[10:04:26]     s0023 -> 0 saved, 5 skipped (resume)
[10:04:26]     s0024 -> 0 saved, 5 skipped (resume)
[10:04:26]     s0025 -> 0 saved, 5 skipped (resume)
[10:04:26]     s0026 -> 0 saved, 5 skipped (resume)
[10:04:26]     s0027 -> 0 saved, 5 skipped (resume)
[10:04:26]     s0028 -> 0 saved, 5 skipped (resume)
[10:04:26]     s0029 -> 0 saved, 5 skipped (resume)
[10:04:26]     s0030 -> 0 saved, 5 skipped (resume)
[10:04:26]     s0031 -> 0 saved, 5 skipped (resume)
[10:04:26]     s0032 -> 0 saved, 5 skipped (resume)
[10:04:26]     s0033 -> 0 saved, 5 skipped (resume)
[10:04:26]     s0034 -> 0 saved, 5 skipped (resume)
[10:04:26]     s0035 -> 0 saved, 5 skipped (resume)
[10:04:26]     s0036 -> 0 saved, 5 skipped (resume)
[10:04:26]     s0037 -> 0 saved, 5 skipped (resume)
[10:04:26]     s0038 -> 0 saved, 5 skipped (resume)
[10:04:26]     s0039 -> 0 saved, 5 skipped (resume)
[10:04:26]     s0040 -> 0 saved, 5 skipped (resume)
[10:04:26]     s0041 -> 0 saved, 5 skipped (resume)
[10:04:26]     s0042 -> 0 saved, 5 skipped (resume)
[10:04:26]     s0043 -> 0 saved, 5 skipped (resume)
[10:04:26]     s0044 -> 0 saved, 5 skipped (resume)
[10:04:26]     s0045 -> 0 saved, 5 skipped (resume)
[10:04:26]     s0046 -> 0 saved, 5 skipped (resume)
[10:04:26]     s0047 -> 0 saved, 5 skipped (resume)
[10:04:26]     s0048 -> 0 saved, 5 skipped (resume)
[10:04:26]     s0049 -> 0 saved, 5 skipped (resume)
[10:04:26]     s0050 -> 0 saved, 5 skipped (resume)
[10:04:26]     s0051 -> 0 saved, 5 skipped (resume)
[10:04:26]     s0052 -> 0 saved, 5 skipped (resume)
[10:04:26]     s0053 -> 0 saved, 5 skipped (resume)
[10:04:26]     s0054 -> 0 saved, 5 skipped (resume)
[10:04:26]     s0055 -> 0 saved, 5 skipped (resume)
[10:04:26]     s0056 -> 0 saved, 5 skipped (resume)
[10:04:26]     s0057 -> 0 saved, 5 skipped (resume)
[10:04:26]     s0058 -> 0 saved, 5 skipped (resume)
[10:04:26]     s0059 -> 0 saved, 5 skipped (resume)
[10:04:26]     s0060 -> 0 saved, 5 skipped (resume)
[10:04:26]     s0061 -> 0 saved, 5 skipped (resume)
[10:04:26]     s0062 -> 0 saved, 5 skipped (resume)
[10:04:26]     s0063 -> 0 saved, 5 skipped (resume)
[10:04:26]     s0064 -> 0 saved, 5 skipped (resume)
[10:04:26]     s0065 -> 0 saved, 5 skipped (resume)
[10:04:26]     s0066 -> 0 saved, 5 skipped (resume)
[10:04:26]     s0067 -> 0 saved, 5 skipped (resume)
[10:04:26]     s0068 -> 0 saved, 5 skipped (resume)
[10:04:26]     s0069 -> 0 saved, 5 skipped (resume)
[10:04:26]     s0070 -> 0 saved, 5 skipped (resume)
[10:04:26]     s0071 -> 0 saved, 5 skipped (resume)
[10:04:26]     s0072 -> 0 saved, 5 skipped (resume)
[10:04:26]     s0073 -> 0 saved, 5 skipped (resume)
[10:04:26]     s0074 -> 0 saved, 5 skipped (resume)
[10:04:26]     s0075 -> 0 saved, 5 skipped (resume)
[10:04:26]     s0076 -> 0 saved, 5 skipped (resume)
[10:04:26]     s0077 -> 0 saved, 5 skipped (resume)
[10:04:26]     s0078 -> 0 saved, 5 skipped (resume)
[10:04:26]     s0079 -> 0 saved, 5 skipped (resume)
[10:04:26]     s0080 -> 0 saved, 5 skipped (resume)
[10:04:26]     s0081 -> 0 saved, 5 skipped (resume)
[10:04:26]     s0082 -> 0 saved, 5 skipped (resume)
[10:04:26]     s0083 -> 0 saved, 5 skipped (resume)
[10:04:26]     s0084 -> 0 saved, 5 skipped (resume)
[10:04:26]     s0085 -> 0 saved, 5 skipped (resume)
[10:04:26]     s0086 -> 0 saved, 5 skipped (resume)
[10:04:26]     s0087 -> 0 saved, 5 skipped (resume)
[10:04:26]     s0088 -> 0 saved, 5 skipped (resume)
[10:04:26]     s0089 -> 0 saved, 5 skipped (resume)
[10:04:26]     s0090 -> 0 saved, 5 skipped (resume)
[10:04:26]     s0091 -> 0 saved, 5 skipped (resume)
[10:04:26]     s0092 -> 0 saved, 5 skipped (resume)
[10:04:26]     s0093 -> 0 saved, 5 skipped (resume)
[10:04:26]     s0094 -> 0 saved, 5 skipped (resume)
[10:04:26]     s0095 -> 0 saved, 5 skipped (resume)
[10:04:26]     s0096 -> 0 saved, 5 skipped (resume)
[10:04:26]     s0097 -> 0 saved, 5 skipped (resume)
[10:04:26]     s0098 -> 0 saved, 5 skipped (resume)
[10:04:26]     s0099 -> 0 saved, 5 skipped (resume)
[10:04:26]     s0100 -> 0 saved, 5 skipped (resume)
[10:04:26]     s0101 -> 0 saved, 5 skipped (resume)
[10:04:26]     s0102 -> 0 saved, 5 skipped (resume)
[10:04:26]     s0103 -> 0 saved, 5 skipped (resume)
[10:04:26]     s0104 -> 0 saved, 5 skipped (resume)
[10:04:26]     s0105 -> 0 saved, 5 skipped (resume)
[10:04:26]     s0106 -> 0 saved, 5 skipped (resume)
[10:04:26]     s0107 -> 0 saved, 5 skipped (resume)
[10:04:26]     s0108 -> 0 saved, 5 skipped (resume)
[10:04:26]     s0109 -> 0 saved, 5 skipped (resume)
[10:04:26]     s0110 -> 0 saved, 5 skipped (resume)
[10:04:26]     s0111 -> 0 saved, 5 skipped (resume)
[10:04:26]     s0112 -> 0 saved, 5 skipped (resume)
[10:04:26]     s0113 -> 0 saved, 5 skipped (resume)
[10:04:26]     s0114 -> 0 saved, 5 skipped (resume)
[10:04:26]     s0115 -> 0 saved, 5 skipped (resume)
[10:04:26]     s0116 -> 0 saved, 5 skipped (resume)
[10:04:26]     s0117 -> 0 saved, 5 skipped (resume)
[10:04:26]     s0118 -> 0 saved, 5 skipped (resume)
[10:04:26]     s0119 -> 0 saved, 5 skipped (resume)
[10:04:26]     s0120 -> 0 saved, 5 skipped (resume)
[10:04:26]     s0121 -> 0 saved, 5 skipped (resume)
[10:04:26]     s0122 -> 0 saved, 5 skipped (resume)
[10:04:26]     s0123 -> 0 saved, 5 skipped (resume)
[10:04:26]     s0124 -> 0 saved, 5 skipped (resume)
[10:04:26]     s0125 -> 0 saved, 5 skipped (resume)
[10:04:26]     s0126 -> 0 saved, 5 skipped (resume)
[10:04:26]     s0127 -> 0 saved, 5 skipped (resume)
[10:04:26]     s0128 -> 0 saved, 5 skipped (resume)
[10:04:26]     s0129 -> 0 saved, 5 skipped (resume)
[10:04:26]     s0130 -> 0 saved, 5 skipped (resume)
[10:04:26]     s0131 -> 0 saved, 5 skipped (resume)
[10:04:26]     s0132 -> 0 saved, 5 skipped (resume)
[10:04:26]     s0133 -> 0 saved, 5 skipped (resume)
[10:04:26]     s0134 -> 0 saved, 5 skipped (resume)
[10:04:26]     s0135 -> 0 saved, 5 skipped (resume)
[10:04:26]     s0136 -> 0 saved, 5 skipped (resume)
[10:04:26]     s0137 -> 0 saved, 5 skipped (resume)
[10:04:26]     s0138 -> 0 saved, 5 skipped (resume)
[10:04:26]     s0139 -> 0 saved, 5 skipped (resume)
[10:04:26]     s0140 -> 0 saved, 5 skipped (resume)
[10:04:26]     s0141 -> 0 saved, 5 skipped (resume)
[10:04:26]     s0142 -> 0 saved, 5 skipped (resume)
[10:04:26]     s0143 -> 0 saved, 5 skipped (resume)
[10:04:26]     s0144 -> 0 saved, 5 skipped (resume)
[10:04:26]     s0145 -> 0 saved, 5 skipped (resume)
[10:04:26]     s0146 -> 0 saved, 5 skipped (resume)
[10:04:26]     s0147 -> 0 saved, 5 skipped (resume)
[10:04:26]     s0148 -> 0 saved, 5 skipped (resume)
[10:04:26]     s0149 -> 0 saved, 5 skipped (resume)
[10:04:26]     s0150 -> 0 saved, 5 skipped (resume)
[10:04:26]     s0151 -> 0 saved, 5 skipped (resume)
[10:04:26]     s0152 -> 0 saved, 5 skipped (resume)
[10:04:26]     s0153 -> 0 saved, 5 skipped (resume)
[10:04:26]     s0154 -> 0 saved, 5 skipped (resume)
[10:04:26]     s0155 -> 0 saved, 5 skipped (resume)
[10:04:26]     s0156 -> 0 saved, 5 skipped (resume)
[10:04:26]     s0157 -> 0 saved, 5 skipped (resume)
[10:04:26]     s0158 -> 0 saved, 5 skipped (resume)
[10:04:26]     s0159 -> 0 saved, 5 skipped (resume)
[10:04:26]     s0160 -> 0 saved, 5 skipped (resume)
[10:04:26]     s0161 -> 0 saved, 5 skipped (resume)
[10:04:26]     s0162 -> 0 saved, 5 skipped (resume)
[10:04:26]     s0163 -> 0 saved, 5 skipped (resume)
[10:04:26]     s0164 -> 0 saved, 5 skipped (resume)
[10:04:26]     s0165 -> 0 saved, 5 skipped (resume)
[10:04:26]     s0166 -> 0 saved, 5 skipped (resume)
[10:04:26]     s0167 -> 0 saved, 5 skipped (resume)
[10:04:26]     s0168 -> 0 saved, 5 skipped (resume)
[10:04:26]     s0169 -> 0 saved, 5 skipped (resume)
[10:04:26]     s0170 -> 0 saved, 5 skipped (resume)
[10:04:26]     s0171 -> 0 saved, 5 skipped (resume)
[10:04:26]     s0172 -> 0 saved, 5 skipped (resume)
[10:04:26]     s0173 -> 0 saved, 5 skipped (resume)
[10:04:26]     s0174 -> 0 saved, 5 skipped (resume)
[10:04:26]     s0175 -> 0 saved, 5 skipped (resume)
[10:04:26]     s0176 -> 0 saved, 5 skipped (resume)
[10:04:26]     s0177 -> 0 saved, 5 skipped (resume)
[10:04:26]     s0178 -> 0 saved, 5 skipped (resume)
[10:04:26]     s0179 -> 0 saved, 5 skipped (resume)
[10:04:26]     s0180 -> 0 saved, 5 skipped (resume)
[10:04:26]     s0181 -> 0 saved, 5 skipped (resume)
[10:04:26]     s0182 -> 0 saved, 5 skipped (resume)
[10:04:26]     s0183 -> 0 saved, 5 skipped (resume)
[10:04:26]     s0184 -> 0 saved, 5 skipped (resume)
[10:04:26]     s0185 -> 0 saved, 5 skipped (resume)
[10:04:26]     s0186 -> 0 saved, 5 skipped (resume)
[10:04:26]     s0187 -> 0 saved, 5 skipped (resume)
[10:04:26]     s0188 -> 0 saved, 5 skipped (resume)
[10:04:26]     s0189 -> 0 saved, 5 skipped (resume)
[10:04:26]     s0190 -> 0 saved, 5 skipped (resume)
[10:04:26]     s0191 -> 0 saved, 5 skipped (resume)
[10:04:26]     s0192 -> 0 saved, 5 skipped (resume)
[10:04:26]     s0193 -> 0 saved, 5 skipped (resume)
[10:04:26]     s0194 -> 0 saved, 5 skipped (resume)
[10:04:26]     s0195 -> 0 saved, 5 skipped (resume)
[10:04:26]     s0196 -> 0 saved, 5 skipped (resume)
[10:04:26]     s0197 -> 0 saved, 5 skipped (resume)
[10:04:26]     s0198 -> 0 saved, 5 skipped (resume)
[10:04:26]     s0199 -> 0 saved, 5 skipped (resume)
[10:04:26]   qwen3.5:0.8b × fra_Latn (200 samples)
[10:04:26]     s0000 -> 0 saved, 5 skipped (resume)
[10:04:26]     s0001 -> 0 saved, 5 skipped (resume)
[10:04:26]     s0002 -> 0 saved, 5 skipped (resume)
[10:04:26]     s0003 -> 0 saved, 5 skipped (resume)
[10:04:26]     s0004 -> 0 saved, 5 skipped (resume)
[10:04:26]     s0005 -> 0 saved, 5 skipped (resume)
[10:04:26]     s0006 -> 0 saved, 5 skipped (resume)
[10:04:26]     s0007 -> 0 saved, 5 skipped (resume)
[10:04:26]     s0008 -> 0 saved, 5 skipped (resume)
[10:04:26]     s0009 -> 0 saved, 5 skipped (resume)
[10:04:26]     s0010 -> 0 saved, 5 skipped (resume)
[10:04:26]     s0011 -> 0 saved, 5 skipped (resume)
[10:04:26]     s0012 -> 0 saved, 5 skipped (resume)
[10:04:26]     s0013 -> 0 saved, 5 skipped (resume)
[10:04:26]     s0014 -> 0 saved, 5 skipped (resume)
[10:04:26]     s0015 -> 0 saved, 5 skipped (resume)
[10:04:26]     s0016 -> 0 saved, 5 skipped (resume)
[10:04:26]     s0017 -> 0 saved, 5 skipped (resume)
[10:04:26]     s0018 -> 0 saved, 5 skipped (resume)
[10:04:26]     s0019 -> 0 saved, 5 skipped (resume)
[10:04:26]     s0020 -> 0 saved, 5 skipped (resume)
[10:04:26]     s0021 -> 0 saved, 5 skipped (resume)
[10:04:26]     s0022 -> 0 saved, 5 skipped (resume)
[10:04:26]     s0023 -> 0 saved, 5 skipped (resume)
[10:04:26]     s0024 -> 0 saved, 5 skipped (resume)
[10:04:26]     s0025 -> 0 saved, 5 skipped (resume)
[10:04:26]     s0026 -> 0 saved, 5 skipped (resume)
[10:04:26]     s0027 -> 0 saved, 5 skipped (resume)
[10:04:26]     s0028 -> 0 saved, 5 skipped (resume)
[10:04:26]     s0029 -> 0 saved, 5 skipped (resume)
[10:04:26]     s0030 -> 0 saved, 5 skipped (resume)
[10:04:26]     s0031 -> 0 saved, 5 skipped (resume)
[10:04:26]     s0032 -> 0 saved, 5 skipped (resume)
[10:04:26]     s0033 -> 0 saved, 5 skipped (resume)
[10:04:26]     s0034 -> 0 saved, 5 skipped (resume)
[10:04:26]     s0035 -> 0 saved, 5 skipped (resume)
[10:04:26]     s0036 -> 0 saved, 5 skipped (resume)
[10:04:26]     s0037 -> 0 saved, 5 skipped (resume)
[10:04:26]     s0038 -> 0 saved, 5 skipped (resume)
[10:04:26]     s0039 -> 0 saved, 5 skipped (resume)
[10:04:26]     s0040 -> 0 saved, 5 skipped (resume)
[10:04:26]     s0041 -> 0 saved, 5 skipped (resume)
[10:04:26]     s0042 -> 0 saved, 5 skipped (resume)
[10:04:26]     s0043 -> 0 saved, 5 skipped (resume)
[10:04:26]     s0044 -> 0 saved, 5 skipped (resume)
[10:04:26]     s0045 -> 0 saved, 5 skipped (resume)
[10:04:26]     s0046 -> 0 saved, 5 skipped (resume)
[10:04:26]     s0047 -> 0 saved, 5 skipped (resume)
[10:04:26]     s0048 -> 0 saved, 5 skipped (resume)
[10:04:26]     s0049 -> 0 saved, 5 skipped (resume)
[10:04:26]     s0050 -> 0 saved, 5 skipped (resume)
[10:04:26]     s0051 -> 0 saved, 5 skipped (resume)
[10:04:26]     s0052 -> 0 saved, 5 skipped (resume)
[10:04:26]     s0053 -> 0 saved, 5 skipped (resume)
[10:04:26]     s0054 -> 0 saved, 5 skipped (resume)
[10:04:26]     s0055 -> 0 saved, 5 skipped (resume)
[10:04:26]     s0056 -> 0 saved, 5 skipped (resume)
[10:04:26]     s0057 -> 0 saved, 5 skipped (resume)
[10:04:26]     s0058 -> 0 saved, 5 skipped (resume)
[10:04:26]     s0059 -> 0 saved, 5 skipped (resume)
[10:04:26]     s0060 -> 0 saved, 5 skipped (resume)
[10:04:26]     s0061 -> 0 saved, 5 skipped (resume)
[10:04:26]     s0062 -> 0 saved, 5 skipped (resume)
[10:04:26]     s0063 -> 0 saved, 5 skipped (resume)
[10:04:26]     s0064 -> 0 saved, 5 skipped (resume)
[10:04:26]     s0065 -> 0 saved, 5 skipped (resume)
[10:04:26]     s0066 -> 0 saved, 5 skipped (resume)
[10:04:26]     s0067 -> 0 saved, 5 skipped (resume)
[10:04:26]     s0068 -> 0 saved, 5 skipped (resume)
[10:04:26]     s0069 -> 0 saved, 5 skipped (resume)
[10:04:26]     s0070 -> 0 saved, 5 skipped (resume)
[10:04:26]     s0071 -> 0 saved, 5 skipped (resume)
[10:04:26]     s0072 -> 0 saved, 5 skipped (resume)
[10:04:26]     s0073 -> 0 saved, 5 skipped (resume)
[10:04:26]     s0074 -> 0 saved, 5 skipped (resume)
[10:04:26]     s0075 -> 0 saved, 5 skipped (resume)
[10:04:26]     s0076 -> 0 saved, 5 skipped (resume)
[10:04:26]     s0077 -> 0 saved, 5 skipped (resume)
[10:04:26]     s0078 -> 0 saved, 5 skipped (resume)
[10:04:26]     s0079 -> 0 saved, 5 skipped (resume)
[10:04:26]     s0080 -> 0 saved, 5 skipped (resume)
[10:04:26]     s0081 -> 0 saved, 5 skipped (resume)
[10:04:26]     s0082 -> 0 saved, 5 skipped (resume)
[10:04:26]     s0083 -> 0 saved, 5 skipped (resume)
[10:04:26]     s0084 -> 0 saved, 5 skipped (resume)
[10:04:26]     s0085 -> 0 saved, 5 skipped (resume)
[10:04:26]     s0086 -> 0 saved, 5 skipped (resume)
[10:04:26]     s0087 -> 0 saved, 5 skipped (resume)
[10:04:26]     s0088 -> 0 saved, 5 skipped (resume)
[10:04:26]     s0089 -> 0 saved, 5 skipped (resume)
[10:04:26]     s0090 -> 0 saved, 5 skipped (resume)
[10:04:26]     s0091 -> 0 saved, 5 skipped (resume)
[10:04:26]     s0092 -> 0 saved, 5 skipped (resume)
[10:04:26]     s0093 -> 0 saved, 5 skipped (resume)
[10:04:26]     s0094 -> 0 saved, 5 skipped (resume)
[10:04:26]     s0095 -> 0 saved, 5 skipped (resume)
[10:04:26]     s0096 -> 0 saved, 5 skipped (resume)
[10:04:26]     s0097 -> 0 saved, 5 skipped (resume)
[10:04:26]     s0098 -> 0 saved, 5 skipped (resume)
[10:04:26]     s0099 -> 0 saved, 5 skipped (resume)
[10:04:26]     s0100 -> 0 saved, 5 skipped (resume)
[10:04:26]     s0101 -> 0 saved, 5 skipped (resume)
[10:04:26]     s0102 -> 0 saved, 5 skipped (resume)
[10:04:26]     s0103 -> 0 saved, 5 skipped (resume)
[10:04:26]     s0104 -> 0 saved, 5 skipped (resume)
[10:04:26]     s0105 -> 0 saved, 5 skipped (resume)
[10:04:26]     s0106 -> 0 saved, 5 skipped (resume)
[10:04:26]     s0107 -> 0 saved, 5 skipped (resume)
[10:04:26]     s0108 -> 0 saved, 5 skipped (resume)
[10:04:26]     s0109 -> 0 saved, 5 skipped (resume)
[10:04:26]     s0110 -> 0 saved, 5 skipped (resume)
[10:04:26]     s0111 -> 0 saved, 5 skipped (resume)
[10:04:26]     s0112 -> 0 saved, 5 skipped (resume)
[10:04:26]     s0113 -> 0 saved, 5 skipped (resume)
[10:04:26]     s0114 -> 0 saved, 5 skipped (resume)
[10:04:26]     s0115 -> 0 saved, 5 skipped (resume)
[10:04:26]     s0116 -> 0 saved, 5 skipped (resume)
[10:04:26]     s0117 -> 0 saved, 5 skipped (resume)
[10:04:26]     s0118 -> 0 saved, 5 skipped (resume)
[10:04:26]     s0119 -> 0 saved, 5 skipped (resume)
[10:04:26]     s0120 -> 0 saved, 5 skipped (resume)
[10:04:26]     s0121 -> 0 saved, 5 skipped (resume)
[10:04:26]     s0122 -> 0 saved, 5 skipped (resume)
[10:04:26]     s0123 -> 0 saved, 5 skipped (resume)
[10:04:26]     s0124 -> 0 saved, 5 skipped (resume)
[10:04:26]     s0125 -> 0 saved, 5 skipped (resume)
[10:04:26]     s0126 -> 0 saved, 5 skipped (resume)
[10:04:26]     s0127 -> 0 saved, 5 skipped (resume)
[10:04:26]     s0128 -> 0 saved, 5 skipped (resume)
[10:04:26]     s0129 -> 0 saved, 5 skipped (resume)
[10:04:26]     s0130 -> 0 saved, 5 skipped (resume)
[10:04:26]     s0131 -> 0 saved, 5 skipped (resume)
[10:04:26]     s0132 -> 0 saved, 5 skipped (resume)
[10:04:26]     s0133 -> 0 saved, 5 skipped (resume)
[10:04:26]     s0134 -> 0 saved, 5 skipped (resume)
[10:04:26]     s0135 -> 0 saved, 5 skipped (resume)
[10:04:26]     s0136 -> 0 saved, 5 skipped (resume)
[10:04:26]     s0137 -> 0 saved, 5 skipped (resume)
[10:04:26]     s0138 -> 0 saved, 5 skipped (resume)
[10:04:26]     s0139 -> 0 saved, 5 skipped (resume)
[10:04:26]     s0140 -> 0 saved, 5 skipped (resume)
[10:04:26]     s0141 -> 0 saved, 5 skipped (resume)
[10:04:26]     s0142 -> 0 saved, 5 skipped (resume)
[10:04:26]     s0143 -> 0 saved, 5 skipped (resume)
[10:04:26]     s0144 -> 0 saved, 5 skipped (resume)
[10:04:26]     s0145 -> 0 saved, 5 skipped (resume)
[10:04:26]     s0146 -> 0 saved, 5 skipped (resume)
[10:04:26]     s0147 -> 0 saved, 5 skipped (resume)
[10:04:26]     s0148 -> 0 saved, 5 skipped (resume)
[10:04:26]     s0149 -> 0 saved, 5 skipped (resume)
[10:04:26]     s0150 -> 0 saved, 5 skipped (resume)
[10:04:26]     s0151 -> 0 saved, 5 skipped (resume)
[10:04:26]     s0152 -> 0 saved, 5 skipped (resume)
[10:04:26]     s0153 -> 0 saved, 5 skipped (resume)
[10:04:26]     s0154 -> 0 saved, 5 skipped (resume)
[10:04:26]     s0155 -> 0 saved, 5 skipped (resume)
[10:04:26]     s0156 -> 0 saved, 5 skipped (resume)
[10:04:26]     s0157 -> 0 saved, 5 skipped (resume)
[10:04:26]     s0158 -> 0 saved, 5 skipped (resume)
[10:04:26]     s0159 -> 0 saved, 5 skipped (resume)
[10:04:26]     s0160 -> 0 saved, 5 skipped (resume)
[10:04:26]     s0161 -> 0 saved, 5 skipped (resume)
[10:04:26]     s0162 -> 0 saved, 5 skipped (resume)
[10:04:26]     s0163 -> 0 saved, 5 skipped (resume)
[10:04:26]     s0164 -> 0 saved, 5 skipped (resume)
[10:04:26]     s0165 -> 0 saved, 5 skipped (resume)
[10:04:26]     s0166 -> 0 saved, 5 skipped (resume)
[10:04:26]     s0167 -> 0 saved, 5 skipped (resume)
[10:04:26]     s0168 -> 0 saved, 5 skipped (resume)
[10:04:26]     s0169 -> 0 saved, 5 skipped (resume)
[10:04:26]     s0170 -> 0 saved, 5 skipped (resume)
[10:04:26]     s0171 -> 0 saved, 5 skipped (resume)
[10:04:26]     s0172 -> 0 saved, 5 skipped (resume)
[10:04:26]     s0173 -> 0 saved, 5 skipped (resume)
[10:04:26]     s0174 -> 0 saved, 5 skipped (resume)
[10:04:26]     s0175 -> 0 saved, 5 skipped (resume)
[10:04:26]     s0176 -> 0 saved, 5 skipped (resume)
[10:04:26]     s0177 -> 0 saved, 5 skipped (resume)
[10:04:26]     s0178 -> 0 saved, 5 skipped (resume)
[10:04:26]     s0179 -> 0 saved, 5 skipped (resume)
[10:04:26]     s0180 -> 0 saved, 5 skipped (resume)
[10:04:26]     s0181 -> 0 saved, 5 skipped (resume)
[10:04:26]     s0182 -> 0 saved, 5 skipped (resume)
[10:04:26]     s0183 -> 0 saved, 5 skipped (resume)
[10:04:26]     s0184 -> 0 saved, 5 skipped (resume)
[10:04:26]     s0185 -> 0 saved, 5 skipped (resume)
[10:04:26]     s0186 -> 0 saved, 5 skipped (resume)
[10:04:26]     s0187 -> 0 saved, 5 skipped (resume)
[10:04:26]     s0188 -> 0 saved, 5 skipped (resume)
[10:04:26]     s0189 -> 0 saved, 5 skipped (resume)
[10:04:26]     s0190 -> 0 saved, 5 skipped (resume)
[10:04:26]     s0191 -> 0 saved, 5 skipped (resume)
[10:04:26]     s0192 -> 0 saved, 5 skipped (resume)
[10:04:26]     s0193 -> 0 saved, 5 skipped (resume)
[10:04:26]     s0194 -> 0 saved, 5 skipped (resume)
[10:04:26]     s0195 -> 0 saved, 5 skipped (resume)
[10:04:26]     s0196 -> 0 saved, 5 skipped (resume)
[10:04:26]     s0197 -> 0 saved, 5 skipped (resume)
[10:04:26]     s0198 -> 0 saved, 5 skipped (resume)
[10:04:26]     s0199 -> 0 saved, 5 skipped (resume)
[10:04:26]   qwen3.5:0.8b × deu_Latn (200 samples)
[10:04:26]     s0000 -> 0 saved, 5 skipped (resume)
[10:04:26]     s0001 -> 0 saved, 5 skipped (resume)
[10:04:26]     s0002 -> 0 saved, 5 skipped (resume)
[10:04:26]     s0003 -> 0 saved, 5 skipped (resume)
[10:04:26]     s0004 -> 0 saved, 5 skipped (resume)
[10:04:26]     s0005 -> 0 saved, 5 skipped (resume)
[10:04:26]     s0006 -> 0 saved, 5 skipped (resume)
[10:04:26]     s0007 -> 0 saved, 5 skipped (resume)
[10:04:26]     s0008 -> 0 saved, 5 skipped (resume)
[10:04:26]     s0009 -> 0 saved, 5 skipped (resume)
[10:04:26]     s0010 -> 0 saved, 5 skipped (resume)
[10:04:26]     s0011 -> 0 saved, 5 skipped (resume)
[10:04:26]     s0012 -> 0 saved, 5 skipped (resume)
[10:04:26]     s0013 -> 0 saved, 5 skipped (resume)
[10:04:26]     s0014 -> 0 saved, 5 skipped (resume)
[10:04:26]     s0015 -> 0 saved, 5 skipped (resume)
[10:04:26]     s0016 -> 0 saved, 5 skipped (resume)
[10:04:26]     s0017 -> 0 saved, 5 skipped (resume)
[10:04:26]     s0018 -> 0 saved, 5 skipped (resume)
[10:04:26]     s0019 -> 0 saved, 5 skipped (resume)
[10:04:26]     s0020 -> 0 saved, 5 skipped (resume)
[10:04:26]     s0021 -> 0 saved, 5 skipped (resume)
[10:04:26]     s0022 -> 0 saved, 5 skipped (resume)
[10:04:26]     s0023 -> 0 saved, 5 skipped (resume)
[10:04:26]     s0024 -> 0 saved, 5 skipped (resume)
[10:04:26]     s0025 -> 0 saved, 5 skipped (resume)
[10:04:26]     s0026 -> 0 saved, 5 skipped (resume)
[10:04:26]     s0027 -> 0 saved, 5 skipped (resume)
[10:04:26]     s0028 -> 0 saved, 5 skipped (resume)
[10:04:26]     s0029 -> 0 saved, 5 skipped (resume)
[10:04:26]     s0030 -> 0 saved, 5 skipped (resume)
[10:04:26]     s0031 -> 0 saved, 5 skipped (resume)
[10:04:26]     s0032 -> 0 saved, 5 skipped (resume)
[10:04:26]     s0033 -> 0 saved, 5 skipped (resume)
[10:04:26]     s0034 -> 0 saved, 5 skipped (resume)
[10:04:26]     s0035 -> 0 saved, 5 skipped (resume)
[10:04:26]     s0036 -> 0 saved, 5 skipped (resume)
[10:04:26]     s0037 -> 0 saved, 5 skipped (resume)
[10:04:26]     s0038 -> 0 saved, 5 skipped (resume)
[10:04:26]     s0039 -> 0 saved, 5 skipped (resume)
[10:04:26]     s0040 -> 0 saved, 5 skipped (resume)
[10:04:26]     s0041 -> 0 saved, 5 skipped (resume)
[10:04:26]     s0042 -> 0 saved, 5 skipped (resume)
[10:04:26]     s0043 -> 0 saved, 5 skipped (resume)
[10:04:26]     s0044 -> 0 saved, 5 skipped (resume)
[10:04:26]     s0045 -> 0 saved, 5 skipped (resume)
[10:04:26]     s0046 -> 0 saved, 5 skipped (resume)
[10:04:26]     s0047 -> 0 saved, 5 skipped (resume)
[10:04:26]     s0048 -> 0 saved, 5 skipped (resume)
[10:04:26]     s0049 -> 0 saved, 5 skipped (resume)
[10:04:26]     s0050 -> 0 saved, 5 skipped (resume)
[10:04:26]     s0051 -> 0 saved, 5 skipped (resume)
[10:04:26]     s0052 -> 0 saved, 5 skipped (resume)
[10:04:26]     s0053 -> 0 saved, 5 skipped (resume)
[10:04:26]     s0054 -> 0 saved, 5 skipped (resume)
[10:04:26]     s0055 -> 0 saved, 5 skipped (resume)
[10:04:26]     s0056 -> 0 saved, 5 skipped (resume)
[10:04:26]     s0057 -> 0 saved, 5 skipped (resume)
[10:04:26]     s0058 -> 0 saved, 5 skipped (resume)
[10:04:26]     s0059 -> 0 saved, 5 skipped (resume)
[10:04:26]     s0060 -> 0 saved, 5 skipped (resume)
[10:04:26]     s0061 -> 0 saved, 5 skipped (resume)
[10:04:26]     s0062 -> 0 saved, 5 skipped (resume)
[10:04:26]     s0063 -> 0 saved, 5 skipped (resume)
[10:04:26]     s0064 -> 0 saved, 5 skipped (resume)
[10:04:26]     s0065 -> 0 saved, 5 skipped (resume)
[10:04:26]     s0066 -> 0 saved, 5 skipped (resume)
[10:04:26]     s0067 -> 0 saved, 5 skipped (resume)
[10:04:26]     s0068 -> 0 saved, 5 skipped (resume)
[10:04:26]     s0069 -> 0 saved, 5 skipped (resume)
[10:04:26]     s0070 -> 0 saved, 5 skipped (resume)
[10:04:26]     s0071 -> 0 saved, 5 skipped (resume)
[10:04:26]     s0072 -> 0 saved, 5 skipped (resume)
[10:04:26]     s0073 -> 0 saved, 5 skipped (resume)
[10:04:26]     s0074 -> 0 saved, 5 skipped (resume)
[10:04:26]     s0075 -> 0 saved, 5 skipped (resume)
[10:04:26]     s0076 -> 0 saved, 5 skipped (resume)
[10:04:26]     s0077 -> 0 saved, 5 skipped (resume)
[10:04:26]     s0078 -> 0 saved, 5 skipped (resume)
[10:04:26]     s0079 -> 0 saved, 5 skipped (resume)
[10:04:26]     s0080 -> 0 saved, 5 skipped (resume)
[10:04:26]     s0081 -> 0 saved, 5 skipped (resume)
[10:04:26]     s0082 -> 0 saved, 5 skipped (resume)
[10:04:26]     s0083 -> 0 saved, 5 skipped (resume)
[10:04:26]     s0084 -> 0 saved, 5 skipped (resume)
[10:04:26]     s0085 -> 0 saved, 5 skipped (resume)
[10:04:26]     s0086 -> 0 saved, 5 skipped (resume)
[10:04:26]     s0087 -> 0 saved, 5 skipped (resume)
[10:04:26]     s0088 -> 0 saved, 5 skipped (resume)
[10:04:26]     s0089 -> 0 saved, 5 skipped (resume)
[10:04:26]     s0090 -> 0 saved, 5 skipped (resume)
[10:04:26]     s0091 -> 0 saved, 5 skipped (resume)
[10:04:26]     s0092 -> 0 saved, 5 skipped (resume)
[10:04:26]     s0093 -> 0 saved, 5 skipped (resume)
[10:04:26]     s0094 -> 0 saved, 5 skipped (resume)
[10:04:26]     s0095 -> 0 saved, 5 skipped (resume)
[10:04:26]     s0096 -> 0 saved, 5 skipped (resume)
[10:04:26]     s0097 -> 0 saved, 5 skipped (resume)
[10:04:26]     s0098 -> 0 saved, 5 skipped (resume)
[10:04:26]     s0099 -> 0 saved, 5 skipped (resume)
[10:04:26]     s0100 -> 0 saved, 5 skipped (resume)
[10:04:26]     s0101 -> 0 saved, 5 skipped (resume)
[10:04:26]     s0102 -> 0 saved, 5 skipped (resume)
[10:04:26]     s0103 -> 0 saved, 5 skipped (resume)
[10:04:26]     s0104 -> 0 saved, 5 skipped (resume)
[10:04:26]     s0105 -> 0 saved, 5 skipped (resume)
[10:04:26]     s0106 -> 0 saved, 5 skipped (resume)
[10:04:26]     s0107 -> 0 saved, 5 skipped (resume)
[10:04:26]     s0108 -> 0 saved, 5 skipped (resume)
[10:04:26]     s0109 -> 0 saved, 5 skipped (resume)
[10:04:26]     s0110 -> 0 saved, 5 skipped (resume)
[10:04:26]     s0111 -> 0 saved, 5 skipped (resume)
[10:04:26]     s0112 -> 0 saved, 5 skipped (resume)
[10:04:26]     s0113 -> 0 saved, 5 skipped (resume)
[10:04:26]     s0114 -> 0 saved, 5 skipped (resume)
[10:04:26]     s0115 -> 0 saved, 5 skipped (resume)
[10:04:26]     s0116 -> 0 saved, 5 skipped (resume)
[10:04:26]     s0117 -> 0 saved, 5 skipped (resume)
[10:04:26]     s0118 -> 0 saved, 5 skipped (resume)
[10:04:26]     s0119 -> 0 saved, 5 skipped (resume)
[10:04:26]     s0120 -> 0 saved, 5 skipped (resume)
[10:04:26]     s0121 -> 0 saved, 5 skipped (resume)
[10:04:26]     s0122 -> 0 saved, 5 skipped (resume)
[10:04:26]     s0123 -> 0 saved, 5 skipped (resume)
[10:04:26]     s0124 -> 0 saved, 5 skipped (resume)
[10:04:26]     s0125 -> 0 saved, 5 skipped (resume)
[10:04:26]     s0126 -> 0 saved, 5 skipped (resume)
[10:04:26]     s0127 -> 0 saved, 5 skipped (resume)
[10:04:26]     s0128 -> 0 saved, 5 skipped (resume)
[10:04:26]     s0129 -> 0 saved, 5 skipped (resume)
[10:04:26]     s0130 -> 0 saved, 5 skipped (resume)
[10:04:26]     s0131 -> 0 saved, 5 skipped (resume)
[10:04:26]     s0132 -> 0 saved, 5 skipped (resume)
[10:04:26]     s0133 -> 0 saved, 5 skipped (resume)
[10:04:26]     s0134 -> 0 saved, 5 skipped (resume)
[10:04:26]     s0135 -> 0 saved, 5 skipped (resume)
[10:04:26]     s0136 -> 0 saved, 5 skipped (resume)
[10:04:26]     s0137 -> 0 saved, 5 skipped (resume)
[10:04:26]     s0138 -> 0 saved, 5 skipped (resume)
[10:04:26]     s0139 -> 0 saved, 5 skipped (resume)
[10:04:26]     s0140 -> 0 saved, 5 skipped (resume)
[10:04:26]     s0141 -> 0 saved, 5 skipped (resume)
[10:04:26]     s0142 -> 0 saved, 5 skipped (resume)
[10:04:26]     s0143 -> 0 saved, 5 skipped (resume)
[10:04:26]     s0144 -> 0 saved, 5 skipped (resume)
[10:04:26]     s0145 -> 0 saved, 5 skipped (resume)
[10:04:26]     s0146 -> 0 saved, 5 skipped (resume)
[10:04:26]     s0147 -> 0 saved, 5 skipped (resume)
[10:04:26]     s0148 -> 0 saved, 5 skipped (resume)
[10:04:26]     s0149 -> 0 saved, 5 skipped (resume)
[10:04:26]     s0150 -> 0 saved, 5 skipped (resume)
[10:04:26]     s0151 -> 0 saved, 5 skipped (resume)
[10:04:26]     s0152 -> 0 saved, 5 skipped (resume)
[10:04:26]     s0153 -> 0 saved, 5 skipped (resume)
[10:04:26]     s0154 -> 0 saved, 5 skipped (resume)
[10:04:26]     s0155 -> 0 saved, 5 skipped (resume)
[10:04:26]     s0156 -> 0 saved, 5 skipped (resume)
[10:04:26]     s0157 -> 0 saved, 5 skipped (resume)
[10:04:26]     s0158 -> 0 saved, 5 skipped (resume)
[10:04:26]     s0159 -> 0 saved, 5 skipped (resume)
[10:04:26]     s0160 -> 0 saved, 5 skipped (resume)
[10:04:26]     s0161 -> 0 saved, 5 skipped (resume)
[10:04:26]     s0162 -> 0 saved, 5 skipped (resume)
[10:04:26]     s0163 -> 0 saved, 5 skipped (resume)
[10:04:26]     s0164 -> 0 saved, 5 skipped (resume)
[10:04:26]     s0165 -> 0 saved, 5 skipped (resume)
[10:04:26]     s0166 -> 0 saved, 5 skipped (resume)
[10:04:26]     s0167 -> 0 saved, 5 skipped (resume)
[10:04:26]     s0168 -> 0 saved, 5 skipped (resume)
[10:04:26]     s0169 -> 0 saved, 5 skipped (resume)
[10:04:26]     s0170 -> 0 saved, 5 skipped (resume)
[10:04:26]     s0171 -> 0 saved, 5 skipped (resume)
[10:04:26]     s0172 -> 0 saved, 5 skipped (resume)
[10:04:26]     s0173 -> 0 saved, 5 skipped (resume)
[10:04:26]     s0174 -> 0 saved, 5 skipped (resume)
[10:04:26]     s0175 -> 0 saved, 5 skipped (resume)
[10:04:26]     s0176 -> 0 saved, 5 skipped (resume)
[10:04:26]     s0177 -> 0 saved, 5 skipped (resume)
[10:04:26]     s0178 -> 0 saved, 5 skipped (resume)
[10:04:26]     s0179 -> 0 saved, 5 skipped (resume)
[10:04:26]     s0180 -> 0 saved, 5 skipped (resume)
[10:04:26]     s0181 -> 0 saved, 5 skipped (resume)
[10:04:26]     s0182 -> 0 saved, 5 skipped (resume)
[10:04:26]     s0183 -> 0 saved, 5 skipped (resume)
[10:04:26]     s0184 -> 0 saved, 5 skipped (resume)
[10:04:26]     s0185 -> 0 saved, 5 skipped (resume)
[10:04:26]     s0186 -> 0 saved, 5 skipped (resume)
[10:04:26]     s0187 -> 0 saved, 5 skipped (resume)
[10:04:26]     s0188 -> 0 saved, 5 skipped (resume)
[10:04:26]     s0189 -> 0 saved, 5 skipped (resume)
[10:04:26]     s0190 -> 0 saved, 5 skipped (resume)
[10:04:26]     s0191 -> 0 saved, 5 skipped (resume)
[10:04:26]     s0192 -> 0 saved, 5 skipped (resume)
[10:04:26]     s0193 -> 0 saved, 5 skipped (resume)
[10:04:26]     s0194 -> 0 saved, 5 skipped (resume)
[10:04:26]     s0195 -> 0 saved, 5 skipped (resume)
[10:04:26]     s0196 -> 0 saved, 5 skipped (resume)
[10:04:26]     s0197 -> 0 saved, 5 skipped (resume)
[10:04:26]     s0198 -> 0 saved, 5 skipped (resume)
[10:04:26]     s0199 -> 0 saved, 5 skipped (resume)
[10:04:26]   lfm2.5-thinking:latest × eng_Latn (200 samples)
[10:04:26]     s0000 -> 0 saved, 5 skipped (resume)
[10:04:26]     s0001 -> 0 saved, 5 skipped (resume)
[10:04:26]     s0002 -> 0 saved, 5 skipped (resume)
[10:04:26]     s0003 -> 0 saved, 5 skipped (resume)
[10:04:26]     s0004 -> 0 saved, 5 skipped (resume)
[10:04:26]     s0005 -> 0 saved, 5 skipped (resume)
[10:04:26]     s0006 -> 0 saved, 5 skipped (resume)
[10:04:26]     s0007 -> 0 saved, 5 skipped (resume)
[10:04:26]     s0008 -> 0 saved, 5 skipped (resume)
[10:04:26]     s0009 -> 0 saved, 5 skipped (resume)
[10:04:26]     s0010 -> 0 saved, 5 skipped (resume)
[10:04:26]     s0011 -> 0 saved, 5 skipped (resume)
[10:04:26]     s0012 -> 0 saved, 5 skipped (resume)
[10:04:26]     s0013 -> 0 saved, 5 skipped (resume)
[10:04:26]     s0014 -> 0 saved, 5 skipped (resume)
[10:04:26]     s0015 -> 0 saved, 5 skipped (resume)
[10:04:26]     s0016 -> 0 saved, 5 skipped (resume)
[10:04:26]     s0017 -> 0 saved, 5 skipped (resume)
[10:04:26]     s0018 -> 0 saved, 5 skipped (resume)
[10:04:26]     s0019 -> 0 saved, 5 skipped (resume)
[10:04:26]     s0020 -> 0 saved, 5 skipped (resume)
[10:04:26]     s0021 -> 0 saved, 5 skipped (resume)
[10:04:26]     s0022 -> 0 saved, 5 skipped (resume)
[10:04:26]     s0023 -> 0 saved, 5 skipped (resume)
[10:04:26]     s0024 -> 0 saved, 5 skipped (resume)
[10:04:26]     s0025 -> 0 saved, 5 skipped (resume)
[10:04:26]     s0026 -> 0 saved, 5 skipped (resume)
[10:04:26]     s0027 -> 0 saved, 5 skipped (resume)
[10:04:26]     s0028 -> 0 saved, 5 skipped (resume)
[10:04:26]     s0029 -> 0 saved, 5 skipped (resume)
[10:04:26]     s0030 -> 0 saved, 5 skipped (resume)
[10:04:26]     s0031 -> 0 saved, 5 skipped (resume)
[10:04:26]     s0032 -> 0 saved, 5 skipped (resume)
[10:04:26]     s0033 -> 0 saved, 5 skipped (resume)
[10:04:26]     s0034 -> 0 saved, 5 skipped (resume)
[10:04:26]     s0035 -> 0 saved, 5 skipped (resume)
[10:04:26]     s0036 -> 0 saved, 5 skipped (resume)
[10:04:26]     s0037 -> 0 saved, 5 skipped (resume)
[10:04:26]     s0038 -> 0 saved, 5 skipped (resume)
[10:04:26]     s0039 -> 0 saved, 5 skipped (resume)
[10:04:26]     s0040 -> 0 saved, 5 skipped (resume)
[10:04:26]     s0041 -> 0 saved, 5 skipped (resume)
[10:04:26]     s0042 -> 0 saved, 5 skipped (resume)
[10:04:26]     s0043 -> 0 saved, 5 skipped (resume)
[10:04:26]     s0044 -> 0 saved, 5 skipped (resume)
[10:04:26]     s0045 -> 0 saved, 5 skipped (resume)
[10:04:26]     s0046 -> 0 saved, 5 skipped (resume)
[10:04:26]     s0047 -> 0 saved, 5 skipped (resume)
[10:04:26]     s0048 -> 0 saved, 5 skipped (resume)
[10:04:26]     s0049 -> 0 saved, 5 skipped (resume)
[10:04:26]     s0050 -> 0 saved, 5 skipped (resume)
[10:04:26]     s0051 -> 0 saved, 5 skipped (resume)
[10:04:26]     s0052 -> 0 saved, 5 skipped (resume)
[10:04:26]     s0053 -> 0 saved, 5 skipped (resume)
[10:04:26]     s0054 -> 0 saved, 5 skipped (resume)
[10:04:26]     s0055 -> 0 saved, 5 skipped (resume)
[10:04:26]     s0056 -> 0 saved, 5 skipped (resume)
[10:04:26]     s0057 -> 0 saved, 5 skipped (resume)
[10:04:26]     s0058 -> 0 saved, 5 skipped (resume)
[10:04:26]     s0059 -> 0 saved, 5 skipped (resume)
[10:04:26]     s0060 -> 0 saved, 5 skipped (resume)
[10:04:26]     s0061 -> 0 saved, 5 skipped (resume)
[10:04:26]     s0062 -> 0 saved, 5 skipped (resume)
[10:04:26]     s0063 -> 0 saved, 5 skipped (resume)
[10:04:26]     s0064 -> 0 saved, 5 skipped (resume)
[10:04:26]     s0065 -> 0 saved, 5 skipped (resume)
[10:04:26]     s0066 -> 0 saved, 5 skipped (resume)
[10:04:26]     s0067 -> 0 saved, 5 skipped (resume)
[10:04:26]     s0068 -> 0 saved, 5 skipped (resume)
[10:04:26]     s0069 -> 0 saved, 5 skipped (resume)
[10:04:26]     s0070 -> 0 saved, 5 skipped (resume)
[10:04:26]     s0071 -> 0 saved, 5 skipped (resume)
[10:04:26]     s0072 -> 0 saved, 5 skipped (resume)
[10:04:26]     s0073 -> 0 saved, 5 skipped (resume)
[10:04:26]     s0074 -> 0 saved, 5 skipped (resume)
[10:04:26]     s0075 -> 0 saved, 5 skipped (resume)
[10:04:26]     s0076 -> 0 saved, 5 skipped (resume)
[10:04:26]     s0077 -> 0 saved, 5 skipped (resume)
[10:04:26]     s0078 -> 0 saved, 5 skipped (resume)
[10:04:26]     s0079 -> 0 saved, 5 skipped (resume)
[10:04:26]     s0080 -> 0 saved, 5 skipped (resume)
[10:04:26]     s0081 -> 0 saved, 5 skipped (resume)
[10:04:26]     s0082 -> 0 saved, 5 skipped (resume)
[10:04:26]     s0083 -> 0 saved, 5 skipped (resume)
[10:04:26]     s0084 -> 0 saved, 5 skipped (resume)
[10:04:26]     s0085 -> 0 saved, 5 skipped (resume)
[10:04:26]     s0086 -> 0 saved, 5 skipped (resume)
[10:04:26]     s0087 -> 0 saved, 5 skipped (resume)
[10:04:26]     s0088 -> 0 saved, 5 skipped (resume)
[10:04:26]     s0089 -> 0 saved, 5 skipped (resume)
[10:04:26]     s0090 -> 0 saved, 5 skipped (resume)
[10:04:26]     s0091 -> 0 saved, 5 skipped (resume)
[10:04:26]     s0092 -> 0 saved, 5 skipped (resume)
[10:04:26]     s0093 -> 0 saved, 5 skipped (resume)
[10:04:26]     s0094 -> 0 saved, 5 skipped (resume)
[10:04:26]     s0095 -> 0 saved, 5 skipped (resume)
[10:04:26]     s0096 -> 0 saved, 5 skipped (resume)
[10:04:26]     s0097 -> 0 saved, 5 skipped (resume)
[10:04:26]     s0098 -> 0 saved, 5 skipped (resume)
[10:04:26]     s0099 -> 0 saved, 5 skipped (resume)
[10:04:26]     s0100 -> 0 saved, 5 skipped (resume)
[10:04:26]     s0101 -> 0 saved, 5 skipped (resume)
[10:04:26]     s0102 -> 0 saved, 5 skipped (resume)
[10:04:26]     s0103 -> 0 saved, 5 skipped (resume)
[10:04:26]     s0104 -> 0 saved, 5 skipped (resume)
[10:04:26]     s0105 -> 0 saved, 5 skipped (resume)
[10:04:26]     s0106 -> 0 saved, 5 skipped (resume)
[10:04:26]     s0107 -> 0 saved, 5 skipped (resume)
[10:04:26]     s0108 -> 0 saved, 5 skipped (resume)
[10:04:26]     s0109 -> 0 saved, 5 skipped (resume)
[10:04:26]     s0110 -> 0 saved, 5 skipped (resume)
[10:04:26]     s0111 -> 0 saved, 5 skipped (resume)
[10:04:26]     s0112 -> 0 saved, 5 skipped (resume)
[10:04:26]     s0113 -> 0 saved, 5 skipped (resume)
[10:04:26]     s0114 -> 0 saved, 5 skipped (resume)
[10:04:26]     s0115 -> 0 saved, 5 skipped (resume)
[10:04:26]     s0116 -> 0 saved, 5 skipped (resume)
[10:04:26]     s0117 -> 0 saved, 5 skipped (resume)
[10:04:26]     s0118 -> 0 saved, 5 skipped (resume)
[10:04:26]     s0119 -> 0 saved, 5 skipped (resume)
[10:04:26]     s0120 -> 0 saved, 5 skipped (resume)
[10:04:26]     s0121 -> 0 saved, 5 skipped (resume)
[10:04:26]     s0122 -> 0 saved, 5 skipped (resume)
[10:04:26]     s0123 -> 0 saved, 5 skipped (resume)
[10:04:26]     s0124 -> 0 saved, 5 skipped (resume)
[10:04:26]     s0125 -> 0 saved, 5 skipped (resume)
[10:04:26]     s0126 -> 0 saved, 5 skipped (resume)
[10:04:26]     s0127 -> 0 saved, 5 skipped (resume)
[10:04:26]     s0128 -> 0 saved, 5 skipped (resume)
[10:04:26]     s0129 -> 0 saved, 5 skipped (resume)
[10:04:26]     s0130 -> 0 saved, 5 skipped (resume)
[10:04:26]     s0131 -> 0 saved, 5 skipped (resume)
[10:04:26]     s0132 -> 0 saved, 5 skipped (resume)
[10:04:26]     s0133 -> 0 saved, 5 skipped (resume)
[10:04:26]     s0134 -> 0 saved, 5 skipped (resume)
[10:04:26]     s0135 -> 0 saved, 5 skipped (resume)
[10:04:26]     s0136 -> 0 saved, 5 skipped (resume)
[10:04:26]     s0137 -> 0 saved, 5 skipped (resume)
[10:04:26]     s0138 -> 0 saved, 5 skipped (resume)
[10:04:26]     s0139 -> 0 saved, 5 skipped (resume)
[10:04:26]     s0140 -> 0 saved, 5 skipped (resume)
[10:04:26]     s0141 -> 0 saved, 5 skipped (resume)
[10:04:26]     s0142 -> 0 saved, 5 skipped (resume)
[10:04:26]     s0143 -> 0 saved, 5 skipped (resume)
[10:04:26]     s0144 -> 0 saved, 5 skipped (resume)
[10:04:26]     s0145 -> 0 saved, 5 skipped (resume)
[10:04:26]     s0146 -> 0 saved, 5 skipped (resume)
[10:04:26]     s0147 -> 0 saved, 5 skipped (resume)
[10:04:26]     s0148 -> 0 saved, 5 skipped (resume)
[10:04:26]     s0149 -> 0 saved, 5 skipped (resume)
[10:04:26]     s0150 -> 0 saved, 5 skipped (resume)
[10:04:26]     s0151 -> 0 saved, 5 skipped (resume)
[10:04:26]     s0152 -> 0 saved, 5 skipped (resume)
[10:04:26]     s0153 -> 0 saved, 5 skipped (resume)
[10:04:26]     s0154 -> 0 saved, 5 skipped (resume)
[10:04:26]     s0155 -> 0 saved, 5 skipped (resume)
[10:04:26]     s0156 -> 0 saved, 5 skipped (resume)
[10:04:26]     s0157 -> 0 saved, 5 skipped (resume)
[10:04:26]     s0158 -> 0 saved, 5 skipped (resume)
[10:04:26]     s0159 -> 0 saved, 5 skipped (resume)
[10:04:26]     s0160 -> 0 saved, 5 skipped (resume)
[10:04:26]     s0161 -> 0 saved, 5 skipped (resume)
[10:04:26]     s0162 -> 0 saved, 5 skipped (resume)
[10:04:26]     s0163 -> 0 saved, 5 skipped (resume)
[10:04:26]     s0164 -> 0 saved, 5 skipped (resume)
[10:04:26]     s0165 -> 0 saved, 5 skipped (resume)
[10:04:26]     s0166 -> 0 saved, 5 skipped (resume)
[10:04:26]     s0167 -> 0 saved, 5 skipped (resume)
[10:04:26]     s0168 -> 0 saved, 5 skipped (resume)
[10:04:26]     s0169 -> 0 saved, 5 skipped (resume)
[10:04:26]     s0170 -> 0 saved, 5 skipped (resume)
[10:04:26]     s0171 -> 0 saved, 5 skipped (resume)
[10:04:26]     s0172 -> 0 saved, 5 skipped (resume)
[10:04:26]     s0173 -> 0 saved, 5 skipped (resume)
[10:04:26]     s0174 -> 0 saved, 5 skipped (resume)
[10:04:26]     s0175 -> 0 saved, 5 skipped (resume)
[10:04:26]     s0176 -> 0 saved, 5 skipped (resume)
[10:04:26]     s0177 -> 0 saved, 5 skipped (resume)
[10:04:26]     s0178 -> 0 saved, 5 skipped (resume)
[10:04:26]     s0179 -> 0 saved, 5 skipped (resume)
[10:04:26]     s0180 -> 0 saved, 5 skipped (resume)
[10:04:26]     s0181 -> 0 saved, 5 skipped (resume)
[10:04:26]     s0182 -> 0 saved, 5 skipped (resume)
[10:04:26]     s0183 -> 0 saved, 5 skipped (resume)
[10:04:26]     s0184 -> 0 saved, 5 skipped (resume)
[10:04:26]     s0185 -> 0 saved, 5 skipped (resume)
[10:04:26]     s0186 -> 0 saved, 5 skipped (resume)
[10:04:26]     s0187 -> 0 saved, 5 skipped (resume)
[10:04:26]     s0188 -> 0 saved, 5 skipped (resume)
[10:04:26]     s0189 -> 0 saved, 5 skipped (resume)
[10:04:26]     s0190 -> 0 saved, 5 skipped (resume)
[10:04:26]     s0191 -> 0 saved, 5 skipped (resume)
[10:04:26]     s0192 -> 0 saved, 5 skipped (resume)
[10:04:26]     s0193 -> 0 saved, 5 skipped (resume)
[10:04:26]     s0194 -> 0 saved, 5 skipped (resume)
[10:04:26]     s0195 -> 0 saved, 5 skipped (resume)
[10:04:26]     s0196 -> 0 saved, 5 skipped (resume)
[10:04:26]     s0197 -> 0 saved, 5 skipped (resume)
[10:04:26]     s0198 -> 0 saved, 5 skipped (resume)
[10:04:26]     s0199 -> 0 saved, 5 skipped (resume)
[10:04:26]   lfm2.5-thinking:latest × zho_Hans (200 samples)
[10:04:26]     s0000 -> 0 saved, 5 skipped (resume)
[10:04:26]     s0001 -> 0 saved, 5 skipped (resume)
[10:04:26]     s0002 -> 0 saved, 5 skipped (resume)
[10:04:26]     s0003 -> 0 saved, 5 skipped (resume)
[10:04:26]     s0004 -> 0 saved, 5 skipped (resume)
[10:04:26]     s0005 -> 0 saved, 5 skipped (resume)
[10:04:26]     s0006 -> 0 saved, 5 skipped (resume)
[10:04:26]     s0007 -> 0 saved, 5 skipped (resume)
[10:04:26]     s0008 -> 0 saved, 5 skipped (resume)
[10:04:26]     s0009 -> 0 saved, 5 skipped (resume)
[10:04:26]     s0010 -> 0 saved, 5 skipped (resume)
[10:04:26]     s0011 -> 0 saved, 5 skipped (resume)
[10:04:26]     s0012 -> 0 saved, 5 skipped (resume)
[10:04:26]     s0013 -> 0 saved, 5 skipped (resume)
[10:04:26]     s0014 -> 0 saved, 5 skipped (resume)
[10:04:26]     s0015 -> 0 saved, 5 skipped (resume)
[10:04:26]     s0016 -> 0 saved, 5 skipped (resume)
[10:04:26]     s0017 -> 0 saved, 5 skipped (resume)
[10:04:26]     s0018 -> 0 saved, 5 skipped (resume)
[10:04:26]     s0019 -> 0 saved, 5 skipped (resume)
[10:04:26]     s0020 -> 0 saved, 5 skipped (resume)
[10:04:26]     s0021 -> 0 saved, 5 skipped (resume)
[10:04:26]     s0022 -> 0 saved, 5 skipped (resume)
[10:04:26]     s0023 -> 0 saved, 5 skipped (resume)
[10:04:26]     s0024 -> 0 saved, 5 skipped (resume)
[10:04:26]     s0025 -> 0 saved, 5 skipped (resume)
[10:04:26]     s0026 -> 0 saved, 5 skipped (resume)
[10:04:26]     s0027 -> 0 saved, 5 skipped (resume)
[10:04:26]     s0028 -> 0 saved, 5 skipped (resume)
[10:04:26]     s0029 -> 0 saved, 5 skipped (resume)
[10:04:26]     s0030 -> 0 saved, 5 skipped (resume)
[10:04:26]     s0031 -> 0 saved, 5 skipped (resume)
[10:04:26]     s0032 -> 0 saved, 5 skipped (resume)
[10:04:26]     s0033 -> 0 saved, 5 skipped (resume)
[10:04:26]     s0034 -> 0 saved, 5 skipped (resume)
[10:04:26]     s0035 -> 0 saved, 5 skipped (resume)
[10:04:26]     s0036 -> 0 saved, 5 skipped (resume)
[10:04:26]     s0037 -> 0 saved, 5 skipped (resume)
[10:04:26]     s0038 -> 0 saved, 5 skipped (resume)
[10:04:26]     s0039 -> 0 saved, 5 skipped (resume)
[10:04:26]     s0040 -> 0 saved, 5 skipped (resume)
[10:04:26]     s0041 -> 0 saved, 5 skipped (resume)
[10:04:26]     s0042 -> 0 saved, 5 skipped (resume)
[10:04:26]     s0043 -> 0 saved, 5 skipped (resume)
[10:04:26]     s0044 -> 0 saved, 5 skipped (resume)
[10:04:26]     s0045 -> 0 saved, 5 skipped (resume)
[10:04:26]     s0046 -> 0 saved, 5 skipped (resume)
[10:04:26]     s0047 -> 0 saved, 5 skipped (resume)
[10:04:26]     s0048 -> 0 saved, 5 skipped (resume)
[10:04:26]     s0049 -> 0 saved, 5 skipped (resume)
[10:04:26]     s0050 -> 0 saved, 5 skipped (resume)
[10:04:26]     s0051 -> 0 saved, 5 skipped (resume)
[10:04:26]     s0052 -> 0 saved, 5 skipped (resume)
[10:04:26]     s0053 -> 0 saved, 5 skipped (resume)
[10:04:26]     s0054 -> 0 saved, 5 skipped (resume)
[10:04:26]     s0055 -> 0 saved, 5 skipped (resume)
[10:04:26]     s0056 -> 0 saved, 5 skipped (resume)
[10:04:26]     s0057 -> 0 saved, 5 skipped (resume)
[10:04:26]     s0058 -> 0 saved, 5 skipped (resume)
[10:04:26]     s0059 -> 0 saved, 5 skipped (resume)
[10:04:26]     s0060 -> 0 saved, 5 skipped (resume)
[10:04:26]     s0061 -> 0 saved, 5 skipped (resume)
[10:04:26]     s0062 -> 0 saved, 5 skipped (resume)
[10:04:26]     s0063 -> 0 saved, 5 skipped (resume)
[10:04:26]     s0064 -> 0 saved, 5 skipped (resume)
[10:04:26]     s0065 -> 0 saved, 5 skipped (resume)
[10:04:26]     s0066 -> 0 saved, 5 skipped (resume)
[10:04:26]     s0067 -> 0 saved, 5 skipped (resume)
[10:04:26]     s0068 -> 0 saved, 5 skipped (resume)
[10:04:26]     s0069 -> 0 saved, 5 skipped (resume)
[10:04:26]     s0070 -> 0 saved, 5 skipped (resume)
[10:04:26]     s0071 -> 0 saved, 5 skipped (resume)
[10:04:26]     s0072 -> 0 saved, 5 skipped (resume)
[10:04:26]     s0073 -> 0 saved, 5 skipped (resume)
[10:04:26]     s0074 -> 0 saved, 5 skipped (resume)
[10:04:26]     s0075 -> 0 saved, 5 skipped (resume)
[10:04:26]     s0076 -> 0 saved, 5 skipped (resume)
[10:04:26]     s0077 -> 0 saved, 5 skipped (resume)
[10:04:26]     s0078 -> 0 saved, 5 skipped (resume)
[10:04:26]     s0079 -> 0 saved, 5 skipped (resume)
[10:04:26]     s0080 -> 0 saved, 5 skipped (resume)
[10:04:26]     s0081 -> 0 saved, 5 skipped (resume)
[10:04:26]     s0082 -> 0 saved, 5 skipped (resume)
[10:04:26]     s0083 -> 0 saved, 5 skipped (resume)
[10:04:26]     s0084 -> 0 saved, 5 skipped (resume)
[10:04:26]     s0085 -> 0 saved, 5 skipped (resume)
[10:04:26]     s0086 -> 0 saved, 5 skipped (resume)
[10:04:26]     s0087 -> 0 saved, 5 skipped (resume)
[10:04:26]     s0088 -> 0 saved, 5 skipped (resume)
[10:04:26]     s0089 -> 0 saved, 5 skipped (resume)
[10:04:26]     s0090 -> 0 saved, 5 skipped (resume)
[10:04:26]     s0091 -> 0 saved, 5 skipped (resume)
[10:04:26]     s0092 -> 0 saved, 5 skipped (resume)
[10:04:26]     s0093 -> 0 saved, 5 skipped (resume)
[10:04:26]     s0094 -> 0 saved, 5 skipped (resume)
[10:04:26]     s0095 -> 0 saved, 5 skipped (resume)
[10:04:26]     s0096 -> 0 saved, 5 skipped (resume)
[10:04:26]     s0097 -> 0 saved, 5 skipped (resume)
[10:04:26]     s0098 -> 0 saved, 5 skipped (resume)
[10:04:26]     s0099 -> 0 saved, 5 skipped (resume)
[10:04:26]     s0100 -> 0 saved, 5 skipped (resume)
[10:04:26]     s0101 -> 0 saved, 5 skipped (resume)
[10:04:26]     s0102 -> 0 saved, 5 skipped (resume)
[10:04:26]     s0103 -> 0 saved, 5 skipped (resume)
[10:04:26]     s0104 -> 0 saved, 5 skipped (resume)
[10:04:26]     s0105 -> 0 saved, 5 skipped (resume)
[10:04:26]     s0106 -> 0 saved, 5 skipped (resume)
[10:04:26]     s0107 -> 0 saved, 5 skipped (resume)
[10:04:26]     s0108 -> 0 saved, 5 skipped (resume)
[10:04:26]     s0109 -> 0 saved, 5 skipped (resume)
[10:04:26]     s0110 -> 0 saved, 5 skipped (resume)
[10:04:26]     s0111 -> 0 saved, 5 skipped (resume)
[10:04:26]     s0112 -> 0 saved, 5 skipped (resume)
[10:04:26]     s0113 -> 0 saved, 5 skipped (resume)
[10:04:26]     s0114 -> 0 saved, 5 skipped (resume)
[10:04:26]     s0115 -> 0 saved, 5 skipped (resume)
[10:04:26]     s0116 -> 0 saved, 5 skipped (resume)
[10:04:26]     s0117 -> 0 saved, 5 skipped (resume)
[10:04:26]     s0118 -> 0 saved, 5 skipped (resume)
[10:04:26]     s0119 -> 0 saved, 5 skipped (resume)
[10:04:26]     s0120 -> 0 saved, 5 skipped (resume)
[10:04:26]     s0121 -> 0 saved, 5 skipped (resume)
[10:04:26]     s0122 -> 0 saved, 5 skipped (resume)
[10:04:26]     s0123 -> 0 saved, 5 skipped (resume)
[10:04:26]     s0124 -> 0 saved, 5 skipped (resume)
[10:04:26]     s0125 -> 0 saved, 5 skipped (resume)
[10:04:26]     s0126 -> 0 saved, 5 skipped (resume)
[10:04:26]     s0127 -> 0 saved, 5 skipped (resume)
[10:04:26]     s0128 -> 0 saved, 5 skipped (resume)
[10:04:26]     s0129 -> 0 saved, 5 skipped (resume)
[10:04:26]     s0130 -> 0 saved, 5 skipped (resume)
[10:04:26]     s0131 -> 0 saved, 5 skipped (resume)
[10:04:26]     s0132 -> 0 saved, 5 skipped (resume)
[10:04:26]     s0133 -> 0 saved, 5 skipped (resume)
[10:04:26]     s0134 -> 0 saved, 5 skipped (resume)
[10:04:26]     s0135 -> 0 saved, 5 skipped (resume)
[10:04:26]     s0136 -> 0 saved, 5 skipped (resume)
[10:04:26]     s0137 -> 0 saved, 5 skipped (resume)
[10:04:26]     s0138 -> 0 saved, 5 skipped (resume)
[10:04:26]     s0139 -> 0 saved, 5 skipped (resume)
[10:04:26]     s0140 -> 0 saved, 5 skipped (resume)
[10:04:26]     s0141 -> 0 saved, 5 skipped (resume)
[10:04:26]     s0142 -> 0 saved, 5 skipped (resume)
[10:04:26]     s0143 -> 0 saved, 5 skipped (resume)
[10:04:26]     s0144 -> 0 saved, 5 skipped (resume)
[10:04:26]     s0145 -> 0 saved, 5 skipped (resume)
[10:04:26]     s0146 -> 0 saved, 5 skipped (resume)
[10:04:26]     s0147 -> 0 saved, 5 skipped (resume)
[10:04:26]     s0148 -> 0 saved, 5 skipped (resume)
[10:04:26]     s0149 -> 0 saved, 5 skipped (resume)
[10:04:26]     s0150 -> 0 saved, 5 skipped (resume)
[10:04:26]     s0151 -> 0 saved, 5 skipped (resume)
[10:04:26]     s0152 -> 0 saved, 5 skipped (resume)
[10:04:26]     s0153 -> 0 saved, 5 skipped (resume)
[10:04:26]     s0154 -> 0 saved, 5 skipped (resume)
[10:04:26]     s0155 -> 0 saved, 5 skipped (resume)
[10:04:26]     s0156 -> 0 saved, 5 skipped (resume)
[10:04:26]     s0157 -> 0 saved, 5 skipped (resume)
[10:04:26]     s0158 -> 0 saved, 5 skipped (resume)
[10:04:26]     s0159 -> 0 saved, 5 skipped (resume)
[10:04:26]     s0160 -> 0 saved, 5 skipped (resume)
[10:04:26]     s0161 -> 0 saved, 5 skipped (resume)
[10:04:26]     s0162 -> 0 saved, 5 skipped (resume)
[10:04:26]     s0163 -> 0 saved, 5 skipped (resume)
[10:04:26]     s0164 -> 0 saved, 5 skipped (resume)
[10:04:26]     s0165 -> 0 saved, 5 skipped (resume)
[10:04:26]     s0166 -> 0 saved, 5 skipped (resume)
[10:04:26]     s0167 -> 0 saved, 5 skipped (resume)
[10:04:26]     s0168 -> 0 saved, 5 skipped (resume)
[10:04:26]     s0169 -> 0 saved, 5 skipped (resume)
[10:04:26]     s0170 -> 0 saved, 5 skipped (resume)
[10:04:26]     s0171 -> 0 saved, 5 skipped (resume)
[10:04:26]     s0172 -> 0 saved, 5 skipped (resume)
[10:04:26]     s0173 -> 0 saved, 5 skipped (resume)
[10:04:26]     s0174 -> 0 saved, 5 skipped (resume)
[10:04:26]     s0175 -> 0 saved, 5 skipped (resume)
[10:04:26]     s0176 -> 0 saved, 5 skipped (resume)
[10:04:26]     s0177 -> 0 saved, 5 skipped (resume)
[10:04:26]     s0178 -> 0 saved, 5 skipped (resume)
[10:04:26]     s0179 -> 0 saved, 5 skipped (resume)
[10:04:26]     s0180 -> 0 saved, 5 skipped (resume)
[10:04:26]     s0181 -> 0 saved, 5 skipped (resume)
[10:04:26]     s0182 -> 0 saved, 5 skipped (resume)
[10:04:26]     s0183 -> 0 saved, 5 skipped (resume)
[10:04:26]     s0184 -> 0 saved, 5 skipped (resume)
[10:04:26]     s0185 -> 0 saved, 5 skipped (resume)
[10:04:26]     s0186 -> 0 saved, 5 skipped (resume)
[10:04:26]     s0187 -> 0 saved, 5 skipped (resume)
[10:04:26]     s0188 -> 0 saved, 5 skipped (resume)
[10:04:26]     s0189 -> 0 saved, 5 skipped (resume)
[10:04:26]     s0190 -> 0 saved, 5 skipped (resume)
[10:04:26]     s0191 -> 0 saved, 5 skipped (resume)
[10:04:26]     s0192 -> 0 saved, 5 skipped (resume)
[10:04:26]     s0193 -> 0 saved, 5 skipped (resume)
[10:04:26]     s0194 -> 0 saved, 5 skipped (resume)
[10:04:26]     s0195 -> 0 saved, 5 skipped (resume)
[10:04:26]     s0196 -> 0 saved, 5 skipped (resume)
[10:04:26]     s0197 -> 0 saved, 5 skipped (resume)
[10:04:26]     s0198 -> 0 saved, 5 skipped (resume)
[10:04:26]     s0199 -> 0 saved, 5 skipped (resume)
[10:04:26]   lfm2.5-thinking:latest × jpn_Jpan (200 samples)
[10:04:26]     s0000 -> 0 saved, 5 skipped (resume)
[10:04:26]     s0001 -> 0 saved, 5 skipped (resume)
[10:04:26]     s0002 -> 0 saved, 5 skipped (resume)
[10:04:26]     s0003 -> 0 saved, 5 skipped (resume)
[10:04:26]     s0004 -> 0 saved, 5 skipped (resume)
[10:04:26]     s0005 -> 0 saved, 5 skipped (resume)
[10:04:26]     s0006 -> 0 saved, 5 skipped (resume)
[10:04:26]     s0007 -> 0 saved, 5 skipped (resume)
[10:04:26]     s0008 -> 0 saved, 5 skipped (resume)
[10:04:26]     s0009 -> 0 saved, 5 skipped (resume)
[10:04:26]     s0010 -> 0 saved, 5 skipped (resume)
[10:04:26]     s0011 -> 0 saved, 5 skipped (resume)
[10:04:26]     s0012 -> 0 saved, 5 skipped (resume)
[10:04:26]     s0013 -> 0 saved, 5 skipped (resume)
[10:04:26]     s0014 -> 0 saved, 5 skipped (resume)
[10:04:26]     s0015 -> 0 saved, 5 skipped (resume)
[10:04:26]     s0016 -> 0 saved, 5 skipped (resume)
[10:04:26]     s0017 -> 0 saved, 5 skipped (resume)
[10:04:26]     s0018 -> 0 saved, 5 skipped (resume)
[10:04:26]     s0019 -> 0 saved, 5 skipped (resume)
[10:04:26]     s0020 -> 0 saved, 5 skipped (resume)
[10:04:26]     s0021 -> 0 saved, 5 skipped (resume)
[10:04:26]     s0022 -> 0 saved, 5 skipped (resume)
[10:04:26]     s0023 -> 0 saved, 5 skipped (resume)
[10:04:26]     s0024 -> 0 saved, 5 skipped (resume)
[10:04:26]     s0025 -> 0 saved, 5 skipped (resume)
[10:04:26]     s0026 -> 0 saved, 5 skipped (resume)
[10:04:26]     s0027 -> 0 saved, 5 skipped (resume)
[10:04:26]     s0028 -> 0 saved, 5 skipped (resume)
[10:04:26]     s0029 -> 0 saved, 5 skipped (resume)
[10:04:26]     s0030 -> 0 saved, 5 skipped (resume)
[10:04:26]     s0031 -> 0 saved, 5 skipped (resume)
[10:04:26]     s0032 -> 0 saved, 5 skipped (resume)
[10:04:26]     s0033 -> 0 saved, 5 skipped (resume)
[10:04:26]     s0034 -> 0 saved, 5 skipped (resume)
[10:04:26]     s0035 -> 0 saved, 5 skipped (resume)
[10:04:26]     s0036 -> 0 saved, 5 skipped (resume)
[10:04:26]     s0037 -> 0 saved, 5 skipped (resume)
[10:04:26]     s0038 -> 0 saved, 5 skipped (resume)
[10:04:26]     s0039 -> 0 saved, 5 skipped (resume)
[10:04:26]     s0040 -> 0 saved, 5 skipped (resume)
[10:04:26]     s0041 -> 0 saved, 5 skipped (resume)
[10:04:26]     s0042 -> 0 saved, 5 skipped (resume)
[10:04:26]     s0043 -> 0 saved, 5 skipped (resume)
[10:04:26]     s0044 -> 0 saved, 5 skipped (resume)
[10:04:26]     s0045 -> 0 saved, 5 skipped (resume)
[10:04:26]     s0046 -> 0 saved, 5 skipped (resume)
[10:04:26]     s0047 -> 0 saved, 5 skipped (resume)
[10:04:26]     s0048 -> 0 saved, 5 skipped (resume)
[10:04:26]     s0049 -> 0 saved, 5 skipped (resume)
[10:04:26]     s0050 -> 0 saved, 5 skipped (resume)
[10:04:26]     s0051 -> 0 saved, 5 skipped (resume)
[10:04:26]     s0052 -> 0 saved, 5 skipped (resume)
[10:04:26]     s0053 -> 0 saved, 5 skipped (resume)
[10:04:26]     s0054 -> 0 saved, 5 skipped (resume)
[10:04:26]     s0055 -> 0 saved, 5 skipped (resume)
[10:04:26]     s0056 -> 0 saved, 5 skipped (resume)
[10:04:26]     s0057 -> 0 saved, 5 skipped (resume)
[10:04:26]     s0058 -> 0 saved, 5 skipped (resume)
[10:04:26]     s0059 -> 0 saved, 5 skipped (resume)
[10:04:26]     s0060 -> 0 saved, 5 skipped (resume)
[10:04:26]     s0061 -> 0 saved, 5 skipped (resume)
[10:04:26]     s0062 -> 0 saved, 5 skipped (resume)
[10:04:26]     s0063 -> 0 saved, 5 skipped (resume)
[10:04:26]     s0064 -> 0 saved, 5 skipped (resume)
[10:04:26]     s0065 -> 0 saved, 5 skipped (resume)
[10:04:26]     s0066 -> 0 saved, 5 skipped (resume)
[10:04:26]     s0067 -> 0 saved, 5 skipped (resume)
[10:04:26]     s0068 -> 0 saved, 5 skipped (resume)
[10:04:26]     s0069 -> 0 saved, 5 skipped (resume)
[10:04:26]     s0070 -> 0 saved, 5 skipped (resume)
[10:04:26]     s0071 -> 0 saved, 5 skipped (resume)
[10:04:26]     s0072 -> 0 saved, 5 skipped (resume)
[10:04:26]     s0073 -> 0 saved, 5 skipped (resume)
[10:04:26]     s0074 -> 0 saved, 5 skipped (resume)
[10:04:26]     s0075 -> 0 saved, 5 skipped (resume)
[10:04:26]     s0076 -> 0 saved, 5 skipped (resume)
[10:04:26]     s0077 -> 0 saved, 5 skipped (resume)
[10:04:26]     s0078 -> 0 saved, 5 skipped (resume)
[10:04:26]     s0079 -> 0 saved, 5 skipped (resume)
[10:04:26]     s0080 -> 0 saved, 5 skipped (resume)
[10:04:26]     s0081 -> 0 saved, 5 skipped (resume)
[10:04:26]     s0082 -> 0 saved, 5 skipped (resume)
[10:04:26]     s0083 -> 0 saved, 5 skipped (resume)
[10:04:26]     s0084 -> 0 saved, 5 skipped (resume)
[10:04:26]     s0085 -> 0 saved, 5 skipped (resume)
[10:04:26]     s0086 -> 0 saved, 5 skipped (resume)
[10:04:26]     s0087 -> 0 saved, 5 skipped (resume)
[10:04:26]     s0088 -> 0 saved, 5 skipped (resume)
[10:04:26]     s0089 -> 0 saved, 5 skipped (resume)
[10:04:26]     s0090 -> 0 saved, 5 skipped (resume)
[10:04:26]     s0091 -> 0 saved, 5 skipped (resume)
[10:04:26]     s0092 -> 0 saved, 5 skipped (resume)
[10:04:26]     s0093 -> 0 saved, 5 skipped (resume)
[10:04:26]     s0094 -> 0 saved, 5 skipped (resume)
[10:04:26]     s0095 -> 0 saved, 5 skipped (resume)
[10:04:26]     s0096 -> 0 saved, 5 skipped (resume)
[10:04:26]     s0097 -> 0 saved, 5 skipped (resume)
[10:04:26]     s0098 -> 0 saved, 5 skipped (resume)
[10:04:26]     s0099 -> 0 saved, 5 skipped (resume)
[10:04:26]     s0100 -> 0 saved, 5 skipped (resume)
[10:04:26]     s0101 -> 0 saved, 5 skipped (resume)
[10:04:26]     s0102 -> 0 saved, 5 skipped (resume)
[10:04:26]     s0103 -> 0 saved, 5 skipped (resume)
[10:04:26]     s0104 -> 0 saved, 5 skipped (resume)
[10:04:26]     s0105 -> 0 saved, 5 skipped (resume)
[10:04:26]     s0106 -> 0 saved, 5 skipped (resume)
[10:04:26]     s0107 -> 0 saved, 5 skipped (resume)
[10:04:26]     s0108 -> 0 saved, 5 skipped (resume)
[10:04:26]     s0109 -> 0 saved, 5 skipped (resume)
[10:04:26]     s0110 -> 0 saved, 5 skipped (resume)
[10:04:26]     s0111 -> 0 saved, 5 skipped (resume)
[10:04:26]     s0112 -> 0 saved, 5 skipped (resume)
[10:04:26]     s0113 -> 0 saved, 5 skipped (resume)
[10:04:26]     s0114 -> 0 saved, 5 skipped (resume)
[10:04:26]     s0115 -> 0 saved, 5 skipped (resume)
[10:04:26]     s0116 -> 0 saved, 5 skipped (resume)
[10:04:26]     s0117 -> 0 saved, 5 skipped (resume)
[10:04:26]     s0118 -> 0 saved, 5 skipped (resume)
[10:04:26]     s0119 -> 0 saved, 5 skipped (resume)
[10:04:26]     s0120 -> 0 saved, 5 skipped (resume)
[10:04:26]     s0121 -> 0 saved, 5 skipped (resume)
[10:04:26]     s0122 -> 0 saved, 5 skipped (resume)
[10:04:26]     s0123 -> 0 saved, 5 skipped (resume)
[10:04:26]     s0124 -> 0 saved, 5 skipped (resume)
[10:04:26]     s0125 -> 0 saved, 5 skipped (resume)
[10:04:26]     s0126 -> 0 saved, 5 skipped (resume)
[10:04:26]     s0127 -> 0 saved, 5 skipped (resume)
[10:04:26]     s0128 -> 0 saved, 5 skipped (resume)
[10:04:26]     s0129 -> 0 saved, 5 skipped (resume)
[10:04:26]     s0130 -> 0 saved, 5 skipped (resume)
[10:04:26]     s0131 -> 0 saved, 5 skipped (resume)
[10:04:26]     s0132 -> 0 saved, 5 skipped (resume)
[10:04:26]     s0133 -> 0 saved, 5 skipped (resume)
[10:04:26]     s0134 -> 0 saved, 5 skipped (resume)
[10:04:26]     s0135 -> 0 saved, 5 skipped (resume)
[10:04:26]     s0136 -> 0 saved, 5 skipped (resume)
[10:04:26]     s0137 -> 0 saved, 5 skipped (resume)
[10:04:26]     s0138 -> 0 saved, 5 skipped (resume)
[10:04:26]     s0139 -> 0 saved, 5 skipped (resume)
[10:04:26]     s0140 -> 0 saved, 5 skipped (resume)
[10:04:26]     s0141 -> 0 saved, 5 skipped (resume)
[10:04:26]     s0142 -> 0 saved, 5 skipped (resume)
[10:04:26]     s0143 -> 0 saved, 5 skipped (resume)
[10:04:26]     s0144 -> 0 saved, 5 skipped (resume)
[10:04:26]     s0145 -> 0 saved, 5 skipped (resume)
[10:04:26]     s0146 -> 0 saved, 5 skipped (resume)
[10:04:26]     s0147 -> 0 saved, 5 skipped (resume)
[10:04:26]     s0148 -> 0 saved, 5 skipped (resume)
[10:04:26]     s0149 -> 0 saved, 5 skipped (resume)
[10:04:26]     s0150 -> 0 saved, 5 skipped (resume)
[10:04:26]     s0151 -> 0 saved, 5 skipped (resume)
[10:04:26]     s0152 -> 0 saved, 5 skipped (resume)
[10:04:26]     s0153 -> 0 saved, 5 skipped (resume)
[10:04:26]     s0154 -> 0 saved, 5 skipped (resume)
[10:04:26]     s0155 -> 0 saved, 5 skipped (resume)
[10:04:26]     s0156 -> 0 saved, 5 skipped (resume)
[10:04:26]     s0157 -> 0 saved, 5 skipped (resume)
[10:04:26]     s0158 -> 0 saved, 5 skipped (resume)
[10:04:26]     s0159 -> 0 saved, 5 skipped (resume)
[10:04:26]     s0160 -> 0 saved, 5 skipped (resume)
[10:04:26]     s0161 -> 0 saved, 5 skipped (resume)
[10:04:26]     s0162 -> 0 saved, 5 skipped (resume)
[10:04:26]     s0163 -> 0 saved, 5 skipped (resume)
[10:04:26]     s0164 -> 0 saved, 5 skipped (resume)
[10:04:26]     s0165 -> 0 saved, 5 skipped (resume)
[10:04:26]     s0166 -> 0 saved, 5 skipped (resume)
[10:04:26]     s0167 -> 0 saved, 5 skipped (resume)
[10:04:26]     s0168 -> 0 saved, 5 skipped (resume)
[10:04:26]     s0169 -> 0 saved, 5 skipped (resume)
[10:04:26]     s0170 -> 0 saved, 5 skipped (resume)
[10:04:26]     s0171 -> 0 saved, 5 skipped (resume)
[10:04:26]     s0172 -> 0 saved, 5 skipped (resume)
[10:04:26]     s0173 -> 0 saved, 5 skipped (resume)
[10:04:26]     s0174 -> 0 saved, 5 skipped (resume)
[10:04:26]     s0175 -> 0 saved, 5 skipped (resume)
[10:04:26]     s0176 -> 0 saved, 5 skipped (resume)
[10:04:26]     s0177 -> 0 saved, 5 skipped (resume)
[10:04:26]     s0178 -> 0 saved, 5 skipped (resume)
[10:04:26]     s0179 -> 0 saved, 5 skipped (resume)
[10:04:26]     s0180 -> 0 saved, 5 skipped (resume)
[10:04:26]     s0181 -> 0 saved, 5 skipped (resume)
[10:04:26]     s0182 -> 0 saved, 5 skipped (resume)
[10:04:26]     s0183 -> 0 saved, 5 skipped (resume)
[10:04:26]     s0184 -> 0 saved, 5 skipped (resume)
[10:04:26]     s0185 -> 0 saved, 5 skipped (resume)
[10:04:26]     s0186 -> 0 saved, 5 skipped (resume)
[10:04:26]     s0187 -> 0 saved, 5 skipped (resume)
[10:04:26]     s0188 -> 0 saved, 5 skipped (resume)
[10:04:26]     s0189 -> 0 saved, 5 skipped (resume)
[10:04:26]     s0190 -> 0 saved, 5 skipped (resume)
[10:04:26]     s0191 -> 0 saved, 5 skipped (resume)
[10:04:26]     s0192 -> 0 saved, 5 skipped (resume)
[10:04:26]     s0193 -> 0 saved, 5 skipped (resume)
[10:04:26]     s0194 -> 0 saved, 5 skipped (resume)
[10:04:26]     s0195 -> 0 saved, 5 skipped (resume)
[10:04:26]     s0196 -> 0 saved, 5 skipped (resume)
[10:04:26]     s0197 -> 0 saved, 5 skipped (resume)
[10:04:26]     s0198 -> 0 saved, 5 skipped (resume)
[10:04:26]     s0199 -> 0 saved, 5 skipped (resume)
[10:04:26]   lfm2.5-thinking:latest × kor_Hang (200 samples)
[10:04:26]     s0000 -> 0 saved, 5 skipped (resume)
[10:04:26]     s0001 -> 0 saved, 5 skipped (resume)
[10:04:26]     s0002 -> 0 saved, 5 skipped (resume)
[10:04:26]     s0003 -> 0 saved, 5 skipped (resume)
[10:04:26]     s0004 -> 0 saved, 5 skipped (resume)
[10:04:26]     s0005 -> 0 saved, 5 skipped (resume)
[10:04:26]     s0006 -> 0 saved, 5 skipped (resume)
[10:04:26]     s0007 -> 0 saved, 5 skipped (resume)
[10:04:26]     s0008 -> 0 saved, 5 skipped (resume)
[10:04:26]     s0009 -> 0 saved, 5 skipped (resume)
[10:04:26]     s0010 -> 0 saved, 5 skipped (resume)
[10:04:26]     s0011 -> 0 saved, 5 skipped (resume)
[10:04:26]     s0012 -> 0 saved, 5 skipped (resume)
[10:04:26]     s0013 -> 0 saved, 5 skipped (resume)
[10:04:26]     s0014 -> 0 saved, 5 skipped (resume)
[10:04:26]     s0015 -> 0 saved, 5 skipped (resume)
[10:04:26]     s0016 -> 0 saved, 5 skipped (resume)
[10:04:26]     s0017 -> 0 saved, 5 skipped (resume)
[10:04:26]     s0018 -> 0 saved, 5 skipped (resume)
[10:04:26]     s0019 -> 0 saved, 5 skipped (resume)
[10:04:26]     s0020 -> 0 saved, 5 skipped (resume)
[10:04:26]     s0021 -> 0 saved, 5 skipped (resume)
[10:04:26]     s0022 -> 0 saved, 5 skipped (resume)
[10:04:26]     s0023 -> 0 saved, 5 skipped (resume)
[10:04:26]     s0024 -> 0 saved, 5 skipped (resume)
[10:04:26]     s0025 -> 0 saved, 5 skipped (resume)
[10:04:26]     s0026 -> 0 saved, 5 skipped (resume)
[10:04:26]     s0027 -> 0 saved, 5 skipped (resume)
[10:04:26]     s0028 -> 0 saved, 5 skipped (resume)
[10:04:26]     s0029 -> 0 saved, 5 skipped (resume)
[10:04:26]     s0030 -> 0 saved, 5 skipped (resume)
[10:04:26]     s0031 -> 0 saved, 5 skipped (resume)
[10:04:26]     s0032 -> 0 saved, 5 skipped (resume)
[10:04:26]     s0033 -> 0 saved, 5 skipped (resume)
[10:04:26]     s0034 -> 0 saved, 5 skipped (resume)
[10:04:26]     s0035 -> 0 saved, 5 skipped (resume)
[10:04:26]     s0036 -> 0 saved, 5 skipped (resume)
[10:04:26]     s0037 -> 0 saved, 5 skipped (resume)
[10:04:26]     s0038 -> 0 saved, 5 skipped (resume)
[10:04:26]     s0039 -> 0 saved, 5 skipped (resume)
[10:04:26]     s0040 -> 0 saved, 5 skipped (resume)
[10:04:26]     s0041 -> 0 saved, 5 skipped (resume)
[10:04:26]     s0042 -> 0 saved, 5 skipped (resume)
[10:04:26]     s0043 -> 0 saved, 5 skipped (resume)
[10:04:26]     s0044 -> 0 saved, 5 skipped (resume)
[10:04:26]     s0045 -> 0 saved, 5 skipped (resume)
[10:04:26]     s0046 -> 0 saved, 5 skipped (resume)
[10:04:26]     s0047 -> 0 saved, 5 skipped (resume)
[10:04:26]     s0048 -> 0 saved, 5 skipped (resume)
[10:04:26]     s0049 -> 0 saved, 5 skipped (resume)
[10:04:26]     s0050 -> 0 saved, 5 skipped (resume)
[10:04:26]     s0051 -> 0 saved, 5 skipped (resume)
[10:04:26]     s0052 -> 0 saved, 5 skipped (resume)
[10:04:26]     s0053 -> 0 saved, 5 skipped (resume)
[10:04:26]     s0054 -> 0 saved, 5 skipped (resume)
[10:04:26]     s0055 -> 0 saved, 5 skipped (resume)
[10:04:26]     s0056 -> 0 saved, 5 skipped (resume)
[10:04:26]     s0057 -> 0 saved, 5 skipped (resume)
[10:04:26]     s0058 -> 0 saved, 5 skipped (resume)
[10:04:26]     s0059 -> 0 saved, 5 skipped (resume)
[10:04:26]     s0060 -> 0 saved, 5 skipped (resume)
[10:04:26]     s0061 -> 0 saved, 5 skipped (resume)
[10:04:26]     s0062 -> 0 saved, 5 skipped (resume)
[10:04:26]     s0063 -> 0 saved, 5 skipped (resume)
[10:04:26]     s0064 -> 0 saved, 5 skipped (resume)
[10:04:26]     s0065 -> 0 saved, 5 skipped (resume)
[10:04:26]     s0066 -> 0 saved, 5 skipped (resume)
[10:04:26]     s0067 -> 0 saved, 5 skipped (resume)
[10:04:26]     s0068 -> 0 saved, 5 skipped (resume)
[10:04:26]     s0069 -> 0 saved, 5 skipped (resume)
[10:04:26]     s0070 -> 0 saved, 5 skipped (resume)
[10:04:26]     s0071 -> 0 saved, 5 skipped (resume)
[10:04:26]     s0072 -> 0 saved, 5 skipped (resume)
[10:04:26]     s0073 -> 0 saved, 5 skipped (resume)
[10:04:26]     s0074 -> 0 saved, 5 skipped (resume)
[10:04:26]     s0075 -> 0 saved, 5 skipped (resume)
[10:04:26]     s0076 -> 0 saved, 5 skipped (resume)
[10:04:26]     s0077 -> 0 saved, 5 skipped (resume)
[10:04:26]     s0078 -> 0 saved, 5 skipped (resume)
[10:04:26]     s0079 -> 0 saved, 5 skipped (resume)
[10:04:26]     s0080 -> 0 saved, 5 skipped (resume)
[10:04:26]     s0081 -> 0 saved, 5 skipped (resume)
[10:04:26]     s0082 -> 0 saved, 5 skipped (resume)
[10:04:26]     s0083 -> 0 saved, 5 skipped (resume)
[10:04:26]     s0084 -> 0 saved, 5 skipped (resume)
[10:04:26]     s0085 -> 0 saved, 5 skipped (resume)
[10:04:26]     s0086 -> 0 saved, 5 skipped (resume)
[10:04:26]     s0087 -> 0 saved, 5 skipped (resume)
[10:04:26]     s0088 -> 0 saved, 5 skipped (resume)
[10:04:26]     s0089 -> 0 saved, 5 skipped (resume)
[10:04:26]     s0090 -> 0 saved, 5 skipped (resume)
[10:04:26]     s0091 -> 0 saved, 5 skipped (resume)
[10:04:26]     s0092 -> 0 saved, 5 skipped (resume)
[10:04:26]     s0093 -> 0 saved, 5 skipped (resume)
[10:04:26]     s0094 -> 0 saved, 5 skipped (resume)
[10:04:26]     s0095 -> 0 saved, 5 skipped (resume)
[10:04:26]     s0096 -> 0 saved, 5 skipped (resume)
[10:04:26]     s0097 -> 0 saved, 5 skipped (resume)
[10:04:26]     s0098 -> 0 saved, 5 skipped (resume)
[10:04:26]     s0099 -> 0 saved, 5 skipped (resume)
[10:04:26]     s0100 -> 0 saved, 5 skipped (resume)
[10:04:26]     s0101 -> 0 saved, 5 skipped (resume)
[10:04:26]     s0102 -> 0 saved, 5 skipped (resume)
[10:04:26]     s0103 -> 0 saved, 5 skipped (resume)
[10:04:26]     s0104 -> 0 saved, 5 skipped (resume)
[10:04:26]     s0105 -> 0 saved, 5 skipped (resume)
[10:04:26]     s0106 -> 0 saved, 5 skipped (resume)
[10:04:26]     s0107 -> 0 saved, 5 skipped (resume)
[10:04:26]     s0108 -> 0 saved, 5 skipped (resume)
[10:04:26]     s0109 -> 0 saved, 5 skipped (resume)
[10:04:26]     s0110 -> 0 saved, 5 skipped (resume)
[10:04:26]     s0111 -> 0 saved, 5 skipped (resume)
[10:04:26]     s0112 -> 0 saved, 5 skipped (resume)
[10:04:26]     s0113 -> 0 saved, 5 skipped (resume)
[10:04:26]     s0114 -> 0 saved, 5 skipped (resume)
[10:04:26]     s0115 -> 0 saved, 5 skipped (resume)
[10:04:26]     s0116 -> 0 saved, 5 skipped (resume)
[10:04:26]     s0117 -> 0 saved, 5 skipped (resume)
[10:04:26]     s0118 -> 0 saved, 5 skipped (resume)
[10:04:26]     s0119 -> 0 saved, 5 skipped (resume)
[10:04:26]     s0120 -> 0 saved, 5 skipped (resume)
[10:04:26]     s0121 -> 0 saved, 5 skipped (resume)
[10:04:26]     s0122 -> 0 saved, 5 skipped (resume)
[10:04:26]     s0123 -> 0 saved, 5 skipped (resume)
[10:04:26]     s0124 -> 0 saved, 5 skipped (resume)
[10:04:26]     s0125 -> 0 saved, 5 skipped (resume)
[10:04:26]     s0126 -> 0 saved, 5 skipped (resume)
[10:04:26]     s0127 -> 0 saved, 5 skipped (resume)
[10:04:26]     s0128 -> 0 saved, 5 skipped (resume)
[10:04:26]     s0129 -> 0 saved, 5 skipped (resume)
[10:04:26]     s0130 -> 0 saved, 5 skipped (resume)
[10:04:26]     s0131 -> 0 saved, 5 skipped (resume)
[10:04:26]     s0132 -> 0 saved, 5 skipped (resume)
[10:04:26]     s0133 -> 0 saved, 5 skipped (resume)
[10:04:26]     s0134 -> 0 saved, 5 skipped (resume)
[10:04:26]     s0135 -> 0 saved, 5 skipped (resume)
[10:04:26]     s0136 -> 0 saved, 5 skipped (resume)
[10:04:26]     s0137 -> 0 saved, 5 skipped (resume)
[10:04:26]     s0138 -> 0 saved, 5 skipped (resume)
[10:04:26]     s0139 -> 0 saved, 5 skipped (resume)
[10:04:26]     s0140 -> 0 saved, 5 skipped (resume)
[10:04:26]     s0141 -> 0 saved, 5 skipped (resume)
[10:04:26]     s0142 -> 0 saved, 5 skipped (resume)
[10:04:26]     s0143 -> 0 saved, 5 skipped (resume)
[10:04:26]     s0144 -> 0 saved, 5 skipped (resume)
[10:04:26]     s0145 -> 0 saved, 5 skipped (resume)
[10:04:26]     s0146 -> 0 saved, 5 skipped (resume)
[10:04:26]     s0147 -> 0 saved, 5 skipped (resume)
[10:04:26]     s0148 -> 0 saved, 5 skipped (resume)
[10:04:26]     s0149 -> 0 saved, 5 skipped (resume)
[10:04:26]     s0150 -> 0 saved, 5 skipped (resume)
[10:04:26]     s0151 -> 0 saved, 5 skipped (resume)
[10:04:26]     s0152 -> 0 saved, 5 skipped (resume)
[10:04:26]     s0153 -> 0 saved, 5 skipped (resume)
[10:04:26]     s0154 -> 0 saved, 5 skipped (resume)
[10:04:26]     s0155 -> 0 saved, 5 skipped (resume)
[10:04:26]     s0156 -> 0 saved, 5 skipped (resume)
[10:04:26]     s0157 -> 0 saved, 5 skipped (resume)
[10:04:26]     s0158 -> 0 saved, 5 skipped (resume)
[10:04:26]     s0159 -> 0 saved, 5 skipped (resume)
[10:04:26]     s0160 -> 0 saved, 5 skipped (resume)
[10:04:26]     s0161 -> 0 saved, 5 skipped (resume)
[10:04:26]     s0162 -> 0 saved, 5 skipped (resume)
[10:04:26]     s0163 -> 0 saved, 5 skipped (resume)
[10:04:26]     s0164 -> 0 saved, 5 skipped (resume)
[10:04:26]     s0165 -> 0 saved, 5 skipped (resume)
[10:04:26]     s0166 -> 0 saved, 5 skipped (resume)
[10:04:26]     s0167 -> 0 saved, 5 skipped (resume)
[10:04:26]     s0168 -> 0 saved, 5 skipped (resume)
[10:04:26]     s0169 -> 0 saved, 5 skipped (resume)
[10:04:26]     s0170 -> 0 saved, 5 skipped (resume)
[10:04:26]     s0171 -> 0 saved, 5 skipped (resume)
[10:04:26]     s0172 -> 0 saved, 5 skipped (resume)
[10:04:26]     s0173 -> 0 saved, 5 skipped (resume)
[10:04:26]     s0174 -> 0 saved, 5 skipped (resume)
[10:04:26]     s0175 -> 0 saved, 5 skipped (resume)
[10:04:26]     s0176 -> 0 saved, 5 skipped (resume)
[10:04:26]     s0177 -> 0 saved, 5 skipped (resume)
[10:04:26]     s0178 -> 0 saved, 5 skipped (resume)
[10:04:26]     s0179 -> 0 saved, 5 skipped (resume)
[10:04:26]     s0180 -> 0 saved, 5 skipped (resume)
[10:04:26]     s0181 -> 0 saved, 5 skipped (resume)
[10:04:26]     s0182 -> 0 saved, 5 skipped (resume)
[10:04:26]     s0183 -> 0 saved, 5 skipped (resume)
[10:04:26]     s0184 -> 0 saved, 5 skipped (resume)
[10:04:26]     s0185 -> 0 saved, 5 skipped (resume)
[10:04:26]     s0186 -> 0 saved, 5 skipped (resume)
[10:04:26]     s0187 -> 0 saved, 5 skipped (resume)
[10:04:26]     s0188 -> 0 saved, 5 skipped (resume)
[10:04:26]     s0189 -> 0 saved, 5 skipped (resume)
[10:04:26]     s0190 -> 0 saved, 5 skipped (resume)
[10:04:26]     s0191 -> 0 saved, 5 skipped (resume)
[10:04:26]     s0192 -> 0 saved, 5 skipped (resume)
[10:04:26]     s0193 -> 0 saved, 5 skipped (resume)
[10:04:26]     s0194 -> 0 saved, 5 skipped (resume)
[10:04:26]     s0195 -> 0 saved, 5 skipped (resume)
[10:04:26]     s0196 -> 0 saved, 5 skipped (resume)
[10:04:26]     s0197 -> 0 saved, 5 skipped (resume)
[10:04:26]     s0198 -> 0 saved, 5 skipped (resume)
[10:04:26]     s0199 -> 0 saved, 5 skipped (resume)
[10:04:26]   lfm2.5-thinking:latest × spa_Latn (200 samples)
[10:04:26]     s0000 -> 0 saved, 5 skipped (resume)
[10:04:26]     s0001 -> 0 saved, 5 skipped (resume)
[10:04:26]     s0002 -> 0 saved, 5 skipped (resume)
[10:04:26]     s0003 -> 0 saved, 5 skipped (resume)
[10:04:26]     s0004 -> 0 saved, 5 skipped (resume)
[10:04:26]     s0005 -> 0 saved, 5 skipped (resume)
[10:04:26]     s0006 -> 0 saved, 5 skipped (resume)
[10:04:26]     s0007 -> 0 saved, 5 skipped (resume)
[10:04:26]     s0008 -> 0 saved, 5 skipped (resume)
[10:04:26]     s0009 -> 0 saved, 5 skipped (resume)
[10:04:26]     s0010 -> 0 saved, 5 skipped (resume)
[10:04:26]     s0011 -> 0 saved, 5 skipped (resume)
[10:04:26]     s0012 -> 0 saved, 5 skipped (resume)
[10:04:26]     s0013 -> 0 saved, 5 skipped (resume)
[10:04:26]     s0014 -> 0 saved, 5 skipped (resume)
[10:04:26]     s0015 -> 0 saved, 5 skipped (resume)
[10:04:26]     s0016 -> 0 saved, 5 skipped (resume)
[10:04:26]     s0017 -> 0 saved, 5 skipped (resume)
[10:04:26]     s0018 -> 0 saved, 5 skipped (resume)
[10:04:26]     s0019 -> 0 saved, 5 skipped (resume)
[10:04:26]     s0020 -> 0 saved, 5 skipped (resume)
[10:04:26]     s0021 -> 0 saved, 5 skipped (resume)
[10:04:26]     s0022 -> 0 saved, 5 skipped (resume)
[10:04:26]     s0023 -> 0 saved, 5 skipped (resume)
[10:04:26]     s0024 -> 0 saved, 5 skipped (resume)
[10:04:26]     s0025 -> 0 saved, 5 skipped (resume)
[10:04:26]     s0026 -> 0 saved, 5 skipped (resume)
[10:04:26]     s0027 -> 0 saved, 5 skipped (resume)
[10:04:26]     s0028 -> 0 saved, 5 skipped (resume)
[10:04:26]     s0029 -> 0 saved, 5 skipped (resume)
[10:04:26]     s0030 -> 0 saved, 5 skipped (resume)
[10:04:26]     s0031 -> 0 saved, 5 skipped (resume)
[10:04:26]     s0032 -> 0 saved, 5 skipped (resume)
[10:04:26]     s0033 -> 0 saved, 5 skipped (resume)
[10:04:26]     s0034 -> 0 saved, 5 skipped (resume)
[10:04:26]     s0035 -> 0 saved, 5 skipped (resume)
[10:04:26]     s0036 -> 0 saved, 5 skipped (resume)
[10:04:26]     s0037 -> 0 saved, 5 skipped (resume)
[10:04:26]     s0038 -> 0 saved, 5 skipped (resume)
[10:04:26]     s0039 -> 0 saved, 5 skipped (resume)
[10:04:26]     s0040 -> 0 saved, 5 skipped (resume)
[10:04:26]     s0041 -> 0 saved, 5 skipped (resume)
[10:04:26]     s0042 -> 0 saved, 5 skipped (resume)
[10:04:26]     s0043 -> 0 saved, 5 skipped (resume)
[10:04:26]     s0044 -> 0 saved, 5 skipped (resume)
[10:04:26]     s0045 -> 0 saved, 5 skipped (resume)
[10:04:26]     s0046 -> 0 saved, 5 skipped (resume)
[10:04:26]     s0047 -> 0 saved, 5 skipped (resume)
[10:04:26]     s0048 -> 0 saved, 5 skipped (resume)
[10:04:26]     s0049 -> 0 saved, 5 skipped (resume)
[10:04:26]     s0050 -> 0 saved, 5 skipped (resume)
[10:04:26]     s0051 -> 0 saved, 5 skipped (resume)
[10:04:26]     s0052 -> 0 saved, 5 skipped (resume)
[10:04:26]     s0053 -> 0 saved, 5 skipped (resume)
[10:04:26]     s0054 -> 0 saved, 5 skipped (resume)
[10:04:26]     s0055 -> 0 saved, 5 skipped (resume)
[10:04:26]     s0056 -> 0 saved, 5 skipped (resume)
[10:04:26]     s0057 -> 0 saved, 5 skipped (resume)
[10:04:26]     s0058 -> 0 saved, 5 skipped (resume)
[10:04:26]     s0059 -> 0 saved, 5 skipped (resume)
[10:04:26]     s0060 -> 0 saved, 5 skipped (resume)
[10:04:26]     s0061 -> 0 saved, 5 skipped (resume)
[10:04:26]     s0062 -> 0 saved, 5 skipped (resume)
[10:04:26]     s0063 -> 0 saved, 5 skipped (resume)
[10:04:26]     s0064 -> 0 saved, 5 skipped (resume)
[10:04:26]     s0065 -> 0 saved, 5 skipped (resume)
[10:04:26]     s0066 -> 0 saved, 5 skipped (resume)
[10:04:26]     s0067 -> 0 saved, 5 skipped (resume)
[10:04:26]     s0068 -> 0 saved, 5 skipped (resume)
[10:04:26]     s0069 -> 0 saved, 5 skipped (resume)
[10:04:26]     s0070 -> 0 saved, 5 skipped (resume)
[10:04:26]     s0071 -> 0 saved, 5 skipped (resume)
[10:04:26]     s0072 -> 0 saved, 5 skipped (resume)
[10:04:26]     s0073 -> 0 saved, 5 skipped (resume)
[10:04:26]     s0074 -> 0 saved, 5 skipped (resume)
[10:04:26]     s0075 -> 0 saved, 5 skipped (resume)
[10:04:26]     s0076 -> 0 saved, 5 skipped (resume)
[10:04:26]     s0077 -> 0 saved, 5 skipped (resume)
[10:04:26]     s0078 -> 0 saved, 5 skipped (resume)
[10:04:26]     s0079 -> 0 saved, 5 skipped (resume)
[10:04:26]     s0080 -> 0 saved, 5 skipped (resume)
[10:04:26]     s0081 -> 0 saved, 5 skipped (resume)
[10:04:26]     s0082 -> 0 saved, 5 skipped (resume)
[10:04:26]     s0083 -> 0 saved, 5 skipped (resume)
[10:04:26]     s0084 -> 0 saved, 5 skipped (resume)
[10:04:26]     s0085 -> 0 saved, 5 skipped (resume)
[10:04:26]     s0086 -> 0 saved, 5 skipped (resume)
[10:04:26]     s0087 -> 0 saved, 5 skipped (resume)
[10:04:26]     s0088 -> 0 saved, 5 skipped (resume)
[10:04:26]     s0089 -> 0 saved, 5 skipped (resume)
[10:04:26]     s0090 -> 0 saved, 5 skipped (resume)
[10:04:26]     s0091 -> 0 saved, 5 skipped (resume)
[10:04:26]     s0092 -> 0 saved, 5 skipped (resume)
[10:04:26]     s0093 -> 0 saved, 5 skipped (resume)
[10:04:26]     s0094 -> 0 saved, 5 skipped (resume)
[10:04:26]     s0095 -> 0 saved, 5 skipped (resume)
[10:04:26]     s0096 -> 0 saved, 5 skipped (resume)
[10:04:26]     s0097 -> 0 saved, 5 skipped (resume)
[10:04:26]     s0098 -> 0 saved, 5 skipped (resume)
[10:04:26]     s0099 -> 0 saved, 5 skipped (resume)
[10:04:26]     s0100 -> 0 saved, 5 skipped (resume)
[10:04:26]     s0101 -> 0 saved, 5 skipped (resume)
[10:04:26]     s0102 -> 0 saved, 5 skipped (resume)
[10:04:26]     s0103 -> 0 saved, 5 skipped (resume)
[10:04:26]     s0104 -> 0 saved, 5 skipped (resume)
[10:04:26]     s0105 -> 0 saved, 5 skipped (resume)
[10:04:26]     s0106 -> 0 saved, 5 skipped (resume)
[10:04:26]     s0107 -> 0 saved, 5 skipped (resume)
[10:04:26]     s0108 -> 0 saved, 5 skipped (resume)
[10:04:26]     s0109 -> 0 saved, 5 skipped (resume)
[10:04:26]     s0110 -> 0 saved, 5 skipped (resume)
[10:04:26]     s0111 -> 0 saved, 5 skipped (resume)
[10:04:26]     s0112 -> 0 saved, 5 skipped (resume)
[10:04:26]     s0113 -> 0 saved, 5 skipped (resume)
[10:04:26]     s0114 -> 0 saved, 5 skipped (resume)
[10:04:26]     s0115 -> 0 saved, 5 skipped (resume)
[10:04:26]     s0116 -> 0 saved, 5 skipped (resume)
[10:04:26]     s0117 -> 0 saved, 5 skipped (resume)
[10:04:26]     s0118 -> 0 saved, 5 skipped (resume)
[10:04:26]     s0119 -> 0 saved, 5 skipped (resume)
[10:04:26]     s0120 -> 0 saved, 5 skipped (resume)
[10:04:26]     s0121 -> 0 saved, 5 skipped (resume)
[10:04:26]     s0122 -> 0 saved, 5 skipped (resume)
[10:04:26]     s0123 -> 0 saved, 5 skipped (resume)
[10:04:26]     s0124 -> 0 saved, 5 skipped (resume)
[10:04:26]     s0125 -> 0 saved, 5 skipped (resume)
[10:04:26]     s0126 -> 0 saved, 5 skipped (resume)
[10:04:26]     s0127 -> 0 saved, 5 skipped (resume)
[10:04:26]     s0128 -> 0 saved, 5 skipped (resume)
[10:04:26]     s0129 -> 0 saved, 5 skipped (resume)
[10:04:26]     s0130 -> 0 saved, 5 skipped (resume)
[10:04:26]     s0131 -> 0 saved, 5 skipped (resume)
[10:04:26]     s0132 -> 0 saved, 5 skipped (resume)
[10:04:26]     s0133 -> 0 saved, 5 skipped (resume)
[10:04:26]     s0134 -> 0 saved, 5 skipped (resume)
[10:04:26]     s0135 -> 0 saved, 5 skipped (resume)
[10:04:26]     s0136 -> 0 saved, 5 skipped (resume)
[10:04:26]     s0137 -> 0 saved, 5 skipped (resume)
[10:04:26]     s0138 -> 0 saved, 5 skipped (resume)
[10:04:26]     s0139 -> 0 saved, 5 skipped (resume)
[10:04:26]     s0140 -> 0 saved, 5 skipped (resume)
[10:04:26]     s0141 -> 0 saved, 5 skipped (resume)
[10:04:26]     s0142 -> 0 saved, 5 skipped (resume)
[10:04:26]     s0143 -> 0 saved, 5 skipped (resume)
[10:04:26]     s0144 -> 0 saved, 5 skipped (resume)
[10:04:26]     s0145 -> 0 saved, 5 skipped (resume)
[10:04:26]     s0146 -> 0 saved, 5 skipped (resume)
[10:04:26]     s0147 -> 0 saved, 5 skipped (resume)
[10:04:26]     s0148 -> 0 saved, 5 skipped (resume)
[10:04:26]     s0149 -> 0 saved, 5 skipped (resume)
[10:04:26]     s0150 -> 0 saved, 5 skipped (resume)
[10:04:26]     s0151 -> 0 saved, 5 skipped (resume)
[10:04:26]     s0152 -> 0 saved, 5 skipped (resume)
[10:04:26]     s0153 -> 0 saved, 5 skipped (resume)
[10:04:26]     s0154 -> 0 saved, 5 skipped (resume)
[10:04:26]     s0155 -> 0 saved, 5 skipped (resume)
[10:04:26]     s0156 -> 0 saved, 5 skipped (resume)
[10:04:26]     s0157 -> 0 saved, 5 skipped (resume)
[10:04:26]     s0158 -> 0 saved, 5 skipped (resume)
[10:04:26]     s0159 -> 0 saved, 5 skipped (resume)
[10:04:26]     s0160 -> 0 saved, 5 skipped (resume)
[10:04:26]     s0161 -> 0 saved, 5 skipped (resume)
[10:04:26]     s0162 -> 0 saved, 5 skipped (resume)
[10:04:26]     s0163 -> 0 saved, 5 skipped (resume)
[10:04:26]     s0164 -> 0 saved, 5 skipped (resume)
[10:04:26]     s0165 -> 0 saved, 5 skipped (resume)
[10:04:26]     s0166 -> 0 saved, 5 skipped (resume)
[10:04:26]     s0167 -> 0 saved, 5 skipped (resume)
[10:04:26]     s0168 -> 0 saved, 5 skipped (resume)
[10:04:26]     s0169 -> 0 saved, 5 skipped (resume)
[10:04:26]     s0170 -> 0 saved, 5 skipped (resume)
[10:04:26]     s0171 -> 0 saved, 5 skipped (resume)
[10:04:26]     s0172 -> 0 saved, 5 skipped (resume)
[10:04:26]     s0173 -> 0 saved, 5 skipped (resume)
[10:04:26]     s0174 -> 0 saved, 5 skipped (resume)
[10:04:26]     s0175 -> 0 saved, 5 skipped (resume)
[10:04:26]     s0176 -> 0 saved, 5 skipped (resume)
[10:04:26]     s0177 -> 0 saved, 5 skipped (resume)
[10:04:26]     s0178 -> 0 saved, 5 skipped (resume)
[10:04:26]     s0179 -> 0 saved, 5 skipped (resume)
[10:04:26]     s0180 -> 0 saved, 5 skipped (resume)
[10:04:26]     s0181 -> 0 saved, 5 skipped (resume)
[10:04:26]     s0182 -> 0 saved, 5 skipped (resume)
[10:04:26]     s0183 -> 0 saved, 5 skipped (resume)
[10:04:26]     s0184 -> 0 saved, 5 skipped (resume)
[10:04:26]     s0185 -> 0 saved, 5 skipped (resume)
[10:04:26]     s0186 -> 0 saved, 5 skipped (resume)
[10:04:26]     s0187 -> 0 saved, 5 skipped (resume)
[10:04:26]     s0188 -> 0 saved, 5 skipped (resume)
[10:04:26]     s0189 -> 0 saved, 5 skipped (resume)
[10:04:26]     s0190 -> 0 saved, 5 skipped (resume)
[10:04:26]     s0191 -> 0 saved, 5 skipped (resume)
[10:04:26]     s0192 -> 0 saved, 5 skipped (resume)
[10:04:26]     s0193 -> 0 saved, 5 skipped (resume)
[10:04:26]     s0194 -> 0 saved, 5 skipped (resume)
[10:04:26]     s0195 -> 0 saved, 5 skipped (resume)
[10:04:26]     s0196 -> 0 saved, 5 skipped (resume)
[10:04:26]     s0197 -> 0 saved, 5 skipped (resume)
[10:04:26]     s0198 -> 0 saved, 5 skipped (resume)
[10:04:26]     s0199 -> 0 saved, 5 skipped (resume)
[10:04:26]   lfm2.5-thinking:latest × fra_Latn (200 samples)
[10:04:26]     s0000 -> 0 saved, 5 skipped (resume)
[10:04:26]     s0001 -> 0 saved, 5 skipped (resume)
[10:04:26]     s0002 -> 0 saved, 5 skipped (resume)
[10:04:26]     s0003 -> 0 saved, 5 skipped (resume)
[10:04:26]     s0004 -> 0 saved, 5 skipped (resume)
[10:04:26]     s0005 -> 0 saved, 5 skipped (resume)
[10:04:26]     s0006 -> 0 saved, 5 skipped (resume)
[10:04:26]     s0007 -> 0 saved, 5 skipped (resume)
[10:04:26]     s0008 -> 0 saved, 5 skipped (resume)
[10:04:26]     s0009 -> 0 saved, 5 skipped (resume)
[10:04:26]     s0010 -> 0 saved, 5 skipped (resume)
[10:04:26]     s0011 -> 0 saved, 5 skipped (resume)
[10:04:26]     s0012 -> 0 saved, 5 skipped (resume)
[10:04:26]     s0013 -> 0 saved, 5 skipped (resume)
[10:04:26]     s0014 -> 0 saved, 5 skipped (resume)
[10:04:26]     s0015 -> 0 saved, 5 skipped (resume)
[10:04:26]     s0016 -> 0 saved, 5 skipped (resume)
[10:04:26]     s0017 -> 0 saved, 5 skipped (resume)
[10:04:26]     s0018 -> 0 saved, 5 skipped (resume)
[10:04:26]     s0019 -> 0 saved, 5 skipped (resume)
[10:04:26]     s0020 -> 0 saved, 5 skipped (resume)
[10:04:26]     s0021 -> 0 saved, 5 skipped (resume)
[10:04:26]     s0022 -> 0 saved, 5 skipped (resume)
[10:04:26]     s0023 -> 0 saved, 5 skipped (resume)
[10:04:26]     s0024 -> 0 saved, 5 skipped (resume)
[10:04:26]     s0025 -> 0 saved, 5 skipped (resume)
[10:04:26]     s0026 -> 0 saved, 5 skipped (resume)
[10:04:26]     s0027 -> 0 saved, 5 skipped (resume)
[10:04:26]     s0028 -> 0 saved, 5 skipped (resume)
[10:04:26]     s0029 -> 0 saved, 5 skipped (resume)
[10:04:26]     s0030 -> 0 saved, 5 skipped (resume)
[10:04:26]     s0031 -> 0 saved, 5 skipped (resume)
[10:04:26]     s0032 -> 0 saved, 5 skipped (resume)
[10:04:26]     s0033 -> 0 saved, 5 skipped (resume)
[10:04:26]     s0034 -> 0 saved, 5 skipped (resume)
[10:04:26]     s0035 -> 0 saved, 5 skipped (resume)
[10:04:26]     s0036 -> 0 saved, 5 skipped (resume)
[10:04:26]     s0037 -> 0 saved, 5 skipped (resume)
[10:04:26]     s0038 -> 0 saved, 5 skipped (resume)
[10:04:26]     s0039 -> 0 saved, 5 skipped (resume)
[10:04:26]     s0040 -> 0 saved, 5 skipped (resume)
[10:04:26]     s0041 -> 0 saved, 5 skipped (resume)
[10:04:26]     s0042 -> 0 saved, 5 skipped (resume)
[10:04:26]     s0043 -> 0 saved, 5 skipped (resume)
[10:04:26]     s0044 -> 0 saved, 5 skipped (resume)
[10:04:26]     s0045 -> 0 saved, 5 skipped (resume)
[10:04:26]     s0046 -> 0 saved, 5 skipped (resume)
[10:04:26]     s0047 -> 0 saved, 5 skipped (resume)
[10:04:26]     s0048 -> 0 saved, 5 skipped (resume)
[10:04:26]     s0049 -> 0 saved, 5 skipped (resume)
[10:04:26]     s0050 -> 0 saved, 5 skipped (resume)
[10:04:26]     s0051 -> 0 saved, 5 skipped (resume)
[10:04:26]     s0052 -> 0 saved, 5 skipped (resume)
[10:04:26]     s0053 -> 0 saved, 5 skipped (resume)
[10:04:26]     s0054 -> 0 saved, 5 skipped (resume)
[10:04:26]     s0055 -> 0 saved, 5 skipped (resume)
[10:04:26]     s0056 -> 0 saved, 5 skipped (resume)
[10:04:26]     s0057 -> 0 saved, 5 skipped (resume)
[10:04:26]     s0058 -> 0 saved, 5 skipped (resume)
[10:04:26]     s0059 -> 0 saved, 5 skipped (resume)
[10:04:26]     s0060 -> 0 saved, 5 skipped (resume)
[10:04:26]     s0061 -> 0 saved, 5 skipped (resume)
[10:04:26]     s0062 -> 0 saved, 5 skipped (resume)
[10:04:26]     s0063 -> 0 saved, 5 skipped (resume)
[10:04:26]     s0064 -> 0 saved, 5 skipped (resume)
[10:04:26]     s0065 -> 0 saved, 5 skipped (resume)
[10:04:26]     s0066 -> 0 saved, 5 skipped (resume)
[10:04:26]     s0067 -> 0 saved, 5 skipped (resume)
[10:04:26]     s0068 -> 0 saved, 5 skipped (resume)
[10:04:26]     s0069 -> 0 saved, 5 skipped (resume)
[10:04:26]     s0070 -> 0 saved, 5 skipped (resume)
[10:04:26]     s0071 -> 0 saved, 5 skipped (resume)
[10:04:26]     s0072 -> 0 saved, 5 skipped (resume)
[10:04:26]     s0073 -> 0 saved, 5 skipped (resume)
[10:04:26]     s0074 -> 0 saved, 5 skipped (resume)
[10:04:26]     s0075 -> 0 saved, 5 skipped (resume)
[10:04:26]     s0076 -> 0 saved, 5 skipped (resume)
[10:04:26]     s0077 -> 0 saved, 5 skipped (resume)
[10:04:26]     s0078 -> 0 saved, 5 skipped (resume)
[10:04:26]     s0079 -> 0 saved, 5 skipped (resume)
[10:04:26]     s0080 -> 0 saved, 5 skipped (resume)
[10:04:26]     s0081 -> 0 saved, 5 skipped (resume)
[10:04:26]     s0082 -> 0 saved, 5 skipped (resume)
[10:04:26]     s0083 -> 0 saved, 5 skipped (resume)
[10:04:26]     s0084 -> 0 saved, 5 skipped (resume)
[10:04:26]     s0085 -> 0 saved, 5 skipped (resume)
[10:04:26]     s0086 -> 0 saved, 5 skipped (resume)
[10:04:26]     s0087 -> 0 saved, 5 skipped (resume)
[10:04:26]     s0088 -> 0 saved, 5 skipped (resume)
[10:04:26]     s0089 -> 0 saved, 5 skipped (resume)
[10:04:26]     s0090 -> 0 saved, 5 skipped (resume)
[10:04:26]     s0091 -> 0 saved, 5 skipped (resume)
[10:04:26]     s0092 -> 0 saved, 5 skipped (resume)
[10:04:26]     s0093 -> 0 saved, 5 skipped (resume)
[10:04:26]     s0094 -> 0 saved, 5 skipped (resume)
[10:04:26]     s0095 -> 0 saved, 5 skipped (resume)
[10:04:26]     s0096 -> 0 saved, 5 skipped (resume)
[10:04:26]     s0097 -> 0 saved, 5 skipped (resume)
[10:04:26]     s0098 -> 0 saved, 5 skipped (resume)
[10:04:26]     s0099 -> 0 saved, 5 skipped (resume)
[10:04:26]     s0100 -> 0 saved, 5 skipped (resume)
[10:04:26]     s0101 -> 0 saved, 5 skipped (resume)
[10:04:26]     s0102 -> 0 saved, 5 skipped (resume)
[10:04:26]     s0103 -> 0 saved, 5 skipped (resume)
[10:04:26]     s0104 -> 0 saved, 5 skipped (resume)
[10:04:26]     s0105 -> 0 saved, 5 skipped (resume)
[10:04:26]     s0106 -> 0 saved, 5 skipped (resume)
[10:04:26]     s0107 -> 0 saved, 5 skipped (resume)
[10:04:26]     s0108 -> 0 saved, 5 skipped (resume)
[10:04:26]     s0109 -> 0 saved, 5 skipped (resume)
[10:04:26]     s0110 -> 0 saved, 5 skipped (resume)
[10:04:26]     s0111 -> 0 saved, 5 skipped (resume)
[10:04:26]     s0112 -> 0 saved, 5 skipped (resume)
[10:04:26]     s0113 -> 0 saved, 5 skipped (resume)
[10:04:26]     s0114 -> 0 saved, 5 skipped (resume)
[10:04:26]     s0115 -> 0 saved, 5 skipped (resume)
[10:04:26]     s0116 -> 0 saved, 5 skipped (resume)
[10:04:26]     s0117 -> 0 saved, 5 skipped (resume)
[10:04:26]     s0118 -> 0 saved, 5 skipped (resume)
[10:04:26]     s0119 -> 0 saved, 5 skipped (resume)
[10:04:26]     s0120 -> 0 saved, 5 skipped (resume)
[10:04:26]     s0121 -> 0 saved, 5 skipped (resume)
[10:04:26]     s0122 -> 0 saved, 5 skipped (resume)
[10:04:26]     s0123 -> 0 saved, 5 skipped (resume)
[10:04:26]     s0124 -> 0 saved, 5 skipped (resume)
[10:04:26]     s0125 -> 0 saved, 5 skipped (resume)
[10:04:26]     s0126 -> 0 saved, 5 skipped (resume)
[10:04:26]     s0127 -> 0 saved, 5 skipped (resume)
[10:04:26]     s0128 -> 0 saved, 5 skipped (resume)
[10:04:26]     s0129 -> 0 saved, 5 skipped (resume)
[10:04:26]     s0130 -> 0 saved, 5 skipped (resume)
[10:04:26]     s0131 -> 0 saved, 5 skipped (resume)
[10:04:26]     s0132 -> 0 saved, 5 skipped (resume)
[10:04:26]     s0133 -> 0 saved, 5 skipped (resume)
[10:04:26]     s0134 -> 0 saved, 5 skipped (resume)
[10:04:26]     s0135 -> 0 saved, 5 skipped (resume)
[10:04:26]     s0136 -> 0 saved, 5 skipped (resume)
[10:04:26]     s0137 -> 0 saved, 5 skipped (resume)
[10:04:26]     s0138 -> 0 saved, 5 skipped (resume)
[10:04:26]     s0139 -> 0 saved, 5 skipped (resume)
[10:04:26]     s0140 -> 0 saved, 5 skipped (resume)
[10:04:26]     s0141 -> 0 saved, 5 skipped (resume)
[10:04:26]     s0142 -> 0 saved, 5 skipped (resume)
[10:04:26]     s0143 -> 0 saved, 5 skipped (resume)
[10:04:26]     s0144 -> 0 saved, 5 skipped (resume)
[10:04:26]     s0145 -> 0 saved, 5 skipped (resume)
[10:04:26]     s0146 -> 0 saved, 5 skipped (resume)
[10:04:26]     s0147 -> 0 saved, 5 skipped (resume)
[10:04:26]     s0148 -> 0 saved, 5 skipped (resume)
[10:04:26]     s0149 -> 0 saved, 5 skipped (resume)
[10:04:26]     s0150 -> 0 saved, 5 skipped (resume)
[10:04:26]     s0151 -> 0 saved, 5 skipped (resume)
[10:04:26]     s0152 -> 0 saved, 5 skipped (resume)
[10:04:26]     s0153 -> 0 saved, 5 skipped (resume)
[10:04:26]     s0154 -> 0 saved, 5 skipped (resume)
[10:04:26]     s0155 -> 0 saved, 5 skipped (resume)
[10:04:26]     s0156 -> 0 saved, 5 skipped (resume)
[10:04:26]     s0157 -> 0 saved, 5 skipped (resume)
[10:04:26]     s0158 -> 0 saved, 5 skipped (resume)
[10:04:26]     s0159 -> 0 saved, 5 skipped (resume)
[10:04:26]     s0160 -> 0 saved, 5 skipped (resume)
[10:04:26]     s0161 -> 0 saved, 5 skipped (resume)
[10:04:26]     s0162 -> 0 saved, 5 skipped (resume)
[10:04:26]     s0163 -> 0 saved, 5 skipped (resume)
[10:04:26]     s0164 -> 0 saved, 5 skipped (resume)
[10:04:26]     s0165 -> 0 saved, 5 skipped (resume)
[10:04:26]     s0166 -> 0 saved, 5 skipped (resume)
[10:04:26]     s0167 -> 0 saved, 5 skipped (resume)
[10:04:26]     s0168 -> 0 saved, 5 skipped (resume)
[10:04:26]     s0169 -> 0 saved, 5 skipped (resume)
[10:04:26]     s0170 -> 0 saved, 5 skipped (resume)
[10:04:26]     s0171 -> 0 saved, 5 skipped (resume)
[10:04:26]     s0172 -> 0 saved, 5 skipped (resume)
[10:04:26]     s0173 -> 0 saved, 5 skipped (resume)
[10:04:26]     s0174 -> 0 saved, 5 skipped (resume)
[10:04:26]     s0175 -> 0 saved, 5 skipped (resume)
[10:04:26]     s0176 -> 0 saved, 5 skipped (resume)
[10:04:26]     s0177 -> 0 saved, 5 skipped (resume)
[10:04:26]     s0178 -> 0 saved, 5 skipped (resume)
[10:04:26]     s0179 -> 0 saved, 5 skipped (resume)
[10:04:26]     s0180 -> 0 saved, 5 skipped (resume)
[10:04:26]     s0181 -> 0 saved, 5 skipped (resume)
[10:04:26]     s0182 -> 0 saved, 5 skipped (resume)
[10:04:26]     s0183 -> 0 saved, 5 skipped (resume)
[10:04:26]     s0184 -> 0 saved, 5 skipped (resume)
[10:04:26]     s0185 -> 0 saved, 5 skipped (resume)
[10:04:26]     s0186 -> 0 saved, 5 skipped (resume)
[10:04:26]     s0187 -> 0 saved, 5 skipped (resume)
[10:04:26]     s0188 -> 0 saved, 5 skipped (resume)
[10:04:26]     s0189 -> 0 saved, 5 skipped (resume)
[10:04:26]     s0190 -> 0 saved, 5 skipped (resume)
[10:04:26]     s0191 -> 0 saved, 5 skipped (resume)
[10:04:26]     s0192 -> 0 saved, 5 skipped (resume)
[10:04:26]     s0193 -> 0 saved, 5 skipped (resume)
[10:04:26]     s0194 -> 0 saved, 5 skipped (resume)
[10:04:26]     s0195 -> 0 saved, 5 skipped (resume)
[10:04:26]     s0196 -> 0 saved, 5 skipped (resume)
[10:04:26]     s0197 -> 0 saved, 5 skipped (resume)
[10:04:26]     s0198 -> 0 saved, 5 skipped (resume)
[10:04:26]     s0199 -> 0 saved, 5 skipped (resume)
[10:04:26]   lfm2.5-thinking:latest × deu_Latn (200 samples)
[10:04:26]     s0000 -> 0 saved, 5 skipped (resume)
[10:04:26]     s0001 -> 0 saved, 5 skipped (resume)
[10:04:26]     s0002 -> 0 saved, 5 skipped (resume)
[10:04:26]     s0003 -> 0 saved, 5 skipped (resume)
[10:04:26]     s0004 -> 0 saved, 5 skipped (resume)
[10:04:26]     s0005 -> 0 saved, 5 skipped (resume)
[10:04:26]     s0006 -> 0 saved, 5 skipped (resume)
[10:04:26]     s0007 -> 0 saved, 5 skipped (resume)
[10:04:26]     s0008 -> 0 saved, 5 skipped (resume)
[10:04:26]     s0009 -> 0 saved, 5 skipped (resume)
[10:04:26]     s0010 -> 0 saved, 5 skipped (resume)
[10:04:26]     s0011 -> 0 saved, 5 skipped (resume)
[10:04:26]     s0012 -> 0 saved, 5 skipped (resume)
[10:04:26]     s0013 -> 0 saved, 5 skipped (resume)
[10:04:26]     s0014 -> 0 saved, 5 skipped (resume)
[10:04:26]     s0015 -> 0 saved, 5 skipped (resume)
[10:04:26]     s0016 -> 0 saved, 5 skipped (resume)
[10:04:26]     s0017 -> 0 saved, 5 skipped (resume)
[10:04:26]     s0018 -> 0 saved, 5 skipped (resume)
[10:04:26]     s0019 -> 0 saved, 5 skipped (resume)
[10:04:26]     s0020 -> 0 saved, 5 skipped (resume)
[10:04:26]     s0021 -> 0 saved, 5 skipped (resume)
[10:04:26]     s0022 -> 0 saved, 5 skipped (resume)
[10:04:26]     s0023 -> 0 saved, 5 skipped (resume)
[10:04:26]     s0024 -> 0 saved, 5 skipped (resume)
[10:04:26]     s0025 -> 0 saved, 5 skipped (resume)
[10:04:26]     s0026 -> 0 saved, 5 skipped (resume)
[10:04:26]     s0027 -> 0 saved, 5 skipped (resume)
[10:04:26]     s0028 -> 0 saved, 5 skipped (resume)
[10:04:26]     s0029 -> 0 saved, 5 skipped (resume)
[10:04:26]     s0030 -> 0 saved, 5 skipped (resume)
[10:04:26]     s0031 -> 0 saved, 5 skipped (resume)
[10:04:26]     s0032 -> 0 saved, 5 skipped (resume)
[10:04:26]     s0033 -> 0 saved, 5 skipped (resume)
[10:04:26]     s0034 -> 0 saved, 5 skipped (resume)
[10:04:26]     s0035 -> 0 saved, 5 skipped (resume)
[10:04:26]     s0036 -> 0 saved, 5 skipped (resume)
[10:04:26]     s0037 -> 0 saved, 5 skipped (resume)
[10:04:26]     s0038 -> 0 saved, 5 skipped (resume)
[10:04:26]     s0039 -> 0 saved, 5 skipped (resume)
[10:04:26]     s0040 -> 0 saved, 5 skipped (resume)
[10:04:26]     s0041 -> 0 saved, 5 skipped (resume)
[10:04:26]     s0042 -> 0 saved, 5 skipped (resume)
[10:04:26]     s0043 -> 0 saved, 5 skipped (resume)
[10:04:26]     s0044 -> 0 saved, 5 skipped (resume)
[10:04:26]     s0045 -> 0 saved, 5 skipped (resume)
[10:04:26]     s0046 -> 0 saved, 5 skipped (resume)
[10:04:26]     s0047 -> 0 saved, 5 skipped (resume)
[10:04:48]     s0048 -> 3 saved, 2 skipped (resume)
[10:05:21]     s0049 -> 5 trials saved
[10:06:45]     s0050 -> 5 trials saved
[10:07:37]     s0051 -> 5 trials saved
[10:09:40]     s0052 -> 5 trials saved
[10:10:59]     s0053 -> 5 trials saved
[10:12:10]     s0054 -> 5 trials saved
[10:13:35]     s0055 -> 5 trials saved
[10:14:31]     s0056 -> 5 trials saved
[10:15:41]     s0057 -> 5 trials saved
[10:17:00]     s0058 -> 5 trials saved
[10:18:09]     s0059 -> 5 trials saved
[10:19:22]     s0060 -> 5 trials saved
[10:21:19]     s0061 -> 5 trials saved
[10:22:40]     s0062 -> 5 trials saved
[10:23:38]     s0063 -> 5 trials saved
[10:24:54]     s0064 -> 5 trials saved
[10:26:11]     s0065 -> 5 trials saved
[10:27:43]     s0066 -> 5 trials saved
[10:28:58]     s0067 -> 5 trials saved
[10:30:26]     s0068 -> 5 trials saved
[10:31:49]     s0069 -> 5 trials saved
[10:33:07]     s0070 -> 5 trials saved
[10:35:02]     s0071 -> 5 trials saved
[10:36:58]     s0072 -> 5 trials saved
[10:37:41]     s0073 -> 5 trials saved
[10:38:29]     s0074 -> 5 trials saved